#-----------------------------------------------------------
# Vivado v2025.2 (64-bit)
# SW Build 6299465 on Fri Nov 14 19:35:11 GMT 2025
# IP Build 6300035 on Fri Nov 14 10:48:45 MST 2025
# SharedData Build 6298862 on Thu Nov 13 04:50:51 MST 2025
# Start of session at: Mon Jun 22 06:25:01 2026
# Process ID         : 24572
# Current directory  : D:/GitHub/SW2
# Command line       : vivado.exe -gui_launcher_event rodinguilauncherevent24432 D:\GitHub\SW2\SW2.xpr
# Log file           : D:/GitHub/SW2/vivado.log
# Journal file       : D:/GitHub/SW2\vivado.jou
# Running On         : DESKTOP-FMR4U99
# Platform           : Windows Server 2016 or Windows 10
# Operating System   : 26200
# Processor Detail   : Intel(R) Core(TM) i3-8130U CPU @ 2.20GHz
# CPU Frequency      : 2208 MHz
# CPU Physical cores : 2
# CPU Logical cores  : 4
# Host memory        : 12781 MB
# Swap memory        : 3418 MB
# Total Virtual      : 16200 MB
# Available Virtual  : 4254 MB
#-----------------------------------------------------------
start_gui
WARNING: [Board 49-26] cannot add Board Part xilinx.com:ac701:part0:1.4 available at D:/Pobrane/AMDDesignTools/2025.2/data/xhub/boards\XilinxBoardStore\boards\Xilinx\ac701\1.4\board.xml as part xc7a200tfbg676-2 specified in board_part file is either invalid or not available
WARNING: [Board 49-26] cannot add Board Part xilinx.com:emb-plus-vpr-4616:part0:1.0 available at D:/Pobrane/AMDDesignTools/2025.2/data/xhub/boards\XilinxBoardStore\boards\Xilinx\emb-plus-vpr-4616\1.0\board.xml as part xcve2302-sfva784-2mp-e-s specified in board_part file is either invalid or not available
WARNING: [Board 49-26] cannot add Board Part xilinx.com:emb-plus-vpr-4616:part0:1.1 available at D:/Pobrane/AMDDesignTools/2025.2/data/xhub/boards\XilinxBoardStore\boards\Xilinx\emb-plus-vpr-4616\1.1\board.xml as part xcve2302-sfva784-2mp-e-s specified in board_part file is either invalid or not available
WARNING: [Board 49-26] cannot add Board Part xilinx.com:kc705:part0:1.6 available at D:/Pobrane/AMDDesignTools/2025.2/data/xhub/boards\XilinxBoardStore\boards\Xilinx\kc705\1.6\board.xml as part xc7k325tffg900-2 specified in board_part file is either invalid or not available
WARNING: [Board 49-26] cannot add Board Part xilinx.com:kc705:part0:1.7 available at D:/Pobrane/AMDDesignTools/2025.2/data/xhub/boards\XilinxBoardStore\boards\Xilinx\kc705\1.7\board.xml as part xc7k325tffg900-2 specified in board_part file is either invalid or not available
WARNING: [Board 49-26] cannot add Board Part xilinx.com:kcu105:part0:1.6 available at D:/Pobrane/AMDDesignTools/2025.2/data/xhub/boards\XilinxBoardStore\boards\Xilinx\kcu105\1.6\board.xml as part xcku040-ffva1156-2-e specified in board_part file is either invalid or not available
WARNING: [Board 49-26] cannot add Board Part xilinx.com:kcu105:part0:1.7 available at D:/Pobrane/AMDDesignTools/2025.2/data/xhub/boards\XilinxBoardStore\boards\Xilinx\kcu105\1.7\board.xml as part xcku040-ffva1156-2-e specified in board_part file is either invalid or not available
WARNING: [Board 49-26] cannot add Board Part xilinx.com:kcu116:part0:1.4 available at D:/Pobrane/AMDDesignTools/2025.2/data/xhub/boards\XilinxBoardStore\boards\Xilinx\kcu116\1.4\board.xml as part xcku5p-ffvb676-2-e specified in board_part file is either invalid or not available
WARNING: [Board 49-26] cannot add Board Part xilinx.com:kcu116:part0:1.5 available at D:/Pobrane/AMDDesignTools/2025.2/data/xhub/boards\XilinxBoardStore\boards\Xilinx\kcu116\1.5\board.xml as part xcku5p-ffvb676-2-e specified in board_part file is either invalid or not available
WARNING: [Board 49-26] cannot add Board Part xilinx.com:kcu1500:part0:1.2 available at D:/Pobrane/AMDDesignTools/2025.2/data/xhub/boards\XilinxBoardStore\boards\Xilinx\kcu1500\1.2\board.xml as part xcku115-flvb2104-2-e specified in board_part file is either invalid or not available
WARNING: [Board 49-26] cannot add Board Part xilinx.com:scu35:part0:1.0 available at D:/Pobrane/AMDDesignTools/2025.2/data/xhub/boards\XilinxBoardStore\boards\Xilinx\scu35\1.0\board.xml as part xcsu35p-sbvb625-2-e specified in board_part file is either invalid or not available
WARNING: [Board 49-26] cannot add Board Part xilinx.com:sp701:part0:1.0 available at D:/Pobrane/AMDDesignTools/2025.2/data/xhub/boards\XilinxBoardStore\boards\Xilinx\sp701\1.0\board.xml as part xc7s100fgga676-2 specified in board_part file is either invalid or not available
WARNING: [Board 49-26] cannot add Board Part xilinx.com:sp701:part0:1.1 available at D:/Pobrane/AMDDesignTools/2025.2/data/xhub/boards\XilinxBoardStore\boards\Xilinx\sp701\1.1\board.xml as part xc7s100fgga676-2 specified in board_part file is either invalid or not available
WARNING: [Board 49-26] cannot add Board Part xilinx.com:v80:part0:1.0 available at D:/Pobrane/AMDDesignTools/2025.2/data/xhub/boards\XilinxBoardStore\boards\Xilinx\v80\1.0\board.xml as part xcv80-lsva4737-2mhp-e-s specified in board_part file is either invalid or not available
WARNING: [Board 49-26] cannot add Board Part xilinx.com:vc707:part0:1.4 available at D:/Pobrane/AMDDesignTools/2025.2/data/xhub/boards\XilinxBoardStore\boards\Xilinx\vc707\1.4\board.xml as part xc7vx485tffg1761-2 specified in board_part file is either invalid or not available
WARNING: [Board 49-26] cannot add Board Part xilinx.com:vc707:part0:1.5 available at D:/Pobrane/AMDDesignTools/2025.2/data/xhub/boards\XilinxBoardStore\boards\Xilinx\vc707\1.5\board.xml as part xc7vx485tffg1761-2 specified in board_part file is either invalid or not available
WARNING: [Board 49-26] cannot add Board Part xilinx.com:vc709:part0:1.8 available at D:/Pobrane/AMDDesignTools/2025.2/data/xhub/boards\XilinxBoardStore\boards\Xilinx\vc709\1.8\board.xml as part xc7vx690tffg1761-2 specified in board_part file is either invalid or not available
WARNING: [Board 49-26] cannot add Board Part xilinx.com:vck190:part0:2.2 available at D:/Pobrane/AMDDesignTools/2025.2/data/xhub/boards\XilinxBoardStore\boards\Xilinx\vck190\production\2.2\board.xml as part xcvc1902-vsva2197-2mp-e-s specified in board_part file is either invalid or not available
WARNING: [Board 49-26] cannot add Board Part xilinx.com:vck190:part0:3.0 available at D:/Pobrane/AMDDesignTools/2025.2/data/xhub/boards\XilinxBoardStore\boards\Xilinx\vck190\production\3.0\board.xml as part xcvc1902-vsva2197-2mp-e-s specified in board_part file is either invalid or not available
WARNING: [Board 49-26] cannot add Board Part xilinx.com:vck190:part0:3.1 available at D:/Pobrane/AMDDesignTools/2025.2/data/xhub/boards\XilinxBoardStore\boards\Xilinx\vck190\production\3.1\board.xml as part xcvc1902-vsva2197-2mp-e-s specified in board_part file is either invalid or not available
WARNING: [Board 49-26] cannot add Board Part xilinx.com:vck190:part0:3.2 available at D:/Pobrane/AMDDesignTools/2025.2/data/xhub/boards\XilinxBoardStore\boards\Xilinx\vck190\production\3.2\board.xml as part xcvc1902-vsva2197-2mp-e-s specified in board_part file is either invalid or not available
WARNING: [Board 49-26] cannot add Board Part xilinx.com:vck190:part0:3.3 available at D:/Pobrane/AMDDesignTools/2025.2/data/xhub/boards\XilinxBoardStore\boards\Xilinx\vck190\production\3.3\board.xml as part xcvc1902-vsva2197-2mp-e-s specified in board_part file is either invalid or not available
WARNING: [Board 49-26] cannot add Board Part xilinx.com:vck190:part0:3.4 available at D:/Pobrane/AMDDesignTools/2025.2/data/xhub/boards\XilinxBoardStore\boards\Xilinx\vck190\production\3.4\board.xml as part xcvc1902-vsva2197-2mp-e-s specified in board_part file is either invalid or not available
WARNING: [Board 49-26] cannot add Board Part xilinx.com:vck190_newl:part0:1.0 available at D:/Pobrane/AMDDesignTools/2025.2/data/xhub/boards\XilinxBoardStore\boards\Xilinx\vck190_newl\production\1.0\board.xml as part xcvc1902-vsva2197-2mp-e-s specified in board_part file is either invalid or not available
WARNING: [Board 49-26] cannot add Board Part xilinx.com:vck190_newl:part0:1.1 available at D:/Pobrane/AMDDesignTools/2025.2/data/xhub/boards\XilinxBoardStore\boards\Xilinx\vck190_newl\production\1.1\board.xml as part xcvc1902-vsva2197-2mp-e-s specified in board_part file is either invalid or not available
WARNING: [Board 49-26] cannot add Board Part xilinx.com:vck190_newl:part0:1.2 available at D:/Pobrane/AMDDesignTools/2025.2/data/xhub/boards\XilinxBoardStore\boards\Xilinx\vck190_newl\production\1.2\board.xml as part xcvc1902-vsva2197-2mp-e-s specified in board_part file is either invalid or not available
WARNING: [Board 49-26] cannot add Board Part xilinx.com:vck190_newl:part0:1.3 available at D:/Pobrane/AMDDesignTools/2025.2/data/xhub/boards\XilinxBoardStore\boards\Xilinx\vck190_newl\production\1.3\board.xml as part xcvc1902-vsva2197-2mp-e-s specified in board_part file is either invalid or not available
WARNING: [Board 49-26] cannot add Board Part xilinx.com:vcu108:part0:1.6 available at D:/Pobrane/AMDDesignTools/2025.2/data/xhub/boards\XilinxBoardStore\boards\Xilinx\vcu108\1.6\board.xml as part xcvu095-ffva2104-2-e specified in board_part file is either invalid or not available
WARNING: [Board 49-26] cannot add Board Part xilinx.com:vcu108:part0:1.7 available at D:/Pobrane/AMDDesignTools/2025.2/data/xhub/boards\XilinxBoardStore\boards\Xilinx\vcu108\1.7\board.xml as part xcvu095-ffva2104-2-e specified in board_part file is either invalid or not available
WARNING: [Board 49-26] cannot add Board Part xilinx.com:vcu110:part0:1.4 available at D:/Pobrane/AMDDesignTools/2025.2/data/xhub/boards\XilinxBoardStore\boards\Xilinx\vcu110\1.4\board.xml as part xcvu190-flgc2104-2-e specified in board_part file is either invalid or not available
WARNING: [Board 49-26] cannot add Board Part xilinx.com:vcu118:part0:2.0 available at D:/Pobrane/AMDDesignTools/2025.2/data/xhub/boards\XilinxBoardStore\boards\Xilinx\vcu118\2.0\board.xml as part xcvu9p-flga2104-2l-e specified in board_part file is either invalid or not available
WARNING: [Board 49-26] cannot add Board Part xilinx.com:vcu118:part0:2.3 available at D:/Pobrane/AMDDesignTools/2025.2/data/xhub/boards\XilinxBoardStore\boards\Xilinx\vcu118\2.3\board.xml as part xcvu9p-flga2104-2l-e specified in board_part file is either invalid or not available
WARNING: [Board 49-26] cannot add Board Part xilinx.com:vcu118:part0:2.4 available at D:/Pobrane/AMDDesignTools/2025.2/data/xhub/boards\XilinxBoardStore\boards\Xilinx\vcu118\2.4\board.xml as part xcvu9p-flga2104-2l-e specified in board_part file is either invalid or not available
WARNING: [Board 49-26] cannot add Board Part xilinx.com:vcu128:part0:1.0 available at D:/Pobrane/AMDDesignTools/2025.2/data/xhub/boards\XilinxBoardStore\boards\Xilinx\vcu128\production\1.0\board.xml as part xcvu37p-fsvh2892-2l-e specified in board_part file is either invalid or not available
WARNING: [Board 49-26] cannot add Board Part xilinx.com:vcu129:part0:1.0 available at D:/Pobrane/AMDDesignTools/2025.2/data/xhub/boards\XilinxBoardStore\boards\Xilinx\vcu129\production\1.0\board.xml as part xcvu29p-fsga2577-2l-e specified in board_part file is either invalid or not available
WARNING: [Board 49-26] cannot add Board Part xilinx.com:vcu1525:part0:1.3 available at D:/Pobrane/AMDDesignTools/2025.2/data/xhub/boards\XilinxBoardStore\boards\Xilinx\vcu1525\1.3\board.xml as part xcvu9p-fsgd2104-2l-e specified in board_part file is either invalid or not available
WARNING: [Board 49-26] cannot add Board Part xilinx.com:vek280:part0:1.0 available at D:/Pobrane/AMDDesignTools/2025.2/data/xhub/boards\XilinxBoardStore\boards\Xilinx\vek280\production\1.0\board.xml as part xcve2802-vsvh1760-2mp-e-s specified in board_part file is either invalid or not available
WARNING: [Board 49-26] cannot add Board Part xilinx.com:vek280:part0:1.1 available at D:/Pobrane/AMDDesignTools/2025.2/data/xhub/boards\XilinxBoardStore\boards\Xilinx\vek280\production\1.1\board.xml as part xcve2802-vsvh1760-2mp-e-s specified in board_part file is either invalid or not available
WARNING: [Board 49-26] cannot add Board Part xilinx.com:vek280:part0:1.2 available at D:/Pobrane/AMDDesignTools/2025.2/data/xhub/boards\XilinxBoardStore\boards\Xilinx\vek280\production\1.2\board.xml as part xcve2802-vsvh1760-2mp-e-s specified in board_part file is either invalid or not available
WARNING: [Board 49-26] cannot add Board Part xilinx.com:vek385:part0:1.0 available at D:/Pobrane/AMDDesignTools/2025.2/data/xhub/boards\XilinxBoardStore\boards\Xilinx\vek385\1.0\board.xml as part xc2ve3858-ssva2112-2mp-e-s specified in board_part file is either invalid or not available
WARNING: [Board 49-26] cannot add Board Part xilinx.com:vek385:part0:1.1 available at D:/Pobrane/AMDDesignTools/2025.2/data/xhub/boards\XilinxBoardStore\boards\Xilinx\vek385\1.1\board.xml as part xc2ve3858-ssva2112-2mp-e-s specified in board_part file is either invalid or not available
WARNING: [Board 49-26] cannot add Board Part xilinx.com:vek385_1:part0:1.0 available at D:/Pobrane/AMDDesignTools/2025.2/data/xhub/boards\XilinxBoardStore\boards\Xilinx\vek385_2\1.0\board.xml as part xc2ve3858-ssva2112-2mp-e-s specified in board_part file is either invalid or not available
WARNING: [Board 49-26] cannot add Board Part xilinx.com:vermeo_t1_mpsoc:part0:1.0 available at D:/Pobrane/AMDDesignTools/2025.2/data/xhub/boards\XilinxBoardStore\boards\Xilinx\vermeo_t1_mpsoc\1.0\board.xml as part xczu19eg-ffvd1760-2l-e specified in board_part file is either invalid or not available
WARNING: [Board 49-26] cannot add Board Part xilinx.com:vermeo_t1_rfsoc:part0:1.0 available at D:/Pobrane/AMDDesignTools/2025.2/data/xhub/boards\XilinxBoardStore\boards\Xilinx\vermeo_t1_rfsoc\1.0\board.xml as part xczu21dr-ffvd1156-2l-e specified in board_part file is either invalid or not available
WARNING: [Board 49-26] cannot add Board Part xilinx.com:vhk158:part0:1.0 available at D:/Pobrane/AMDDesignTools/2025.2/data/xhub/boards\XilinxBoardStore\boards\Xilinx\vhk158\production\1.0\board.xml as part xcvh1582-vsva3697-2mp-e-s specified in board_part file is either invalid or not available
WARNING: [Board 49-26] cannot add Board Part xilinx.com:vhk158:part0:1.1 available at D:/Pobrane/AMDDesignTools/2025.2/data/xhub/boards\XilinxBoardStore\boards\Xilinx\vhk158\production\1.1\board.xml as part xcvh1582-vsva3697-2mp-e-s specified in board_part file is either invalid or not available
WARNING: [Board 49-26] cannot add Board Part xilinx.com:vhk158:part0:1.2 available at D:/Pobrane/AMDDesignTools/2025.2/data/xhub/boards\XilinxBoardStore\boards\Xilinx\vhk158\production\1.2\board.xml as part xcvh1582-vsva3697-2mp-e-s specified in board_part file is either invalid or not available
WARNING: [Board 49-26] cannot add Board Part xilinx.com:vmk180:part0:2.2 available at D:/Pobrane/AMDDesignTools/2025.2/data/xhub/boards\XilinxBoardStore\boards\Xilinx\vmk180\production\2.2\board.xml as part xcvm1802-vsva2197-2mp-e-s specified in board_part file is either invalid or not available
WARNING: [Board 49-26] cannot add Board Part xilinx.com:vmk180:part0:3.0 available at D:/Pobrane/AMDDesignTools/2025.2/data/xhub/boards\XilinxBoardStore\boards\Xilinx\vmk180\production\3.0\board.xml as part xcvm1802-vsva2197-2mp-e-s specified in board_part file is either invalid or not available
WARNING: [Board 49-26] cannot add Board Part xilinx.com:vmk180:part0:3.1 available at D:/Pobrane/AMDDesignTools/2025.2/data/xhub/boards\XilinxBoardStore\boards\Xilinx\vmk180\production\3.1\board.xml as part xcvm1802-vsva2197-2mp-e-s specified in board_part file is either invalid or not available
WARNING: [Board 49-26] cannot add Board Part xilinx.com:vmk180:part0:3.2 available at D:/Pobrane/AMDDesignTools/2025.2/data/xhub/boards\XilinxBoardStore\boards\Xilinx\vmk180\production\3.2\board.xml as part xcvm1802-vsva2197-2mp-e-s specified in board_part file is either invalid or not available
WARNING: [Board 49-26] cannot add Board Part xilinx.com:vmk180:part0:3.3 available at D:/Pobrane/AMDDesignTools/2025.2/data/xhub/boards\XilinxBoardStore\boards\Xilinx\vmk180\production\3.3\board.xml as part xcvm1802-vsva2197-2mp-e-s specified in board_part file is either invalid or not available
WARNING: [Board 49-26] cannot add Board Part xilinx.com:vmk180_newl:part0:1.0 available at D:/Pobrane/AMDDesignTools/2025.2/data/xhub/boards\XilinxBoardStore\boards\Xilinx\vmk180_newl\production\1.0\board.xml as part xcvm1802-vsva2197-2mp-e-s specified in board_part file is either invalid or not available
WARNING: [Board 49-26] cannot add Board Part xilinx.com:vmk180_newl:part0:1.1 available at D:/Pobrane/AMDDesignTools/2025.2/data/xhub/boards\XilinxBoardStore\boards\Xilinx\vmk180_newl\production\1.1\board.xml as part xcvm1802-vsva2197-2mp-e-s specified in board_part file is either invalid or not available
WARNING: [Board 49-26] cannot add Board Part xilinx.com:vpk120:part0:1.0 available at D:/Pobrane/AMDDesignTools/2025.2/data/xhub/boards\XilinxBoardStore\boards\Xilinx\vpk120\production\1.0\board.xml as part xcvp1202-vsva2785-2mp-e-s specified in board_part file is either invalid or not available
WARNING: [Board 49-26] cannot add Board Part xilinx.com:vpk120:part0:1.1 available at D:/Pobrane/AMDDesignTools/2025.2/data/xhub/boards\XilinxBoardStore\boards\Xilinx\vpk120\production\1.1\board.xml as part xcvp1202-vsva2785-2mp-e-s specified in board_part file is either invalid or not available
WARNING: [Board 49-26] cannot add Board Part xilinx.com:vpk120:part0:1.2 available at D:/Pobrane/AMDDesignTools/2025.2/data/xhub/boards\XilinxBoardStore\boards\Xilinx\vpk120\production\1.2\board.xml as part xcvp1202-vsva2785-2mp-e-s specified in board_part file is either invalid or not available
WARNING: [Board 49-26] cannot add Board Part xilinx.com:vpk180:part0:1.0 available at D:/Pobrane/AMDDesignTools/2025.2/data/xhub/boards\XilinxBoardStore\boards\Xilinx\vpk180\production\1.0\board.xml as part xcvp1802-lsvc4072-2mp-e-s specified in board_part file is either invalid or not available
WARNING: [Board 49-26] cannot add Board Part xilinx.com:vpk180:part0:1.1 available at D:/Pobrane/AMDDesignTools/2025.2/data/xhub/boards\XilinxBoardStore\boards\Xilinx\vpk180\production\1.1\board.xml as part xcvp1802-lsvc4072-2mp-e-s specified in board_part file is either invalid or not available
WARNING: [Board 49-26] cannot add Board Part xilinx.com:vpk180:part0:1.2 available at D:/Pobrane/AMDDesignTools/2025.2/data/xhub/boards\XilinxBoardStore\boards\Xilinx\vpk180\production\1.2\board.xml as part xcvp1802-lsvc4072-2mp-e-s specified in board_part file is either invalid or not available
WARNING: [Board 49-26] cannot add Board Part xilinx.com:vrk160:part0:1.0 available at D:/Pobrane/AMDDesignTools/2025.2/data/xhub/boards\XilinxBoardStore\boards\Xilinx\vrk160\1.0\board.xml as part xcvr1602-vsva2488-2mp-e-s-es1 specified in board_part file is either invalid or not available
WARNING: [Board 49-26] cannot add Board Part xilinx.com:vrk160:part0:1.1 available at D:/Pobrane/AMDDesignTools/2025.2/data/xhub/boards\XilinxBoardStore\boards\Xilinx\vrk160\1.1\board.xml as part xcvr1602-vsva2488-2mp-e-s-es1 specified in board_part file is either invalid or not available
WARNING: [Board 49-26] cannot add Board Part xilinx.com:zc702:part0:1.4 available at D:/Pobrane/AMDDesignTools/2025.2/data/xhub/boards\XilinxBoardStore\boards\Xilinx\zc702\1.4\board.xml as part xc7z020clg484-1 specified in board_part file is either invalid or not available
WARNING: [Board 49-26] cannot add Board Part xilinx.com:zc706:part0:1.4 available at D:/Pobrane/AMDDesignTools/2025.2/data/xhub/boards\XilinxBoardStore\boards\Xilinx\zc706\1.4\board.xml as part xc7z045ffg900-2 specified in board_part file is either invalid or not available
WARNING: [Board 49-26] cannot add Board Part xilinx.com:zc706:part0:1.5 available at D:/Pobrane/AMDDesignTools/2025.2/data/xhub/boards\XilinxBoardStore\boards\Xilinx\zc706\1.5\board.xml as part xc7z045ffg900-2 specified in board_part file is either invalid or not available
WARNING: [Board 49-26] cannot add Board Part xilinx.com:zcu102:part0:3.3 available at D:/Pobrane/AMDDesignTools/2025.2/data/xhub/boards\XilinxBoardStore\boards\Xilinx\zcu102\3.3\board.xml as part xczu9eg-ffvb1156-2-e specified in board_part file is either invalid or not available
WARNING: [Board 49-26] cannot add Board Part xilinx.com:zcu102:part0:3.4 available at D:/Pobrane/AMDDesignTools/2025.2/data/xhub/boards\XilinxBoardStore\boards\Xilinx\zcu102\3.4\board.xml as part xczu9eg-ffvb1156-2-e specified in board_part file is either invalid or not available
WARNING: [Board 49-26] cannot add Board Part xilinx.com:zcu111:part0:1.2 available at D:/Pobrane/AMDDesignTools/2025.2/data/xhub/boards\XilinxBoardStore\boards\Xilinx\zcu111\1.2\board.xml as part xczu28dr-ffvg1517-2-e specified in board_part file is either invalid or not available
WARNING: [Board 49-26] cannot add Board Part xilinx.com:zcu111:part0:1.3 available at D:/Pobrane/AMDDesignTools/2025.2/data/xhub/boards\XilinxBoardStore\boards\Xilinx\zcu111\1.3\board.xml as part xczu28dr-ffvg1517-2-e specified in board_part file is either invalid or not available
WARNING: [Board 49-26] cannot add Board Part xilinx.com:zcu111:part0:1.4 available at D:/Pobrane/AMDDesignTools/2025.2/data/xhub/boards\XilinxBoardStore\boards\Xilinx\zcu111\1.4\board.xml as part xczu28dr-ffvg1517-2-e specified in board_part file is either invalid or not available
WARNING: [Board 49-26] cannot add Board Part xilinx.com:zcu1275:part0:1.0 available at D:/Pobrane/AMDDesignTools/2025.2/data/xhub/boards\XilinxBoardStore\boards\Xilinx\zcu1275\1.0\board.xml as part xczu29dr-ffvf1760-2-e specified in board_part file is either invalid or not available
WARNING: [Board 49-26] cannot add Board Part xilinx.com:zcu1285:part0:1.0 available at D:/Pobrane/AMDDesignTools/2025.2/data/xhub/boards\XilinxBoardStore\boards\Xilinx\zcu1285\1.0\board.xml as part xczu39dr-ffvf1760-2-i specified in board_part file is either invalid or not available
WARNING: [Board 49-26] cannot add Board Part xilinx.com:zcu208:part0:2.0 available at D:/Pobrane/AMDDesignTools/2025.2/data/xhub/boards\XilinxBoardStore\boards\Xilinx\zcu208\production\2.0\board.xml as part xczu48dr-fsvg1517-2-e specified in board_part file is either invalid or not available
WARNING: [Board 49-26] cannot add Board Part xilinx.com:zcu208ld:part0:2.0 available at D:/Pobrane/AMDDesignTools/2025.2/data/xhub/boards\XilinxBoardStore\boards\Xilinx\zcu208ld\production\2.0\board.xml as part xczu58dr-fsvg1517-2-i specified in board_part file is either invalid or not available
WARNING: [Board 49-26] cannot add Board Part xilinx.com:zcu216:part0:2.0 available at D:/Pobrane/AMDDesignTools/2025.2/data/xhub/boards\XilinxBoardStore\boards\Xilinx\zcu216\production\2.0\board.xml as part xczu49dr-ffvf1760-2-e specified in board_part file is either invalid or not available
WARNING: [Board 49-26] cannot add Board Part xilinx.com:zcu216ld:part0:2.0 available at D:/Pobrane/AMDDesignTools/2025.2/data/xhub/boards\XilinxBoardStore\boards\Xilinx\zcu216ld\production\2.0\board.xml as part xczu59dr-ffvf1760-2-i specified in board_part file is either invalid or not available
WARNING: [Board 49-26] cannot add Board Part xilinx.com:zcu670:part0:2.0 available at D:/Pobrane/AMDDesignTools/2025.2/data/xhub/boards\XilinxBoardStore\boards\Xilinx\zcu670\2.0\board.xml as part xczu67dr-fsve1156-2-i specified in board_part file is either invalid or not available
WARNING: [Board 49-26] cannot add Board Part xilinx.com:zcu670ld:part0:1.0 available at D:/Pobrane/AMDDesignTools/2025.2/data/xhub/boards\XilinxBoardStore\boards\Xilinx\zcu670ld\1.0\board.xml as part xczu57dr-fsve1156-2-i specified in board_part file is either invalid or not available
open_project D:/GitHub/SW2/SW2.xpr
INFO: [Project 1-313] Project file moved from 'C:/Users/lab/Documents/GitHub/SW2' since last save.
WARNING: [filemgmt 56-2] Board Part Repository Path: Could not find the directory 'D:/../../../Xilinx/Board_repo', nor could it be found using path 'C:/Xilinx/Board_repo'.
WARNING: [filemgmt 56-2] IP Repository Path: Could not find the directory 'D:/../../../Xilinx/IP_Repo', nor could it be found using path 'C:/Xilinx/IP_Repo'.
WARNING: [filemgmt 56-2] IP Repository Path: Could not find the directory 'D:/../../../Xilinx/IP_Repo/OLED_ASCII', nor could it be found using path 'C:/Xilinx/IP_Repo/OLED_ASCII'.
WARNING: [filemgmt 56-3] IPUserFilesDir: Could not find the directory 'D:/GitHub/SW2/SW2.ip_user_files'.
Scanning sources...
Finished scanning sources
WARNING: [Board 49-26] cannot add Board Part xilinx.com:ac701:part0:1.4 available at D:/Pobrane/AMDDesignTools/2025.2/data/xhub/boards\XilinxBoardStore\boards\Xilinx\ac701\1.4\board.xml as part xc7a200tfbg676-2 specified in board_part file is either invalid or not available
WARNING: [Board 49-26] cannot add Board Part xilinx.com:emb-plus-vpr-4616:part0:1.0 available at D:/Pobrane/AMDDesignTools/2025.2/data/xhub/boards\XilinxBoardStore\boards\Xilinx\emb-plus-vpr-4616\1.0\board.xml as part xcve2302-sfva784-2mp-e-s specified in board_part file is either invalid or not available
WARNING: [Board 49-26] cannot add Board Part xilinx.com:emb-plus-vpr-4616:part0:1.1 available at D:/Pobrane/AMDDesignTools/2025.2/data/xhub/boards\XilinxBoardStore\boards\Xilinx\emb-plus-vpr-4616\1.1\board.xml as part xcve2302-sfva784-2mp-e-s specified in board_part file is either invalid or not available
WARNING: [Board 49-26] cannot add Board Part xilinx.com:kc705:part0:1.6 available at D:/Pobrane/AMDDesignTools/2025.2/data/xhub/boards\XilinxBoardStore\boards\Xilinx\kc705\1.6\board.xml as part xc7k325tffg900-2 specified in board_part file is either invalid or not available
WARNING: [Board 49-26] cannot add Board Part xilinx.com:kc705:part0:1.7 available at D:/Pobrane/AMDDesignTools/2025.2/data/xhub/boards\XilinxBoardStore\boards\Xilinx\kc705\1.7\board.xml as part xc7k325tffg900-2 specified in board_part file is either invalid or not available
WARNING: [Board 49-26] cannot add Board Part xilinx.com:kcu105:part0:1.6 available at D:/Pobrane/AMDDesignTools/2025.2/data/xhub/boards\XilinxBoardStore\boards\Xilinx\kcu105\1.6\board.xml as part xcku040-ffva1156-2-e specified in board_part file is either invalid or not available
WARNING: [Board 49-26] cannot add Board Part xilinx.com:kcu105:part0:1.7 available at D:/Pobrane/AMDDesignTools/2025.2/data/xhub/boards\XilinxBoardStore\boards\Xilinx\kcu105\1.7\board.xml as part xcku040-ffva1156-2-e specified in board_part file is either invalid or not available
WARNING: [Board 49-26] cannot add Board Part xilinx.com:kcu116:part0:1.4 available at D:/Pobrane/AMDDesignTools/2025.2/data/xhub/boards\XilinxBoardStore\boards\Xilinx\kcu116\1.4\board.xml as part xcku5p-ffvb676-2-e specified in board_part file is either invalid or not available
WARNING: [Board 49-26] cannot add Board Part xilinx.com:kcu116:part0:1.5 available at D:/Pobrane/AMDDesignTools/2025.2/data/xhub/boards\XilinxBoardStore\boards\Xilinx\kcu116\1.5\board.xml as part xcku5p-ffvb676-2-e specified in board_part file is either invalid or not available
WARNING: [Board 49-26] cannot add Board Part xilinx.com:kcu1500:part0:1.2 available at D:/Pobrane/AMDDesignTools/2025.2/data/xhub/boards\XilinxBoardStore\boards\Xilinx\kcu1500\1.2\board.xml as part xcku115-flvb2104-2-e specified in board_part file is either invalid or not available
WARNING: [Board 49-26] cannot add Board Part xilinx.com:scu35:part0:1.0 available at D:/Pobrane/AMDDesignTools/2025.2/data/xhub/boards\XilinxBoardStore\boards\Xilinx\scu35\1.0\board.xml as part xcsu35p-sbvb625-2-e specified in board_part file is either invalid or not available
WARNING: [Board 49-26] cannot add Board Part xilinx.com:sp701:part0:1.0 available at D:/Pobrane/AMDDesignTools/2025.2/data/xhub/boards\XilinxBoardStore\boards\Xilinx\sp701\1.0\board.xml as part xc7s100fgga676-2 specified in board_part file is either invalid or not available
WARNING: [Board 49-26] cannot add Board Part xilinx.com:sp701:part0:1.1 available at D:/Pobrane/AMDDesignTools/2025.2/data/xhub/boards\XilinxBoardStore\boards\Xilinx\sp701\1.1\board.xml as part xc7s100fgga676-2 specified in board_part file is either invalid or not available
WARNING: [Board 49-26] cannot add Board Part xilinx.com:v80:part0:1.0 available at D:/Pobrane/AMDDesignTools/2025.2/data/xhub/boards\XilinxBoardStore\boards\Xilinx\v80\1.0\board.xml as part xcv80-lsva4737-2mhp-e-s specified in board_part file is either invalid or not available
WARNING: [Board 49-26] cannot add Board Part xilinx.com:vc707:part0:1.4 available at D:/Pobrane/AMDDesignTools/2025.2/data/xhub/boards\XilinxBoardStore\boards\Xilinx\vc707\1.4\board.xml as part xc7vx485tffg1761-2 specified in board_part file is either invalid or not available
WARNING: [Board 49-26] cannot add Board Part xilinx.com:vc707:part0:1.5 available at D:/Pobrane/AMDDesignTools/2025.2/data/xhub/boards\XilinxBoardStore\boards\Xilinx\vc707\1.5\board.xml as part xc7vx485tffg1761-2 specified in board_part file is either invalid or not available
WARNING: [Board 49-26] cannot add Board Part xilinx.com:vc709:part0:1.8 available at D:/Pobrane/AMDDesignTools/2025.2/data/xhub/boards\XilinxBoardStore\boards\Xilinx\vc709\1.8\board.xml as part xc7vx690tffg1761-2 specified in board_part file is either invalid or not available
WARNING: [Board 49-26] cannot add Board Part xilinx.com:vck190:part0:2.2 available at D:/Pobrane/AMDDesignTools/2025.2/data/xhub/boards\XilinxBoardStore\boards\Xilinx\vck190\production\2.2\board.xml as part xcvc1902-vsva2197-2mp-e-s specified in board_part file is either invalid or not available
WARNING: [Board 49-26] cannot add Board Part xilinx.com:vck190:part0:3.0 available at D:/Pobrane/AMDDesignTools/2025.2/data/xhub/boards\XilinxBoardStore\boards\Xilinx\vck190\production\3.0\board.xml as part xcvc1902-vsva2197-2mp-e-s specified in board_part file is either invalid or not available
WARNING: [Board 49-26] cannot add Board Part xilinx.com:vck190:part0:3.1 available at D:/Pobrane/AMDDesignTools/2025.2/data/xhub/boards\XilinxBoardStore\boards\Xilinx\vck190\production\3.1\board.xml as part xcvc1902-vsva2197-2mp-e-s specified in board_part file is either invalid or not available
WARNING: [Board 49-26] cannot add Board Part xilinx.com:vck190:part0:3.2 available at D:/Pobrane/AMDDesignTools/2025.2/data/xhub/boards\XilinxBoardStore\boards\Xilinx\vck190\production\3.2\board.xml as part xcvc1902-vsva2197-2mp-e-s specified in board_part file is either invalid or not available
WARNING: [Board 49-26] cannot add Board Part xilinx.com:vck190:part0:3.3 available at D:/Pobrane/AMDDesignTools/2025.2/data/xhub/boards\XilinxBoardStore\boards\Xilinx\vck190\production\3.3\board.xml as part xcvc1902-vsva2197-2mp-e-s specified in board_part file is either invalid or not available
WARNING: [Board 49-26] cannot add Board Part xilinx.com:vck190:part0:3.4 available at D:/Pobrane/AMDDesignTools/2025.2/data/xhub/boards\XilinxBoardStore\boards\Xilinx\vck190\production\3.4\board.xml as part xcvc1902-vsva2197-2mp-e-s specified in board_part file is either invalid or not available
WARNING: [Board 49-26] cannot add Board Part xilinx.com:vck190_newl:part0:1.0 available at D:/Pobrane/AMDDesignTools/2025.2/data/xhub/boards\XilinxBoardStore\boards\Xilinx\vck190_newl\production\1.0\board.xml as part xcvc1902-vsva2197-2mp-e-s specified in board_part file is either invalid or not available
WARNING: [Board 49-26] cannot add Board Part xilinx.com:vck190_newl:part0:1.1 available at D:/Pobrane/AMDDesignTools/2025.2/data/xhub/boards\XilinxBoardStore\boards\Xilinx\vck190_newl\production\1.1\board.xml as part xcvc1902-vsva2197-2mp-e-s specified in board_part file is either invalid or not available
WARNING: [Board 49-26] cannot add Board Part xilinx.com:vck190_newl:part0:1.2 available at D:/Pobrane/AMDDesignTools/2025.2/data/xhub/boards\XilinxBoardStore\boards\Xilinx\vck190_newl\production\1.2\board.xml as part xcvc1902-vsva2197-2mp-e-s specified in board_part file is either invalid or not available
WARNING: [Board 49-26] cannot add Board Part xilinx.com:vck190_newl:part0:1.3 available at D:/Pobrane/AMDDesignTools/2025.2/data/xhub/boards\XilinxBoardStore\boards\Xilinx\vck190_newl\production\1.3\board.xml as part xcvc1902-vsva2197-2mp-e-s specified in board_part file is either invalid or not available
WARNING: [Board 49-26] cannot add Board Part xilinx.com:vcu108:part0:1.6 available at D:/Pobrane/AMDDesignTools/2025.2/data/xhub/boards\XilinxBoardStore\boards\Xilinx\vcu108\1.6\board.xml as part xcvu095-ffva2104-2-e specified in board_part file is either invalid or not available
WARNING: [Board 49-26] cannot add Board Part xilinx.com:vcu108:part0:1.7 available at D:/Pobrane/AMDDesignTools/2025.2/data/xhub/boards\XilinxBoardStore\boards\Xilinx\vcu108\1.7\board.xml as part xcvu095-ffva2104-2-e specified in board_part file is either invalid or not available
WARNING: [Board 49-26] cannot add Board Part xilinx.com:vcu110:part0:1.4 available at D:/Pobrane/AMDDesignTools/2025.2/data/xhub/boards\XilinxBoardStore\boards\Xilinx\vcu110\1.4\board.xml as part xcvu190-flgc2104-2-e specified in board_part file is either invalid or not available
WARNING: [Board 49-26] cannot add Board Part xilinx.com:vcu118:part0:2.0 available at D:/Pobrane/AMDDesignTools/2025.2/data/xhub/boards\XilinxBoardStore\boards\Xilinx\vcu118\2.0\board.xml as part xcvu9p-flga2104-2l-e specified in board_part file is either invalid or not available
WARNING: [Board 49-26] cannot add Board Part xilinx.com:vcu118:part0:2.3 available at D:/Pobrane/AMDDesignTools/2025.2/data/xhub/boards\XilinxBoardStore\boards\Xilinx\vcu118\2.3\board.xml as part xcvu9p-flga2104-2l-e specified in board_part file is either invalid or not available
WARNING: [Board 49-26] cannot add Board Part xilinx.com:vcu118:part0:2.4 available at D:/Pobrane/AMDDesignTools/2025.2/data/xhub/boards\XilinxBoardStore\boards\Xilinx\vcu118\2.4\board.xml as part xcvu9p-flga2104-2l-e specified in board_part file is either invalid or not available
WARNING: [Board 49-26] cannot add Board Part xilinx.com:vcu128:part0:1.0 available at D:/Pobrane/AMDDesignTools/2025.2/data/xhub/boards\XilinxBoardStore\boards\Xilinx\vcu128\production\1.0\board.xml as part xcvu37p-fsvh2892-2l-e specified in board_part file is either invalid or not available
WARNING: [Board 49-26] cannot add Board Part xilinx.com:vcu129:part0:1.0 available at D:/Pobrane/AMDDesignTools/2025.2/data/xhub/boards\XilinxBoardStore\boards\Xilinx\vcu129\production\1.0\board.xml as part xcvu29p-fsga2577-2l-e specified in board_part file is either invalid or not available
WARNING: [Board 49-26] cannot add Board Part xilinx.com:vcu1525:part0:1.3 available at D:/Pobrane/AMDDesignTools/2025.2/data/xhub/boards\XilinxBoardStore\boards\Xilinx\vcu1525\1.3\board.xml as part xcvu9p-fsgd2104-2l-e specified in board_part file is either invalid or not available
WARNING: [Board 49-26] cannot add Board Part xilinx.com:vek280:part0:1.0 available at D:/Pobrane/AMDDesignTools/2025.2/data/xhub/boards\XilinxBoardStore\boards\Xilinx\vek280\production\1.0\board.xml as part xcve2802-vsvh1760-2mp-e-s specified in board_part file is either invalid or not available
WARNING: [Board 49-26] cannot add Board Part xilinx.com:vek280:part0:1.1 available at D:/Pobrane/AMDDesignTools/2025.2/data/xhub/boards\XilinxBoardStore\boards\Xilinx\vek280\production\1.1\board.xml as part xcve2802-vsvh1760-2mp-e-s specified in board_part file is either invalid or not available
WARNING: [Board 49-26] cannot add Board Part xilinx.com:vek280:part0:1.2 available at D:/Pobrane/AMDDesignTools/2025.2/data/xhub/boards\XilinxBoardStore\boards\Xilinx\vek280\production\1.2\board.xml as part xcve2802-vsvh1760-2mp-e-s specified in board_part file is either invalid or not available
WARNING: [Board 49-26] cannot add Board Part xilinx.com:vek385:part0:1.0 available at D:/Pobrane/AMDDesignTools/2025.2/data/xhub/boards\XilinxBoardStore\boards\Xilinx\vek385\1.0\board.xml as part xc2ve3858-ssva2112-2mp-e-s specified in board_part file is either invalid or not available
WARNING: [Board 49-26] cannot add Board Part xilinx.com:vek385:part0:1.1 available at D:/Pobrane/AMDDesignTools/2025.2/data/xhub/boards\XilinxBoardStore\boards\Xilinx\vek385\1.1\board.xml as part xc2ve3858-ssva2112-2mp-e-s specified in board_part file is either invalid or not available
WARNING: [Board 49-26] cannot add Board Part xilinx.com:vek385_1:part0:1.0 available at D:/Pobrane/AMDDesignTools/2025.2/data/xhub/boards\XilinxBoardStore\boards\Xilinx\vek385_2\1.0\board.xml as part xc2ve3858-ssva2112-2mp-e-s specified in board_part file is either invalid or not available
WARNING: [Board 49-26] cannot add Board Part xilinx.com:vermeo_t1_mpsoc:part0:1.0 available at D:/Pobrane/AMDDesignTools/2025.2/data/xhub/boards\XilinxBoardStore\boards\Xilinx\vermeo_t1_mpsoc\1.0\board.xml as part xczu19eg-ffvd1760-2l-e specified in board_part file is either invalid or not available
WARNING: [Board 49-26] cannot add Board Part xilinx.com:vermeo_t1_rfsoc:part0:1.0 available at D:/Pobrane/AMDDesignTools/2025.2/data/xhub/boards\XilinxBoardStore\boards\Xilinx\vermeo_t1_rfsoc\1.0\board.xml as part xczu21dr-ffvd1156-2l-e specified in board_part file is either invalid or not available
WARNING: [Board 49-26] cannot add Board Part xilinx.com:vhk158:part0:1.0 available at D:/Pobrane/AMDDesignTools/2025.2/data/xhub/boards\XilinxBoardStore\boards\Xilinx\vhk158\production\1.0\board.xml as part xcvh1582-vsva3697-2mp-e-s specified in board_part file is either invalid or not available
WARNING: [Board 49-26] cannot add Board Part xilinx.com:vhk158:part0:1.1 available at D:/Pobrane/AMDDesignTools/2025.2/data/xhub/boards\XilinxBoardStore\boards\Xilinx\vhk158\production\1.1\board.xml as part xcvh1582-vsva3697-2mp-e-s specified in board_part file is either invalid or not available
WARNING: [Board 49-26] cannot add Board Part xilinx.com:vhk158:part0:1.2 available at D:/Pobrane/AMDDesignTools/2025.2/data/xhub/boards\XilinxBoardStore\boards\Xilinx\vhk158\production\1.2\board.xml as part xcvh1582-vsva3697-2mp-e-s specified in board_part file is either invalid or not available
WARNING: [Board 49-26] cannot add Board Part xilinx.com:vmk180:part0:2.2 available at D:/Pobrane/AMDDesignTools/2025.2/data/xhub/boards\XilinxBoardStore\boards\Xilinx\vmk180\production\2.2\board.xml as part xcvm1802-vsva2197-2mp-e-s specified in board_part file is either invalid or not available
WARNING: [Board 49-26] cannot add Board Part xilinx.com:vmk180:part0:3.0 available at D:/Pobrane/AMDDesignTools/2025.2/data/xhub/boards\XilinxBoardStore\boards\Xilinx\vmk180\production\3.0\board.xml as part xcvm1802-vsva2197-2mp-e-s specified in board_part file is either invalid or not available
WARNING: [Board 49-26] cannot add Board Part xilinx.com:vmk180:part0:3.1 available at D:/Pobrane/AMDDesignTools/2025.2/data/xhub/boards\XilinxBoardStore\boards\Xilinx\vmk180\production\3.1\board.xml as part xcvm1802-vsva2197-2mp-e-s specified in board_part file is either invalid or not available
WARNING: [Board 49-26] cannot add Board Part xilinx.com:vmk180:part0:3.2 available at D:/Pobrane/AMDDesignTools/2025.2/data/xhub/boards\XilinxBoardStore\boards\Xilinx\vmk180\production\3.2\board.xml as part xcvm1802-vsva2197-2mp-e-s specified in board_part file is either invalid or not available
WARNING: [Board 49-26] cannot add Board Part xilinx.com:vmk180:part0:3.3 available at D:/Pobrane/AMDDesignTools/2025.2/data/xhub/boards\XilinxBoardStore\boards\Xilinx\vmk180\production\3.3\board.xml as part xcvm1802-vsva2197-2mp-e-s specified in board_part file is either invalid or not available
WARNING: [Board 49-26] cannot add Board Part xilinx.com:vmk180_newl:part0:1.0 available at D:/Pobrane/AMDDesignTools/2025.2/data/xhub/boards\XilinxBoardStore\boards\Xilinx\vmk180_newl\production\1.0\board.xml as part xcvm1802-vsva2197-2mp-e-s specified in board_part file is either invalid or not available
WARNING: [Board 49-26] cannot add Board Part xilinx.com:vmk180_newl:part0:1.1 available at D:/Pobrane/AMDDesignTools/2025.2/data/xhub/boards\XilinxBoardStore\boards\Xilinx\vmk180_newl\production\1.1\board.xml as part xcvm1802-vsva2197-2mp-e-s specified in board_part file is either invalid or not available
WARNING: [Board 49-26] cannot add Board Part xilinx.com:vpk120:part0:1.0 available at D:/Pobrane/AMDDesignTools/2025.2/data/xhub/boards\XilinxBoardStore\boards\Xilinx\vpk120\production\1.0\board.xml as part xcvp1202-vsva2785-2mp-e-s specified in board_part file is either invalid or not available
WARNING: [Board 49-26] cannot add Board Part xilinx.com:vpk120:part0:1.1 available at D:/Pobrane/AMDDesignTools/2025.2/data/xhub/boards\XilinxBoardStore\boards\Xilinx\vpk120\production\1.1\board.xml as part xcvp1202-vsva2785-2mp-e-s specified in board_part file is either invalid or not available
WARNING: [Board 49-26] cannot add Board Part xilinx.com:vpk120:part0:1.2 available at D:/Pobrane/AMDDesignTools/2025.2/data/xhub/boards\XilinxBoardStore\boards\Xilinx\vpk120\production\1.2\board.xml as part xcvp1202-vsva2785-2mp-e-s specified in board_part file is either invalid or not available
WARNING: [Board 49-26] cannot add Board Part xilinx.com:vpk180:part0:1.0 available at D:/Pobrane/AMDDesignTools/2025.2/data/xhub/boards\XilinxBoardStore\boards\Xilinx\vpk180\production\1.0\board.xml as part xcvp1802-lsvc4072-2mp-e-s specified in board_part file is either invalid or not available
WARNING: [Board 49-26] cannot add Board Part xilinx.com:vpk180:part0:1.1 available at D:/Pobrane/AMDDesignTools/2025.2/data/xhub/boards\XilinxBoardStore\boards\Xilinx\vpk180\production\1.1\board.xml as part xcvp1802-lsvc4072-2mp-e-s specified in board_part file is either invalid or not available
WARNING: [Board 49-26] cannot add Board Part xilinx.com:vpk180:part0:1.2 available at D:/Pobrane/AMDDesignTools/2025.2/data/xhub/boards\XilinxBoardStore\boards\Xilinx\vpk180\production\1.2\board.xml as part xcvp1802-lsvc4072-2mp-e-s specified in board_part file is either invalid or not available
WARNING: [Board 49-26] cannot add Board Part xilinx.com:vrk160:part0:1.0 available at D:/Pobrane/AMDDesignTools/2025.2/data/xhub/boards\XilinxBoardStore\boards\Xilinx\vrk160\1.0\board.xml as part xcvr1602-vsva2488-2mp-e-s-es1 specified in board_part file is either invalid or not available
WARNING: [Board 49-26] cannot add Board Part xilinx.com:vrk160:part0:1.1 available at D:/Pobrane/AMDDesignTools/2025.2/data/xhub/boards\XilinxBoardStore\boards\Xilinx\vrk160\1.1\board.xml as part xcvr1602-vsva2488-2mp-e-s-es1 specified in board_part file is either invalid or not available
WARNING: [Board 49-26] cannot add Board Part xilinx.com:zc702:part0:1.4 available at D:/Pobrane/AMDDesignTools/2025.2/data/xhub/boards\XilinxBoardStore\boards\Xilinx\zc702\1.4\board.xml as part xc7z020clg484-1 specified in board_part file is either invalid or not available
WARNING: [Board 49-26] cannot add Board Part xilinx.com:zc706:part0:1.4 available at D:/Pobrane/AMDDesignTools/2025.2/data/xhub/boards\XilinxBoardStore\boards\Xilinx\zc706\1.4\board.xml as part xc7z045ffg900-2 specified in board_part file is either invalid or not available
WARNING: [Board 49-26] cannot add Board Part xilinx.com:zc706:part0:1.5 available at D:/Pobrane/AMDDesignTools/2025.2/data/xhub/boards\XilinxBoardStore\boards\Xilinx\zc706\1.5\board.xml as part xc7z045ffg900-2 specified in board_part file is either invalid or not available
WARNING: [Board 49-26] cannot add Board Part xilinx.com:zcu102:part0:3.3 available at D:/Pobrane/AMDDesignTools/2025.2/data/xhub/boards\XilinxBoardStore\boards\Xilinx\zcu102\3.3\board.xml as part xczu9eg-ffvb1156-2-e specified in board_part file is either invalid or not available
WARNING: [Board 49-26] cannot add Board Part xilinx.com:zcu102:part0:3.4 available at D:/Pobrane/AMDDesignTools/2025.2/data/xhub/boards\XilinxBoardStore\boards\Xilinx\zcu102\3.4\board.xml as part xczu9eg-ffvb1156-2-e specified in board_part file is either invalid or not available
WARNING: [Board 49-26] cannot add Board Part xilinx.com:zcu111:part0:1.2 available at D:/Pobrane/AMDDesignTools/2025.2/data/xhub/boards\XilinxBoardStore\boards\Xilinx\zcu111\1.2\board.xml as part xczu28dr-ffvg1517-2-e specified in board_part file is either invalid or not available
WARNING: [Board 49-26] cannot add Board Part xilinx.com:zcu111:part0:1.3 available at D:/Pobrane/AMDDesignTools/2025.2/data/xhub/boards\XilinxBoardStore\boards\Xilinx\zcu111\1.3\board.xml as part xczu28dr-ffvg1517-2-e specified in board_part file is either invalid or not available
WARNING: [Board 49-26] cannot add Board Part xilinx.com:zcu111:part0:1.4 available at D:/Pobrane/AMDDesignTools/2025.2/data/xhub/boards\XilinxBoardStore\boards\Xilinx\zcu111\1.4\board.xml as part xczu28dr-ffvg1517-2-e specified in board_part file is either invalid or not available
WARNING: [Board 49-26] cannot add Board Part xilinx.com:zcu1275:part0:1.0 available at D:/Pobrane/AMDDesignTools/2025.2/data/xhub/boards\XilinxBoardStore\boards\Xilinx\zcu1275\1.0\board.xml as part xczu29dr-ffvf1760-2-e specified in board_part file is either invalid or not available
WARNING: [Board 49-26] cannot add Board Part xilinx.com:zcu1285:part0:1.0 available at D:/Pobrane/AMDDesignTools/2025.2/data/xhub/boards\XilinxBoardStore\boards\Xilinx\zcu1285\1.0\board.xml as part xczu39dr-ffvf1760-2-i specified in board_part file is either invalid or not available
WARNING: [Board 49-26] cannot add Board Part xilinx.com:zcu208:part0:2.0 available at D:/Pobrane/AMDDesignTools/2025.2/data/xhub/boards\XilinxBoardStore\boards\Xilinx\zcu208\production\2.0\board.xml as part xczu48dr-fsvg1517-2-e specified in board_part file is either invalid or not available
WARNING: [Board 49-26] cannot add Board Part xilinx.com:zcu208ld:part0:2.0 available at D:/Pobrane/AMDDesignTools/2025.2/data/xhub/boards\XilinxBoardStore\boards\Xilinx\zcu208ld\production\2.0\board.xml as part xczu58dr-fsvg1517-2-i specified in board_part file is either invalid or not available
WARNING: [Board 49-26] cannot add Board Part xilinx.com:zcu216:part0:2.0 available at D:/Pobrane/AMDDesignTools/2025.2/data/xhub/boards\XilinxBoardStore\boards\Xilinx\zcu216\production\2.0\board.xml as part xczu49dr-ffvf1760-2-e specified in board_part file is either invalid or not available
WARNING: [Board 49-26] cannot add Board Part xilinx.com:zcu216ld:part0:2.0 available at D:/Pobrane/AMDDesignTools/2025.2/data/xhub/boards\XilinxBoardStore\boards\Xilinx\zcu216ld\production\2.0\board.xml as part xczu59dr-ffvf1760-2-i specified in board_part file is either invalid or not available
WARNING: [Board 49-26] cannot add Board Part xilinx.com:zcu670:part0:2.0 available at D:/Pobrane/AMDDesignTools/2025.2/data/xhub/boards\XilinxBoardStore\boards\Xilinx\zcu670\2.0\board.xml as part xczu67dr-fsve1156-2-i specified in board_part file is either invalid or not available
WARNING: [Board 49-26] cannot add Board Part xilinx.com:zcu670ld:part0:1.0 available at D:/Pobrane/AMDDesignTools/2025.2/data/xhub/boards\XilinxBoardStore\boards\Xilinx\zcu670ld\1.0\board.xml as part xczu57dr-fsve1156-2-i specified in board_part file is either invalid or not available
WARNING: [Project 1-5713] Board part 'realdigital.org:aup-zu3-8gb:part0:1.0' set for the project  is not found. BoardPart property will be unset. Please select board from latest repo build 
INFO: [IP_Flow 19-234] Refreshing IP repositories
WARNING: [IP_Flow 19-2248] Failed to load user IP repository 'd:/GitHub/Xilinx/IP_Repo'; Can't find the specified path.
If this directory should no longer be in your list of user repositories, go to the IP Settings dialog and remove it.
WARNING: [IP_Flow 19-3685] Ignored loading user repository 'd:/GitHub/Xilinx/IP_Repo/OLED_ASCII'. The path is contained within another repository.
INFO: [IP_Flow 19-2313] Loaded Vivado IP repository 'D:/Pobrane/AMDDesignTools/2025.2/Vivado/data/ip'.
WARNING: [BD 41-1661] One or more IPs have been locked in the design 'design_1.bd'. Please run report_ip_status for more details and recommendations on how to fix this issue.
List of locked IPs:
design_1_HDMI_TX_0_0
design_1_clk_wiz_0_0
design_1_RotaryEnc_0_0

INFO: [Project 1-230] Project 'SW2.xpr' upgraded for this version of Vivado.
open_project: Time (s): cpu = 00:00:44 ; elapsed = 00:00:20 . Memory (MB): peak = 1715.309 ; gain = 156.820
update_compile_order -fileset sources_1
reset_run synth_1
INFO: [Project 1-1161] Replacing file D:/GitHub/SW2/SW2.srcs/utils_1/imports/synth_1/ImgGen.dcp with file D:/GitHub/SW2/SW2.runs/synth_1/design_1_wrapper.dcp
open_bd_design {D:/GitHub/SW2/SW2.srcs/sources_1/bd/design_1/design_1.bd}
Reading block design file <D:/GitHub/SW2/SW2.srcs/sources_1/bd/design_1/design_1.bd>...
Adding component instance block -- xilinx.com:ip:clk_wiz:6.0 - clk_wiz_0
Adding component instance block -- JS_WUST:UCiSW:HDMI_TX:1.0 - HDMI_TX_0
Adding component instance block -- xilinx.com:module_ref:VideoTiming:1.0 - VideoTiming_0
Adding component instance block -- xilinx.com:module_ref:ImgGen:1.0 - ImgGen_0
Adding component instance block -- JS_WUST:UCiSW:RotaryEnc:1.0 - RotaryEnc_0
Adding component instance block -- xilinx.com:module_ref:angle_encoder:1.0 - angle_encoder_1
Adding component instance block -- xilinx.com:module_ref:EnemyController:1.0 - EnemyController_0
Adding component instance block -- xilinx.com:module_ref:TickGenerator:1.0 - TickGenerator_0
Adding component instance block -- xilinx.com:module_ref:GameController:1.0 - GameController_0
Successfully read diagram <design_1> from block design file <D:/GitHub/SW2/SW2.srcs/sources_1/bd/design_1/design_1.bd>
open_bd_design: Time (s): cpu = 00:00:13 ; elapsed = 00:00:09 . Memory (MB): peak = 1760.941 ; gain = 32.766
WARNING: [filemgmt 56-199] Attempt to get parsing info during refresh. "On-the-fly" syntax checking information may be incorrect. [D:\GitHub\SW2\SW2.srcs\sources_1\new\TickGenerator.vhd:]
WARNING: [filemgmt 56-199] Attempt to get parsing info during refresh. "On-the-fly" syntax checking information may be incorrect. [D:\GitHub\SW2\SW2.srcs\sources_1\new\ImgGen.vhd:]
WARNING: [filemgmt 56-199] Attempt to get parsing info during refresh. "On-the-fly" syntax checking information may be incorrect. [D:\GitHub\SW2\SW2.srcs\sources_1\new\GameController.vhd:]
WARNING: [filemgmt 56-199] Attempt to get parsing info during refresh. "On-the-fly" syntax checking information may be incorrect. [D:\GitHub\SW2\SW2.gen\sources_1\bd\design_1\hdl\design_1_wrapper.v:]
WARNING: [filemgmt 56-199] Attempt to get parsing info during refresh. "On-the-fly" syntax checking information may be incorrect. [D:\GitHub\SW2\SW2.srcs\sources_1\new\VideoTiming.vhd:]
WARNING: [filemgmt 56-199] Attempt to get parsing info during refresh. "On-the-fly" syntax checking information may be incorrect. [D:\GitHub\SW2\SW2.srcs\sources_1\new\EnemyController.vhd:]
WARNING: [filemgmt 56-199] Attempt to get parsing info during refresh. "On-the-fly" syntax checking information may be incorrect. [D:\GitHub\SW2\SW2.srcs\sources_1\new\angle_encoder.vhd:]
WARNING: [filemgmt 56-199] Attempt to get parsing info during refresh. "On-the-fly" syntax checking information may be incorrect. [D:\GitHub\SW2\SW2.srcs\sources_1\new\EnemyController.vhd:]
WARNING: [filemgmt 56-199] Attempt to get parsing info during refresh. "On-the-fly" syntax checking information may be incorrect. [D:\GitHub\SW2\SW2.srcs\sources_1\new\EnemyController.vhd:]
WARNING: [filemgmt 56-199] Attempt to get parsing info during refresh. "On-the-fly" syntax checking information may be incorrect. [D:\GitHub\SW2\SW2.srcs\sources_1\new\TickGenerator.vhd:]
WARNING: [filemgmt 56-199] Attempt to get parsing info during refresh. "On-the-fly" syntax checking information may be incorrect. [D:\GitHub\SW2\SW2.srcs\sources_1\new\ImgGen.vhd:]
WARNING: [filemgmt 56-199] Attempt to get parsing info during refresh. "On-the-fly" syntax checking information may be incorrect. [D:\GitHub\SW2\SW2.srcs\sources_1\new\GameController.vhd:]
WARNING: [filemgmt 56-199] Attempt to get parsing info during refresh. "On-the-fly" syntax checking information may be incorrect. [D:\GitHub\SW2\SW2.gen\sources_1\bd\design_1\hdl\design_1_wrapper.v:]
WARNING: [filemgmt 56-199] Attempt to get parsing info during refresh. "On-the-fly" syntax checking information may be incorrect. [D:\GitHub\SW2\SW2.srcs\sources_1\new\VideoTiming.vhd:]
WARNING: [filemgmt 56-199] Attempt to get parsing info during refresh. "On-the-fly" syntax checking information may be incorrect. [D:\GitHub\SW2\SW2.srcs\sources_1\new\EnemyController.vhd:]
WARNING: [filemgmt 56-199] Attempt to get parsing info during refresh. "On-the-fly" syntax checking information may be incorrect. [D:\GitHub\SW2\SW2.srcs\sources_1\new\angle_encoder.vhd:]
WARNING: [filemgmt 56-199] Attempt to get parsing info during refresh. "On-the-fly" syntax checking information may be incorrect. [D:\GitHub\SW2\SW2.srcs\sources_1\new\ImgGen.vhd:]
WARNING: [filemgmt 56-199] Attempt to get parsing info during refresh. "On-the-fly" syntax checking information may be incorrect. [D:\GitHub\SW2\SW2.srcs\sources_1\new\ImgGen.vhd:]
WARNING: [filemgmt 56-199] Attempt to get parsing info during refresh. "On-the-fly" syntax checking information may be incorrect. [D:\GitHub\SW2\SW2.srcs\sources_1\new\TickGenerator.vhd:]
WARNING: [filemgmt 56-199] Attempt to get parsing info during refresh. "On-the-fly" syntax checking information may be incorrect. [D:\GitHub\SW2\SW2.srcs\sources_1\new\ImgGen.vhd:]
WARNING: [filemgmt 56-199] Attempt to get parsing info during refresh. "On-the-fly" syntax checking information may be incorrect. [D:\GitHub\SW2\SW2.srcs\sources_1\new\GameController.vhd:]
WARNING: [filemgmt 56-199] Attempt to get parsing info during refresh. "On-the-fly" syntax checking information may be incorrect. [D:\GitHub\SW2\SW2.gen\sources_1\bd\design_1\hdl\design_1_wrapper.v:]
WARNING: [filemgmt 56-199] Attempt to get parsing info during refresh. "On-the-fly" syntax checking information may be incorrect. [D:\GitHub\SW2\SW2.srcs\sources_1\new\VideoTiming.vhd:]
WARNING: [filemgmt 56-199] Attempt to get parsing info during refresh. "On-the-fly" syntax checking information may be incorrect. [D:\GitHub\SW2\SW2.srcs\sources_1\new\EnemyController.vhd:]
WARNING: [filemgmt 56-199] Attempt to get parsing info during refresh. "On-the-fly" syntax checking information may be incorrect. [D:\GitHub\SW2\SW2.srcs\sources_1\new\angle_encoder.vhd:]
WARNING: [filemgmt 56-199] Attempt to get parsing info during refresh. "On-the-fly" syntax checking information may be incorrect. [D:\GitHub\SW2\SW2.srcs\sources_1\new\GameController.vhd:]
WARNING: [filemgmt 56-199] Attempt to get parsing info during refresh. "On-the-fly" syntax checking information may be incorrect. [D:\GitHub\SW2\SW2.srcs\sources_1\new\GameController.vhd:]
WARNING: [filemgmt 56-199] Attempt to get parsing info during refresh. "On-the-fly" syntax checking information may be incorrect. [D:\GitHub\SW2\SW2.srcs\sources_1\new\TickGenerator.vhd:]
WARNING: [filemgmt 56-199] Attempt to get parsing info during refresh. "On-the-fly" syntax checking information may be incorrect. [D:\GitHub\SW2\SW2.srcs\sources_1\new\ImgGen.vhd:]
WARNING: [filemgmt 56-199] Attempt to get parsing info during refresh. "On-the-fly" syntax checking information may be incorrect. [D:\GitHub\SW2\SW2.srcs\sources_1\new\GameController.vhd:]
WARNING: [filemgmt 56-199] Attempt to get parsing info during refresh. "On-the-fly" syntax checking information may be incorrect. [D:\GitHub\SW2\SW2.gen\sources_1\bd\design_1\hdl\design_1_wrapper.v:]
WARNING: [filemgmt 56-199] Attempt to get parsing info during refresh. "On-the-fly" syntax checking information may be incorrect. [D:\GitHub\SW2\SW2.srcs\sources_1\new\VideoTiming.vhd:]
WARNING: [filemgmt 56-199] Attempt to get parsing info during refresh. "On-the-fly" syntax checking information may be incorrect. [D:\GitHub\SW2\SW2.srcs\sources_1\new\EnemyController.vhd:]
WARNING: [filemgmt 56-199] Attempt to get parsing info during refresh. "On-the-fly" syntax checking information may be incorrect. [D:\GitHub\SW2\SW2.srcs\sources_1\new\angle_encoder.vhd:]
WARNING: [filemgmt 56-199] Attempt to get parsing info during refresh. "On-the-fly" syntax checking information may be incorrect. [D:\GitHub\SW2\SW2.srcs\sources_1\new\VideoTiming.vhd:]
WARNING: [filemgmt 56-199] Attempt to get parsing info during refresh. "On-the-fly" syntax checking information may be incorrect. [D:\GitHub\SW2\SW2.srcs\sources_1\new\VideoTiming.vhd:]
WARNING: [filemgmt 56-199] Attempt to get parsing info during refresh. "On-the-fly" syntax checking information may be incorrect. [D:\GitHub\SW2\SW2.srcs\sources_1\new\TickGenerator.vhd:]
WARNING: [filemgmt 56-199] Attempt to get parsing info during refresh. "On-the-fly" syntax checking information may be incorrect. [D:\GitHub\SW2\SW2.srcs\sources_1\new\ImgGen.vhd:]
WARNING: [filemgmt 56-199] Attempt to get parsing info during refresh. "On-the-fly" syntax checking information may be incorrect. [D:\GitHub\SW2\SW2.srcs\sources_1\new\GameController.vhd:]
WARNING: [filemgmt 56-199] Attempt to get parsing info during refresh. "On-the-fly" syntax checking information may be incorrect. [D:\GitHub\SW2\SW2.gen\sources_1\bd\design_1\hdl\design_1_wrapper.v:]
WARNING: [filemgmt 56-199] Attempt to get parsing info during refresh. "On-the-fly" syntax checking information may be incorrect. [D:\GitHub\SW2\SW2.srcs\sources_1\new\VideoTiming.vhd:]
WARNING: [filemgmt 56-199] Attempt to get parsing info during refresh. "On-the-fly" syntax checking information may be incorrect. [D:\GitHub\SW2\SW2.srcs\sources_1\new\EnemyController.vhd:]
WARNING: [filemgmt 56-199] Attempt to get parsing info during refresh. "On-the-fly" syntax checking information may be incorrect. [D:\GitHub\SW2\SW2.srcs\sources_1\new\angle_encoder.vhd:]
WARNING: [filemgmt 56-199] Attempt to get parsing info during refresh. "On-the-fly" syntax checking information may be incorrect. [D:\GitHub\SW2\SW2.gen\sources_1\bd\design_1\hdl\design_1_wrapper.v:]
WARNING: [filemgmt 56-199] Attempt to get parsing info during refresh. "On-the-fly" syntax checking information may be incorrect. [D:\GitHub\SW2\SW2.gen\sources_1\bd\design_1\hdl\design_1_wrapper.v:]
WARNING: [filemgmt 56-199] Attempt to get parsing info during refresh. "On-the-fly" syntax checking information may be incorrect. [D:\GitHub\SW2\SW2.srcs\sources_1\new\TickGenerator.vhd:]
WARNING: [filemgmt 56-199] Attempt to get parsing info during refresh. "On-the-fly" syntax checking information may be incorrect. [D:\GitHub\SW2\SW2.srcs\sources_1\new\ImgGen.vhd:]
WARNING: [filemgmt 56-199] Attempt to get parsing info during refresh. "On-the-fly" syntax checking information may be incorrect. [D:\GitHub\SW2\SW2.srcs\sources_1\new\GameController.vhd:]
WARNING: [filemgmt 56-199] Attempt to get parsing info during refresh. "On-the-fly" syntax checking information may be incorrect. [D:\GitHub\SW2\SW2.gen\sources_1\bd\design_1\hdl\design_1_wrapper.v:]
WARNING: [filemgmt 56-199] Attempt to get parsing info during refresh. "On-the-fly" syntax checking information may be incorrect. [D:\GitHub\SW2\SW2.srcs\sources_1\new\VideoTiming.vhd:]
WARNING: [filemgmt 56-199] Attempt to get parsing info during refresh. "On-the-fly" syntax checking information may be incorrect. [D:\GitHub\SW2\SW2.srcs\sources_1\new\EnemyController.vhd:]
WARNING: [filemgmt 56-199] Attempt to get parsing info during refresh. "On-the-fly" syntax checking information may be incorrect. [D:\GitHub\SW2\SW2.srcs\sources_1\new\angle_encoder.vhd:]
WARNING: [filemgmt 56-199] Attempt to get parsing info during refresh. "On-the-fly" syntax checking information may be incorrect. [D:\GitHub\SW2\SW2.srcs\sources_1\new\TickGenerator.vhd:]
WARNING: [filemgmt 56-199] Attempt to get parsing info during refresh. "On-the-fly" syntax checking information may be incorrect. [D:\GitHub\SW2\SW2.srcs\sources_1\new\TickGenerator.vhd:]
ERROR: [Common 17-180] Spawn failed: Operacja ukonczona pomyslnie.

open_bd_design {D:/GitHub/SW2/SW2.srcs/sources_1/bd/design_1/design_1.bd}
WARNING: [filemgmt 56-199] Attempt to get parsing info during refresh. "On-the-fly" syntax checking information may be incorrect. [D:\GitHub\SW2\SW2.srcs\sources_1\new\TickGenerator.vhd:]
WARNING: [filemgmt 56-199] Attempt to get parsing info during refresh. "On-the-fly" syntax checking information may be incorrect. [D:\GitHub\SW2\SW2.srcs\sources_1\new\ImgGen.vhd:]
WARNING: [filemgmt 56-199] Attempt to get parsing info during refresh. "On-the-fly" syntax checking information may be incorrect. [D:\GitHub\SW2\SW2.srcs\sources_1\new\GameController.vhd:]
WARNING: [filemgmt 56-199] Attempt to get parsing info during refresh. "On-the-fly" syntax checking information may be incorrect. [D:\GitHub\SW2\SW2.gen\sources_1\bd\design_1\hdl\design_1_wrapper.v:]
WARNING: [filemgmt 56-199] Attempt to get parsing info during refresh. "On-the-fly" syntax checking information may be incorrect. [D:\GitHub\SW2\SW2.srcs\sources_1\new\VideoTiming.vhd:]
WARNING: [filemgmt 56-199] Attempt to get parsing info during refresh. "On-the-fly" syntax checking information may be incorrect. [D:\GitHub\SW2\SW2.srcs\sources_1\new\EnemyController.vhd:]
WARNING: [filemgmt 56-199] Attempt to get parsing info during refresh. "On-the-fly" syntax checking information may be incorrect. [D:\GitHub\SW2\SW2.srcs\sources_1\new\angle_encoder.vhd:]
WARNING: [filemgmt 56-199] Attempt to get parsing info during refresh. "On-the-fly" syntax checking information may be incorrect. [D:\GitHub\SW2\SW2.srcs\sources_1\new\ImgGen.vhd:]
WARNING: [filemgmt 56-199] Attempt to get parsing info during refresh. "On-the-fly" syntax checking information may be incorrect. [D:\GitHub\SW2\SW2.srcs\sources_1\new\ImgGen.vhd:]
WARNING: [filemgmt 56-199] Attempt to get parsing info during refresh. "On-the-fly" syntax checking information may be incorrect. [D:\GitHub\SW2\SW2.srcs\sources_1\new\TickGenerator.vhd:]
WARNING: [filemgmt 56-199] Attempt to get parsing info during refresh. "On-the-fly" syntax checking information may be incorrect. [D:\GitHub\SW2\SW2.srcs\sources_1\new\ImgGen.vhd:]
WARNING: [filemgmt 56-199] Attempt to get parsing info during refresh. "On-the-fly" syntax checking information may be incorrect. [D:\GitHub\SW2\SW2.srcs\sources_1\new\GameController.vhd:]
WARNING: [filemgmt 56-199] Attempt to get parsing info during refresh. "On-the-fly" syntax checking information may be incorrect. [D:\GitHub\SW2\SW2.gen\sources_1\bd\design_1\hdl\design_1_wrapper.v:]
WARNING: [filemgmt 56-199] Attempt to get parsing info during refresh. "On-the-fly" syntax checking information may be incorrect. [D:\GitHub\SW2\SW2.srcs\sources_1\new\VideoTiming.vhd:]
WARNING: [filemgmt 56-199] Attempt to get parsing info during refresh. "On-the-fly" syntax checking information may be incorrect. [D:\GitHub\SW2\SW2.srcs\sources_1\new\EnemyController.vhd:]
WARNING: [filemgmt 56-199] Attempt to get parsing info during refresh. "On-the-fly" syntax checking information may be incorrect. [D:\GitHub\SW2\SW2.srcs\sources_1\new\angle_encoder.vhd:]
WARNING: [filemgmt 56-199] Attempt to get parsing info during refresh. "On-the-fly" syntax checking information may be incorrect. [D:\GitHub\SW2\SW2.srcs\sources_1\new\EnemyController.vhd:]
WARNING: [filemgmt 56-199] Attempt to get parsing info during refresh. "On-the-fly" syntax checking information may be incorrect. [D:\GitHub\SW2\SW2.srcs\sources_1\new\EnemyController.vhd:]
WARNING: [filemgmt 56-199] Attempt to get parsing info during refresh. "On-the-fly" syntax checking information may be incorrect. [D:\GitHub\SW2\SW2.srcs\sources_1\new\TickGenerator.vhd:]
WARNING: [filemgmt 56-199] Attempt to get parsing info during refresh. "On-the-fly" syntax checking information may be incorrect. [D:\GitHub\SW2\SW2.srcs\sources_1\new\ImgGen.vhd:]
WARNING: [filemgmt 56-199] Attempt to get parsing info during refresh. "On-the-fly" syntax checking information may be incorrect. [D:\GitHub\SW2\SW2.srcs\sources_1\new\GameController.vhd:]
WARNING: [filemgmt 56-199] Attempt to get parsing info during refresh. "On-the-fly" syntax checking information may be incorrect. [D:\GitHub\SW2\SW2.gen\sources_1\bd\design_1\hdl\design_1_wrapper.v:]
WARNING: [filemgmt 56-199] Attempt to get parsing info during refresh. "On-the-fly" syntax checking information may be incorrect. [D:\GitHub\SW2\SW2.srcs\sources_1\new\VideoTiming.vhd:]
WARNING: [filemgmt 56-199] Attempt to get parsing info during refresh. "On-the-fly" syntax checking information may be incorrect. [D:\GitHub\SW2\SW2.srcs\sources_1\new\EnemyController.vhd:]
WARNING: [filemgmt 56-199] Attempt to get parsing info during refresh. "On-the-fly" syntax checking information may be incorrect. [D:\GitHub\SW2\SW2.srcs\sources_1\new\angle_encoder.vhd:]
WARNING: [filemgmt 56-199] Attempt to get parsing info during refresh. "On-the-fly" syntax checking information may be incorrect. [D:\GitHub\SW2\SW2.srcs\sources_1\new\VideoTiming.vhd:]
WARNING: [filemgmt 56-199] Attempt to get parsing info during refresh. "On-the-fly" syntax checking information may be incorrect. [D:\GitHub\SW2\SW2.srcs\sources_1\new\VideoTiming.vhd:]
WARNING: [filemgmt 56-199] Attempt to get parsing info during refresh. "On-the-fly" syntax checking information may be incorrect. [D:\GitHub\SW2\SW2.srcs\sources_1\new\TickGenerator.vhd:]
WARNING: [filemgmt 56-199] Attempt to get parsing info during refresh. "On-the-fly" syntax checking information may be incorrect. [D:\GitHub\SW2\SW2.srcs\sources_1\new\ImgGen.vhd:]
WARNING: [filemgmt 56-199] Attempt to get parsing info during refresh. "On-the-fly" syntax checking information may be incorrect. [D:\GitHub\SW2\SW2.srcs\sources_1\new\GameController.vhd:]
WARNING: [filemgmt 56-199] Attempt to get parsing info during refresh. "On-the-fly" syntax checking information may be incorrect. [D:\GitHub\SW2\SW2.gen\sources_1\bd\design_1\hdl\design_1_wrapper.v:]
WARNING: [filemgmt 56-199] Attempt to get parsing info during refresh. "On-the-fly" syntax checking information may be incorrect. [D:\GitHub\SW2\SW2.srcs\sources_1\new\VideoTiming.vhd:]
WARNING: [filemgmt 56-199] Attempt to get parsing info during refresh. "On-the-fly" syntax checking information may be incorrect. [D:\GitHub\SW2\SW2.srcs\sources_1\new\EnemyController.vhd:]
WARNING: [filemgmt 56-199] Attempt to get parsing info during refresh. "On-the-fly" syntax checking information may be incorrect. [D:\GitHub\SW2\SW2.srcs\sources_1\new\angle_encoder.vhd:]
WARNING: [filemgmt 56-199] Attempt to get parsing info during refresh. "On-the-fly" syntax checking information may be incorrect. [D:\GitHub\SW2\SW2.srcs\sources_1\new\TickGenerator.vhd:]
WARNING: [filemgmt 56-199] Attempt to get parsing info during refresh. "On-the-fly" syntax checking information may be incorrect. [D:\GitHub\SW2\SW2.srcs\sources_1\new\TickGenerator.vhd:]
WARNING: [filemgmt 56-199] Attempt to get parsing info during refresh. "On-the-fly" syntax checking information may be incorrect. [D:\GitHub\SW2\SW2.srcs\sources_1\new\TickGenerator.vhd:]
WARNING: [filemgmt 56-199] Attempt to get parsing info during refresh. "On-the-fly" syntax checking information may be incorrect. [D:\GitHub\SW2\SW2.srcs\sources_1\new\ImgGen.vhd:]
WARNING: [filemgmt 56-199] Attempt to get parsing info during refresh. "On-the-fly" syntax checking information may be incorrect. [D:\GitHub\SW2\SW2.srcs\sources_1\new\GameController.vhd:]
WARNING: [filemgmt 56-199] Attempt to get parsing info during refresh. "On-the-fly" syntax checking information may be incorrect. [D:\GitHub\SW2\SW2.gen\sources_1\bd\design_1\hdl\design_1_wrapper.v:]
WARNING: [filemgmt 56-199] Attempt to get parsing info during refresh. "On-the-fly" syntax checking information may be incorrect. [D:\GitHub\SW2\SW2.srcs\sources_1\new\VideoTiming.vhd:]
WARNING: [filemgmt 56-199] Attempt to get parsing info during refresh. "On-the-fly" syntax checking information may be incorrect. [D:\GitHub\SW2\SW2.srcs\sources_1\new\EnemyController.vhd:]
WARNING: [filemgmt 56-199] Attempt to get parsing info during refresh. "On-the-fly" syntax checking information may be incorrect. [D:\GitHub\SW2\SW2.srcs\sources_1\new\angle_encoder.vhd:]
WARNING: [filemgmt 56-199] Attempt to get parsing info during refresh. "On-the-fly" syntax checking information may be incorrect. [D:\GitHub\SW2\SW2.srcs\sources_1\new\angle_encoder.vhd:]
WARNING: [filemgmt 56-199] Attempt to get parsing info during refresh. "On-the-fly" syntax checking information may be incorrect. [D:\GitHub\SW2\SW2.srcs\sources_1\new\angle_encoder.vhd:]
WARNING: [filemgmt 56-199] Attempt to get parsing info during refresh. "On-the-fly" syntax checking information may be incorrect. [D:\GitHub\SW2\SW2.srcs\sources_1\new\TickGenerator.vhd:]
WARNING: [filemgmt 56-199] Attempt to get parsing info during refresh. "On-the-fly" syntax checking information may be incorrect. [D:\GitHub\SW2\SW2.srcs\sources_1\new\ImgGen.vhd:]
WARNING: [filemgmt 56-199] Attempt to get parsing info during refresh. "On-the-fly" syntax checking information may be incorrect. [D:\GitHub\SW2\SW2.srcs\sources_1\new\GameController.vhd:]
WARNING: [filemgmt 56-199] Attempt to get parsing info during refresh. "On-the-fly" syntax checking information may be incorrect. [D:\GitHub\SW2\SW2.gen\sources_1\bd\design_1\hdl\design_1_wrapper.v:]
WARNING: [filemgmt 56-199] Attempt to get parsing info during refresh. "On-the-fly" syntax checking information may be incorrect. [D:\GitHub\SW2\SW2.srcs\sources_1\new\VideoTiming.vhd:]
WARNING: [filemgmt 56-199] Attempt to get parsing info during refresh. "On-the-fly" syntax checking information may be incorrect. [D:\GitHub\SW2\SW2.srcs\sources_1\new\EnemyController.vhd:]
WARNING: [filemgmt 56-199] Attempt to get parsing info during refresh. "On-the-fly" syntax checking information may be incorrect. [D:\GitHub\SW2\SW2.srcs\sources_1\new\angle_encoder.vhd:]
WARNING: [filemgmt 56-199] Attempt to get parsing info during refresh. "On-the-fly" syntax checking information may be incorrect. [D:\GitHub\SW2\SW2.srcs\sources_1\new\TickGenerator.vhd:]
WARNING: [filemgmt 56-199] Attempt to get parsing info during refresh. "On-the-fly" syntax checking information may be incorrect. [D:\GitHub\SW2\SW2.srcs\sources_1\new\TickGenerator.vhd:]
WARNING: [filemgmt 56-199] Attempt to get parsing info during refresh. "On-the-fly" syntax checking information may be incorrect. [D:\GitHub\SW2\SW2.srcs\sources_1\new\TickGenerator.vhd:]
WARNING: [filemgmt 56-199] Attempt to get parsing info during refresh. "On-the-fly" syntax checking information may be incorrect. [D:\GitHub\SW2\SW2.srcs\sources_1\new\ImgGen.vhd:]
WARNING: [filemgmt 56-199] Attempt to get parsing info during refresh. "On-the-fly" syntax checking information may be incorrect. [D:\GitHub\SW2\SW2.srcs\sources_1\new\GameController.vhd:]
WARNING: [filemgmt 56-199] Attempt to get parsing info during refresh. "On-the-fly" syntax checking information may be incorrect. [D:\GitHub\SW2\SW2.gen\sources_1\bd\design_1\hdl\design_1_wrapper.v:]
WARNING: [filemgmt 56-199] Attempt to get parsing info during refresh. "On-the-fly" syntax checking information may be incorrect. [D:\GitHub\SW2\SW2.srcs\sources_1\new\VideoTiming.vhd:]
WARNING: [filemgmt 56-199] Attempt to get parsing info during refresh. "On-the-fly" syntax checking information may be incorrect. [D:\GitHub\SW2\SW2.srcs\sources_1\new\EnemyController.vhd:]
WARNING: [filemgmt 56-199] Attempt to get parsing info during refresh. "On-the-fly" syntax checking information may be incorrect. [D:\GitHub\SW2\SW2.srcs\sources_1\new\angle_encoder.vhd:]
WARNING: [filemgmt 56-199] Attempt to get parsing info during refresh. "On-the-fly" syntax checking information may be incorrect. [D:\GitHub\SW2\SW2.srcs\sources_1\new\GameController.vhd:]
WARNING: [filemgmt 56-199] Attempt to get parsing info during refresh. "On-the-fly" syntax checking information may be incorrect. [D:\GitHub\SW2\SW2.srcs\sources_1\new\GameController.vhd:]
WARNING: [filemgmt 56-199] Attempt to get parsing info during refresh. "On-the-fly" syntax checking information may be incorrect. [D:\GitHub\SW2\SW2.srcs\sources_1\new\TickGenerator.vhd:]
WARNING: [filemgmt 56-199] Attempt to get parsing info during refresh. "On-the-fly" syntax checking information may be incorrect. [D:\GitHub\SW2\SW2.srcs\sources_1\new\ImgGen.vhd:]
WARNING: [filemgmt 56-199] Attempt to get parsing info during refresh. "On-the-fly" syntax checking information may be incorrect. [D:\GitHub\SW2\SW2.srcs\sources_1\new\GameController.vhd:]
WARNING: [filemgmt 56-199] Attempt to get parsing info during refresh. "On-the-fly" syntax checking information may be incorrect. [D:\GitHub\SW2\SW2.gen\sources_1\bd\design_1\hdl\design_1_wrapper.v:]
WARNING: [filemgmt 56-199] Attempt to get parsing info during refresh. "On-the-fly" syntax checking information may be incorrect. [D:\GitHub\SW2\SW2.srcs\sources_1\new\VideoTiming.vhd:]
WARNING: [filemgmt 56-199] Attempt to get parsing info during refresh. "On-the-fly" syntax checking information may be incorrect. [D:\GitHub\SW2\SW2.srcs\sources_1\new\EnemyController.vhd:]
WARNING: [filemgmt 56-199] Attempt to get parsing info during refresh. "On-the-fly" syntax checking information may be incorrect. [D:\GitHub\SW2\SW2.srcs\sources_1\new\angle_encoder.vhd:]
WARNING: [filemgmt 56-199] Attempt to get parsing info during refresh. "On-the-fly" syntax checking information may be incorrect. [D:\GitHub\SW2\SW2.srcs\sources_1\new\angle_encoder.vhd:]
WARNING: [filemgmt 56-199] Attempt to get parsing info during refresh. "On-the-fly" syntax checking information may be incorrect. [D:\GitHub\SW2\SW2.srcs\sources_1\new\angle_encoder.vhd:]
WARNING: [filemgmt 56-199] Attempt to get parsing info during refresh. "On-the-fly" syntax checking information may be incorrect. [D:\GitHub\SW2\SW2.srcs\sources_1\new\TickGenerator.vhd:]
WARNING: [filemgmt 56-199] Attempt to get parsing info during refresh. "On-the-fly" syntax checking information may be incorrect. [D:\GitHub\SW2\SW2.srcs\sources_1\new\ImgGen.vhd:]
WARNING: [filemgmt 56-199] Attempt to get parsing info during refresh. "On-the-fly" syntax checking information may be incorrect. [D:\GitHub\SW2\SW2.srcs\sources_1\new\GameController.vhd:]
WARNING: [filemgmt 56-199] Attempt to get parsing info during refresh. "On-the-fly" syntax checking information may be incorrect. [D:\GitHub\SW2\SW2.gen\sources_1\bd\design_1\hdl\design_1_wrapper.v:]
WARNING: [filemgmt 56-199] Attempt to get parsing info during refresh. "On-the-fly" syntax checking information may be incorrect. [D:\GitHub\SW2\SW2.srcs\sources_1\new\VideoTiming.vhd:]
WARNING: [filemgmt 56-199] Attempt to get parsing info during refresh. "On-the-fly" syntax checking information may be incorrect. [D:\GitHub\SW2\SW2.srcs\sources_1\new\EnemyController.vhd:]
WARNING: [filemgmt 56-199] Attempt to get parsing info during refresh. "On-the-fly" syntax checking information may be incorrect. [D:\GitHub\SW2\SW2.srcs\sources_1\new\angle_encoder.vhd:]
WARNING: [filemgmt 56-199] Attempt to get parsing info during refresh. "On-the-fly" syntax checking information may be incorrect. [D:\GitHub\SW2\SW2.srcs\sources_1\new\VideoTiming.vhd:]
WARNING: [filemgmt 56-199] Attempt to get parsing info during refresh. "On-the-fly" syntax checking information may be incorrect. [D:\GitHub\SW2\SW2.srcs\sources_1\new\VideoTiming.vhd:]
WARNING: [filemgmt 56-199] Attempt to get parsing info during refresh. "On-the-fly" syntax checking information may be incorrect. [D:\GitHub\SW2\SW2.srcs\sources_1\new\TickGenerator.vhd:]
WARNING: [filemgmt 56-199] Attempt to get parsing info during refresh. "On-the-fly" syntax checking information may be incorrect. [D:\GitHub\SW2\SW2.srcs\sources_1\new\ImgGen.vhd:]
WARNING: [filemgmt 56-199] Attempt to get parsing info during refresh. "On-the-fly" syntax checking information may be incorrect. [D:\GitHub\SW2\SW2.srcs\sources_1\new\GameController.vhd:]
WARNING: [filemgmt 56-199] Attempt to get parsing info during refresh. "On-the-fly" syntax checking information may be incorrect. [D:\GitHub\SW2\SW2.gen\sources_1\bd\design_1\hdl\design_1_wrapper.v:]
WARNING: [filemgmt 56-199] Attempt to get parsing info during refresh. "On-the-fly" syntax checking information may be incorrect. [D:\GitHub\SW2\SW2.srcs\sources_1\new\VideoTiming.vhd:]
WARNING: [filemgmt 56-199] Attempt to get parsing info during refresh. "On-the-fly" syntax checking information may be incorrect. [D:\GitHub\SW2\SW2.srcs\sources_1\new\EnemyController.vhd:]
WARNING: [filemgmt 56-199] Attempt to get parsing info during refresh. "On-the-fly" syntax checking information may be incorrect. [D:\GitHub\SW2\SW2.srcs\sources_1\new\angle_encoder.vhd:]
WARNING: [filemgmt 56-199] Attempt to get parsing info during refresh. "On-the-fly" syntax checking information may be incorrect. [D:\GitHub\SW2\SW2.srcs\sources_1\new\EnemyController.vhd:]
WARNING: [filemgmt 56-199] Attempt to get parsing info during refresh. "On-the-fly" syntax checking information may be incorrect. [D:\GitHub\SW2\SW2.srcs\sources_1\new\EnemyController.vhd:]
WARNING: [filemgmt 56-199] Attempt to get parsing info during refresh. "On-the-fly" syntax checking information may be incorrect. [D:\GitHub\SW2\SW2.srcs\sources_1\new\TickGenerator.vhd:]
WARNING: [filemgmt 56-199] Attempt to get parsing info during refresh. "On-the-fly" syntax checking information may be incorrect. [D:\GitHub\SW2\SW2.srcs\sources_1\new\ImgGen.vhd:]
WARNING: [filemgmt 56-199] Attempt to get parsing info during refresh. "On-the-fly" syntax checking information may be incorrect. [D:\GitHub\SW2\SW2.srcs\sources_1\new\GameController.vhd:]
WARNING: [filemgmt 56-199] Attempt to get parsing info during refresh. "On-the-fly" syntax checking information may be incorrect. [D:\GitHub\SW2\SW2.gen\sources_1\bd\design_1\hdl\design_1_wrapper.v:]
WARNING: [filemgmt 56-199] Attempt to get parsing info during refresh. "On-the-fly" syntax checking information may be incorrect. [D:\GitHub\SW2\SW2.srcs\sources_1\new\VideoTiming.vhd:]
WARNING: [filemgmt 56-199] Attempt to get parsing info during refresh. "On-the-fly" syntax checking information may be incorrect. [D:\GitHub\SW2\SW2.srcs\sources_1\new\EnemyController.vhd:]
WARNING: [filemgmt 56-199] Attempt to get parsing info during refresh. "On-the-fly" syntax checking information may be incorrect. [D:\GitHub\SW2\SW2.srcs\sources_1\new\angle_encoder.vhd:]
WARNING: [filemgmt 56-199] Attempt to get parsing info during refresh. "On-the-fly" syntax checking information may be incorrect. [D:\GitHub\SW2\SW2.srcs\sources_1\new\EnemyController.vhd:]
WARNING: [filemgmt 56-199] Attempt to get parsing info during refresh. "On-the-fly" syntax checking information may be incorrect. [D:\GitHub\SW2\SW2.srcs\sources_1\new\EnemyController.vhd:]
WARNING: [filemgmt 56-199] Attempt to get parsing info during refresh. "On-the-fly" syntax checking information may be incorrect. [D:\GitHub\SW2\SW2.srcs\sources_1\new\TickGenerator.vhd:]
WARNING: [filemgmt 56-199] Attempt to get parsing info during refresh. "On-the-fly" syntax checking information may be incorrect. [D:\GitHub\SW2\SW2.srcs\sources_1\new\ImgGen.vhd:]
WARNING: [filemgmt 56-199] Attempt to get parsing info during refresh. "On-the-fly" syntax checking information may be incorrect. [D:\GitHub\SW2\SW2.srcs\sources_1\new\GameController.vhd:]
WARNING: [filemgmt 56-199] Attempt to get parsing info during refresh. "On-the-fly" syntax checking information may be incorrect. [D:\GitHub\SW2\SW2.gen\sources_1\bd\design_1\hdl\design_1_wrapper.v:]
WARNING: [filemgmt 56-199] Attempt to get parsing info during refresh. "On-the-fly" syntax checking information may be incorrect. [D:\GitHub\SW2\SW2.srcs\sources_1\new\VideoTiming.vhd:]
WARNING: [filemgmt 56-199] Attempt to get parsing info during refresh. "On-the-fly" syntax checking information may be incorrect. [D:\GitHub\SW2\SW2.srcs\sources_1\new\EnemyController.vhd:]
WARNING: [filemgmt 56-199] Attempt to get parsing info during refresh. "On-the-fly" syntax checking information may be incorrect. [D:\GitHub\SW2\SW2.srcs\sources_1\new\angle_encoder.vhd:]
WARNING: [filemgmt 56-199] Attempt to get parsing info during refresh. "On-the-fly" syntax checking information may be incorrect. [D:\GitHub\SW2\SW2.gen\sources_1\bd\design_1\hdl\design_1_wrapper.v:]
WARNING: [filemgmt 56-199] Attempt to get parsing info during refresh. "On-the-fly" syntax checking information may be incorrect. [D:\GitHub\SW2\SW2.gen\sources_1\bd\design_1\hdl\design_1_wrapper.v:]
WARNING: [filemgmt 56-199] Attempt to get parsing info during refresh. "On-the-fly" syntax checking information may be incorrect. [D:\GitHub\SW2\SW2.srcs\sources_1\new\TickGenerator.vhd:]
WARNING: [filemgmt 56-199] Attempt to get parsing info during refresh. "On-the-fly" syntax checking information may be incorrect. [D:\GitHub\SW2\SW2.srcs\sources_1\new\ImgGen.vhd:]
WARNING: [filemgmt 56-199] Attempt to get parsing info during refresh. "On-the-fly" syntax checking information may be incorrect. [D:\GitHub\SW2\SW2.srcs\sources_1\new\GameController.vhd:]
WARNING: [filemgmt 56-199] Attempt to get parsing info during refresh. "On-the-fly" syntax checking information may be incorrect. [D:\GitHub\SW2\SW2.gen\sources_1\bd\design_1\hdl\design_1_wrapper.v:]
WARNING: [filemgmt 56-199] Attempt to get parsing info during refresh. "On-the-fly" syntax checking information may be incorrect. [D:\GitHub\SW2\SW2.srcs\sources_1\new\VideoTiming.vhd:]
WARNING: [filemgmt 56-199] Attempt to get parsing info during refresh. "On-the-fly" syntax checking information may be incorrect. [D:\GitHub\SW2\SW2.srcs\sources_1\new\EnemyController.vhd:]
WARNING: [filemgmt 56-199] Attempt to get parsing info during refresh. "On-the-fly" syntax checking information may be incorrect. [D:\GitHub\SW2\SW2.srcs\sources_1\new\angle_encoder.vhd:]
WARNING: [filemgmt 56-199] Attempt to get parsing info during refresh. "On-the-fly" syntax checking information may be incorrect. [D:\GitHub\SW2\SW2.srcs\sources_1\new\TickGenerator.vhd:]
WARNING: [filemgmt 56-199] Attempt to get parsing info during refresh. "On-the-fly" syntax checking information may be incorrect. [D:\GitHub\SW2\SW2.srcs\sources_1\new\TickGenerator.vhd:]
WARNING: [filemgmt 56-199] Attempt to get parsing info during refresh. "On-the-fly" syntax checking information may be incorrect. [D:\GitHub\SW2\SW2.srcs\sources_1\new\TickGenerator.vhd:]
WARNING: [filemgmt 56-199] Attempt to get parsing info during refresh. "On-the-fly" syntax checking information may be incorrect. [D:\GitHub\SW2\SW2.srcs\sources_1\new\ImgGen.vhd:]
WARNING: [filemgmt 56-199] Attempt to get parsing info during refresh. "On-the-fly" syntax checking information may be incorrect. [D:\GitHub\SW2\SW2.srcs\sources_1\new\GameController.vhd:]
WARNING: [filemgmt 56-199] Attempt to get parsing info during refresh. "On-the-fly" syntax checking information may be incorrect. [D:\GitHub\SW2\SW2.gen\sources_1\bd\design_1\hdl\design_1_wrapper.v:]
WARNING: [filemgmt 56-199] Attempt to get parsing info during refresh. "On-the-fly" syntax checking information may be incorrect. [D:\GitHub\SW2\SW2.srcs\sources_1\new\VideoTiming.vhd:]
WARNING: [filemgmt 56-199] Attempt to get parsing info during refresh. "On-the-fly" syntax checking information may be incorrect. [D:\GitHub\SW2\SW2.srcs\sources_1\new\EnemyController.vhd:]
WARNING: [filemgmt 56-199] Attempt to get parsing info during refresh. "On-the-fly" syntax checking information may be incorrect. [D:\GitHub\SW2\SW2.srcs\sources_1\new\angle_encoder.vhd:]
WARNING: [filemgmt 56-199] Attempt to get parsing info during refresh. "On-the-fly" syntax checking information may be incorrect. [D:\GitHub\SW2\SW2.srcs\sources_1\new\angle_encoder.vhd:]
WARNING: [filemgmt 56-199] Attempt to get parsing info during refresh. "On-the-fly" syntax checking information may be incorrect. [D:\GitHub\SW2\SW2.srcs\sources_1\new\angle_encoder.vhd:]
WARNING: [filemgmt 56-199] Attempt to get parsing info during refresh. "On-the-fly" syntax checking information may be incorrect. [D:\GitHub\SW2\SW2.srcs\sources_1\new\TickGenerator.vhd:]
WARNING: [filemgmt 56-199] Attempt to get parsing info during refresh. "On-the-fly" syntax checking information may be incorrect. [D:\GitHub\SW2\SW2.srcs\sources_1\new\ImgGen.vhd:]
WARNING: [filemgmt 56-199] Attempt to get parsing info during refresh. "On-the-fly" syntax checking information may be incorrect. [D:\GitHub\SW2\SW2.srcs\sources_1\new\GameController.vhd:]
WARNING: [filemgmt 56-199] Attempt to get parsing info during refresh. "On-the-fly" syntax checking information may be incorrect. [D:\GitHub\SW2\SW2.gen\sources_1\bd\design_1\hdl\design_1_wrapper.v:]
WARNING: [filemgmt 56-199] Attempt to get parsing info during refresh. "On-the-fly" syntax checking information may be incorrect. [D:\GitHub\SW2\SW2.srcs\sources_1\new\VideoTiming.vhd:]
WARNING: [filemgmt 56-199] Attempt to get parsing info during refresh. "On-the-fly" syntax checking information may be incorrect. [D:\GitHub\SW2\SW2.srcs\sources_1\new\EnemyController.vhd:]
WARNING: [filemgmt 56-199] Attempt to get parsing info during refresh. "On-the-fly" syntax checking information may be incorrect. [D:\GitHub\SW2\SW2.srcs\sources_1\new\angle_encoder.vhd:]
WARNING: [filemgmt 56-199] Attempt to get parsing info during refresh. "On-the-fly" syntax checking information may be incorrect. [D:\GitHub\SW2\SW2.srcs\sources_1\new\VideoTiming.vhd:]
WARNING: [filemgmt 56-199] Attempt to get parsing info during refresh. "On-the-fly" syntax checking information may be incorrect. [D:\GitHub\SW2\SW2.srcs\sources_1\new\VideoTiming.vhd:]
ERROR: [Common 17-180] Spawn failed: Operacja ukonczona pomyslnie.

WARNING: [filemgmt 56-199] Attempt to get parsing info during refresh. "On-the-fly" syntax checking information may be incorrect. [D:\GitHub\SW2\SW2.srcs\sources_1\new\TickGenerator.vhd:]
WARNING: [filemgmt 56-199] Attempt to get parsing info during refresh. "On-the-fly" syntax checking information may be incorrect. [D:\GitHub\SW2\SW2.srcs\sources_1\new\ImgGen.vhd:]
WARNING: [filemgmt 56-199] Attempt to get parsing info during refresh. "On-the-fly" syntax checking information may be incorrect. [D:\GitHub\SW2\SW2.srcs\sources_1\new\GameController.vhd:]
WARNING: [filemgmt 56-199] Attempt to get parsing info during refresh. "On-the-fly" syntax checking information may be incorrect. [D:\GitHub\SW2\SW2.gen\sources_1\bd\design_1\hdl\design_1_wrapper.v:]
WARNING: [filemgmt 56-199] Attempt to get parsing info during refresh. "On-the-fly" syntax checking information may be incorrect. [D:\GitHub\SW2\SW2.srcs\sources_1\new\VideoTiming.vhd:]
WARNING: [filemgmt 56-199] Attempt to get parsing info during refresh. "On-the-fly" syntax checking information may be incorrect. [D:\GitHub\SW2\SW2.srcs\sources_1\new\EnemyController.vhd:]
WARNING: [filemgmt 56-199] Attempt to get parsing info during refresh. "On-the-fly" syntax checking information may be incorrect. [D:\GitHub\SW2\SW2.srcs\sources_1\new\angle_encoder.vhd:]
WARNING: [filemgmt 56-199] Attempt to get parsing info during refresh. "On-the-fly" syntax checking information may be incorrect. [D:\GitHub\SW2\SW2.srcs\sources_1\new\GameController.vhd:]
WARNING: [filemgmt 56-199] Attempt to get parsing info during refresh. "On-the-fly" syntax checking information may be incorrect. [D:\GitHub\SW2\SW2.srcs\sources_1\new\GameController.vhd:]
ERROR: [Common 17-180] Spawn failed: Operacja ukonczona pomyslnie.

report_ip_status -name ip_status 
upgrade_ip [get_ips  design_1_clk_wiz_0_0] -log ip_upgrade.log
Upgrading 'D:/GitHub/SW2/SW2.srcs/sources_1/bd/design_1/design_1.bd'
INFO: [Device 21-403] Loading part xczu3eg-sfvc784-2-e
WARNING: [IP_Flow 19-4050] The normal upgrade process failed due to validation failures in the given configuration. Attempting partial upgrade to set as many user parameters as possible. Please check the parameters whose values were not applied.
WARNING: [IP_Flow 19-3438] Customization errors found on 'design_1_clk_wiz_0_0'. Restoring to previous valid configuration.
WARNING: [IP_Flow 19-1721] During upgrade of 'design_1_clk_wiz_0_0':
The upgraded user parameter set contained parameters that could not be mapped on to the upgraded IP. When checking the upgrade script, note that parameter names are case sensitive.

CRITICAL WARNING: [IP_Flow 19-3421] Upgrade of 'design_1_clk_wiz_0_0' (Clocking Wizard 6.0) from revision 16 to revision 17 has resulted in an incomplete parameterization. Please review the message log, and recustomize this instance before continuing with your design.
WARNING: [IP_Flow 19-4699] Upgrade has removed interface 'CLK_IN1_D'
WARNING: [IP_Flow 19-3670] Detected external interface differences while upgrading 'design_1_clk_wiz_0_0'.
WARNING: [IP_Flow 19-4700] Upgrade has removed port 'clk125'
WARNING: [IP_Flow 19-4700] Upgrade has removed port 'clk25'
WARNING: [IP_Flow 19-4700] Upgrade has removed port 'clk_in1_n'
WARNING: [IP_Flow 19-4700] Upgrade has removed port 'clk_in1_p'
WARNING: [IP_Flow 19-4698] Upgrade has added port 'clk_in1'
WARNING: [IP_Flow 19-4698] Upgrade has added port 'clk_out1'
WARNING: [IP_Flow 19-3298] Detected external port differences while upgrading 'design_1_clk_wiz_0_0'. These changes may impact your design.
CRITICAL WARNING: [BD 41-1165] The interface pin 'CLK_IN1_D' with bus definition 'xilinx.com:interface:diff_clock:1.0' is not found on the upgraded version of the cell '/clk_wiz_0'. Its connection to the interface net 'clk_100mhz_1' has been removed. 
CRITICAL WARNING: [BD 41-1167] The pin 'clk25' is not found on the upgraded version of the cell '/clk_wiz_0'. Its connection to the net 'clk_wiz_0_clk25' has been removed.
CRITICAL WARNING: [BD 41-1167] The pin 'clk125' is not found on the upgraded version of the cell '/clk_wiz_0'. Its connection to the net 'clk_wiz_0_clk125' has been removed.
CRITICAL WARNING: [Coretcl 2-1279] The upgrade of 'design_1_clk_wiz_0_0' has identified issues that may require user intervention. Please review the upgrade log 'd:/GitHub/SW2/ip_upgrade.log', and verify that the upgraded IP is correctly configured.
WARNING: [BD 41-2671] The dangling interface net <clk_100mhz_1> will not be written out to the BD file.
WARNING: [BD 41-597] NET <clk_wiz_0_clk25> has no source
WARNING: [BD 41-597] NET <clk_wiz_0_clk125> has no source
Wrote  : <D:\GitHub\SW2\SW2.srcs\sources_1\bd\design_1\design_1.bd> 
Wrote  : <D:/GitHub/SW2/SW2.srcs/sources_1/bd/design_1/ui/bd_1f5defd0.ui> 
INFO: [Coretcl 2-1525] Wrote upgrade log to 'D:/GitHub/SW2/ip_upgrade.log'.
upgrade_ip: Time (s): cpu = 00:00:14 ; elapsed = 00:00:30 . Memory (MB): peak = 2763.332 ; gain = 996.320
export_ip_user_files -of_objects [get_ips design_1_clk_wiz_0_0] -no_script -sync -force -quiet
update_module_reference [get_ips  {design_1_EnemyController_0_0 design_1_TickGenerator_0_0 design_1_ImgGen_0_0 design_1_GameController_0_0}]
INFO: [IP_Flow 19-5107] Inferred bus interface 'RstN' of definition 'xilinx.com:signal:reset:1.0' (from Xilinx Repository).
INFO: [IP_Flow 19-5107] Inferred bus interface 'Clk' of definition 'xilinx.com:signal:clock:1.0' (from Xilinx Repository).
INFO: [IP_Flow 19-4728] Bus Interface 'RstN': Added interface parameter 'POLARITY' with value 'ACTIVE_LOW'.
INFO: [IP_Flow 19-4728] Bus Interface 'Clk': Added interface parameter 'ASSOCIATED_RESET' with value 'RstN'.
WARNING: [IP_Flow 19-5661] Bus Interface 'Clk' does not have any bus interfaces associated with it.
WARNING: [IP_Flow 19-11770] Clock interface 'Clk' has no FREQ_HZ parameter.
INFO: [IP_Flow 19-5107] Inferred bus interface 'RstN' of definition 'xilinx.com:signal:reset:1.0' (from Xilinx Repository).
INFO: [IP_Flow 19-5107] Inferred bus interface 'Clk' of definition 'xilinx.com:signal:clock:1.0' (from Xilinx Repository).
INFO: [IP_Flow 19-4728] Bus Interface 'RstN': Added interface parameter 'POLARITY' with value 'ACTIVE_LOW'.
INFO: [IP_Flow 19-4728] Bus Interface 'Clk': Added interface parameter 'ASSOCIATED_RESET' with value 'RstN'.
WARNING: [IP_Flow 19-5661] Bus Interface 'Clk' does not have any bus interfaces associated with it.
WARNING: [IP_Flow 19-11770] Clock interface 'Clk' has no FREQ_HZ parameter.
INFO: [IP_Flow 19-5107] Inferred bus interface 'RstN' of definition 'xilinx.com:signal:reset:1.0' (from Xilinx Repository).
INFO: [IP_Flow 19-5107] Inferred bus interface 'Clk' of definition 'xilinx.com:signal:clock:1.0' (from Xilinx Repository).
INFO: [IP_Flow 19-4728] Bus Interface 'RstN': Added interface parameter 'POLARITY' with value 'ACTIVE_LOW'.
INFO: [IP_Flow 19-4728] Bus Interface 'Clk': Added interface parameter 'ASSOCIATED_RESET' with value 'RstN'.
WARNING: [IP_Flow 19-5661] Bus Interface 'Clk' does not have any bus interfaces associated with it.
WARNING: [IP_Flow 19-11770] Clock interface 'Clk' has no FREQ_HZ parameter.
INFO: [IP_Flow 19-5107] Inferred bus interface 'RstN' of definition 'xilinx.com:signal:reset:1.0' (from Xilinx Repository).
INFO: [IP_Flow 19-5107] Inferred bus interface 'Clk' of definition 'xilinx.com:signal:clock:1.0' (from Xilinx Repository).
INFO: [IP_Flow 19-4728] Bus Interface 'RstN': Added interface parameter 'POLARITY' with value 'ACTIVE_LOW'.
INFO: [IP_Flow 19-4728] Bus Interface 'Clk': Added interface parameter 'ASSOCIATED_RESET' with value 'RstN'.
WARNING: [IP_Flow 19-5661] Bus Interface 'Clk' does not have any bus interfaces associated with it.
WARNING: [IP_Flow 19-11770] Clock interface 'Clk' has no FREQ_HZ parameter.
INFO: [IP_Flow 19-5107] Inferred bus interface 'RstN' of definition 'xilinx.com:signal:reset:1.0' (from Xilinx Repository).
INFO: [IP_Flow 19-5107] Inferred bus interface 'Clk' of definition 'xilinx.com:signal:clock:1.0' (from Xilinx Repository).
INFO: [IP_Flow 19-4728] Bus Interface 'RstN': Added interface parameter 'POLARITY' with value 'ACTIVE_LOW'.
INFO: [IP_Flow 19-4728] Bus Interface 'Clk': Added interface parameter 'ASSOCIATED_RESET' with value 'RstN'.
WARNING: [IP_Flow 19-5661] Bus Interface 'Clk' does not have any bus interfaces associated with it.
WARNING: [IP_Flow 19-11770] Clock interface 'Clk' has no FREQ_HZ parameter.
INFO: [IP_Flow 19-5107] Inferred bus interface 'RstN' of definition 'xilinx.com:signal:reset:1.0' (from Xilinx Repository).
INFO: [IP_Flow 19-5107] Inferred bus interface 'Clk' of definition 'xilinx.com:signal:clock:1.0' (from Xilinx Repository).
INFO: [IP_Flow 19-4728] Bus Interface 'RstN': Added interface parameter 'POLARITY' with value 'ACTIVE_LOW'.
INFO: [IP_Flow 19-4728] Bus Interface 'Clk': Added interface parameter 'ASSOCIATED_RESET' with value 'RstN'.
WARNING: [IP_Flow 19-5661] Bus Interface 'Clk' does not have any bus interfaces associated with it.
WARNING: [IP_Flow 19-11770] Clock interface 'Clk' has no FREQ_HZ parameter.
INFO: [IP_Flow 19-5107] Inferred bus interface 'RstN' of definition 'xilinx.com:signal:reset:1.0' (from Xilinx Repository).
INFO: [IP_Flow 19-5107] Inferred bus interface 'Clk' of definition 'xilinx.com:signal:clock:1.0' (from Xilinx Repository).
INFO: [IP_Flow 19-4728] Bus Interface 'RstN': Added interface parameter 'POLARITY' with value 'ACTIVE_LOW'.
INFO: [IP_Flow 19-4728] Bus Interface 'Clk': Added interface parameter 'ASSOCIATED_RESET' with value 'RstN'.
WARNING: [IP_Flow 19-5661] Bus Interface 'Clk' does not have any bus interfaces associated with it.
WARNING: [IP_Flow 19-11770] Clock interface 'Clk' has no FREQ_HZ parameter.
INFO: [IP_Flow 19-5107] Inferred bus interface 'RstN' of definition 'xilinx.com:signal:reset:1.0' (from Xilinx Repository).
INFO: [IP_Flow 19-5107] Inferred bus interface 'Clk' of definition 'xilinx.com:signal:clock:1.0' (from Xilinx Repository).
INFO: [IP_Flow 19-4728] Bus Interface 'RstN': Added interface parameter 'POLARITY' with value 'ACTIVE_LOW'.
INFO: [IP_Flow 19-4728] Bus Interface 'Clk': Added interface parameter 'ASSOCIATED_RESET' with value 'RstN'.
WARNING: [IP_Flow 19-5661] Bus Interface 'Clk' does not have any bus interfaces associated with it.
WARNING: [IP_Flow 19-11770] Clock interface 'Clk' has no FREQ_HZ parameter.
Upgrading 'D:/GitHub/SW2/SW2.srcs/sources_1/bd/design_1/design_1.bd'
INFO: [IP_Flow 19-3420] Updated design_1_EnemyController_0_0 to use current project options
WARNING: [IP_Flow 19-4698] Upgrade has added port 'PlayerAngle'
WARNING: [IP_Flow 19-4698] Upgrade has added port 'ShootBtn'
WARNING: [IP_Flow 19-3298] Detected external port differences while upgrading 'design_1_EnemyController_0_0'. These changes may impact your design.
WARNING: [filemgmt 56-199] Attempt to get parsing info during refresh. "On-the-fly" syntax checking information may be incorrect. [D:\GitHub\SW2\SW2.srcs\sources_1\new\TickGenerator.vhd:]
WARNING: [filemgmt 56-199] Attempt to get parsing info during refresh. "On-the-fly" syntax checking information may be incorrect. [D:\GitHub\SW2\SW2.srcs\sources_1\new\ImgGen.vhd:]
WARNING: [filemgmt 56-199] Attempt to get parsing info during refresh. "On-the-fly" syntax checking information may be incorrect. [D:\GitHub\SW2\SW2.srcs\sources_1\new\GameController.vhd:]
WARNING: [filemgmt 56-199] Attempt to get parsing info during refresh. "On-the-fly" syntax checking information may be incorrect. [D:\GitHub\SW2\SW2.gen\sources_1\bd\design_1\hdl\design_1_wrapper.v:]
WARNING: [filemgmt 56-199] Attempt to get parsing info during refresh. "On-the-fly" syntax checking information may be incorrect. [D:\GitHub\SW2\SW2.srcs\sources_1\new\VideoTiming.vhd:]
WARNING: [filemgmt 56-199] Attempt to get parsing info during refresh. "On-the-fly" syntax checking information may be incorrect. [D:\GitHub\SW2\SW2.srcs\sources_1\new\EnemyController.vhd:]
WARNING: [filemgmt 56-199] Attempt to get parsing info during refresh. "On-the-fly" syntax checking information may be incorrect. [D:\GitHub\SW2\SW2.srcs\sources_1\new\angle_encoder.vhd:]
WARNING: [filemgmt 56-199] Attempt to get parsing info during refresh. "On-the-fly" syntax checking information may be incorrect. [D:\GitHub\SW2\SW2.srcs\sources_1\new\GameController.vhd:]
WARNING: [filemgmt 56-199] Attempt to get parsing info during refresh. "On-the-fly" syntax checking information may be incorrect. [D:\GitHub\SW2\SW2.srcs\sources_1\new\GameController.vhd:]
WARNING: [filemgmt 56-199] Attempt to get parsing info during refresh. "On-the-fly" syntax checking information may be incorrect. [D:\GitHub\SW2\SW2.srcs\sources_1\new\TickGenerator.vhd:]
WARNING: [filemgmt 56-199] Attempt to get parsing info during refresh. "On-the-fly" syntax checking information may be incorrect. [D:\GitHub\SW2\SW2.srcs\sources_1\new\ImgGen.vhd:]
WARNING: [filemgmt 56-199] Attempt to get parsing info during refresh. "On-the-fly" syntax checking information may be incorrect. [D:\GitHub\SW2\SW2.srcs\sources_1\new\GameController.vhd:]
WARNING: [filemgmt 56-199] Attempt to get parsing info during refresh. "On-the-fly" syntax checking information may be incorrect. [D:\GitHub\SW2\SW2.gen\sources_1\bd\design_1\hdl\design_1_wrapper.v:]
WARNING: [filemgmt 56-199] Attempt to get parsing info during refresh. "On-the-fly" syntax checking information may be incorrect. [D:\GitHub\SW2\SW2.srcs\sources_1\new\VideoTiming.vhd:]
WARNING: [filemgmt 56-199] Attempt to get parsing info during refresh. "On-the-fly" syntax checking information may be incorrect. [D:\GitHub\SW2\SW2.srcs\sources_1\new\EnemyController.vhd:]
WARNING: [filemgmt 56-199] Attempt to get parsing info during refresh. "On-the-fly" syntax checking information may be incorrect. [D:\GitHub\SW2\SW2.srcs\sources_1\new\angle_encoder.vhd:]
WARNING: [filemgmt 56-199] Attempt to get parsing info during refresh. "On-the-fly" syntax checking information may be incorrect. [D:\GitHub\SW2\SW2.srcs\sources_1\new\EnemyController.vhd:]
WARNING: [filemgmt 56-199] Attempt to get parsing info during refresh. "On-the-fly" syntax checking information may be incorrect. [D:\GitHub\SW2\SW2.srcs\sources_1\new\EnemyController.vhd:]
WARNING: [filemgmt 56-199] Attempt to get parsing info during refresh. "On-the-fly" syntax checking information may be incorrect. [D:\GitHub\SW2\SW2.srcs\sources_1\new\TickGenerator.vhd:]
WARNING: [filemgmt 56-199] Attempt to get parsing info during refresh. "On-the-fly" syntax checking information may be incorrect. [D:\GitHub\SW2\SW2.srcs\sources_1\new\ImgGen.vhd:]
WARNING: [filemgmt 56-199] Attempt to get parsing info during refresh. "On-the-fly" syntax checking information may be incorrect. [D:\GitHub\SW2\SW2.srcs\sources_1\new\GameController.vhd:]
WARNING: [filemgmt 56-199] Attempt to get parsing info during refresh. "On-the-fly" syntax checking information may be incorrect. [D:\GitHub\SW2\SW2.gen\sources_1\bd\design_1\hdl\design_1_wrapper.v:]
WARNING: [filemgmt 56-199] Attempt to get parsing info during refresh. "On-the-fly" syntax checking information may be incorrect. [D:\GitHub\SW2\SW2.srcs\sources_1\new\VideoTiming.vhd:]
WARNING: [filemgmt 56-199] Attempt to get parsing info during refresh. "On-the-fly" syntax checking information may be incorrect. [D:\GitHub\SW2\SW2.srcs\sources_1\new\EnemyController.vhd:]
WARNING: [filemgmt 56-199] Attempt to get parsing info during refresh. "On-the-fly" syntax checking information may be incorrect. [D:\GitHub\SW2\SW2.srcs\sources_1\new\angle_encoder.vhd:]
WARNING: [filemgmt 56-199] Attempt to get parsing info during refresh. "On-the-fly" syntax checking information may be incorrect. [D:\GitHub\SW2\SW2.srcs\sources_1\new\TickGenerator.vhd:]
WARNING: [filemgmt 56-199] Attempt to get parsing info during refresh. "On-the-fly" syntax checking information may be incorrect. [D:\GitHub\SW2\SW2.srcs\sources_1\new\TickGenerator.vhd:]
WARNING: [filemgmt 56-199] Attempt to get parsing info during refresh. "On-the-fly" syntax checking information may be incorrect. [D:\GitHub\SW2\SW2.srcs\sources_1\new\TickGenerator.vhd:]
WARNING: [filemgmt 56-199] Attempt to get parsing info during refresh. "On-the-fly" syntax checking information may be incorrect. [D:\GitHub\SW2\SW2.srcs\sources_1\new\ImgGen.vhd:]
WARNING: [filemgmt 56-199] Attempt to get parsing info during refresh. "On-the-fly" syntax checking information may be incorrect. [D:\GitHub\SW2\SW2.srcs\sources_1\new\GameController.vhd:]
WARNING: [filemgmt 56-199] Attempt to get parsing info during refresh. "On-the-fly" syntax checking information may be incorrect. [D:\GitHub\SW2\SW2.gen\sources_1\bd\design_1\hdl\design_1_wrapper.v:]
WARNING: [filemgmt 56-199] Attempt to get parsing info during refresh. "On-the-fly" syntax checking information may be incorrect. [D:\GitHub\SW2\SW2.srcs\sources_1\new\VideoTiming.vhd:]
WARNING: [filemgmt 56-199] Attempt to get parsing info during refresh. "On-the-fly" syntax checking information may be incorrect. [D:\GitHub\SW2\SW2.srcs\sources_1\new\EnemyController.vhd:]
WARNING: [filemgmt 56-199] Attempt to get parsing info during refresh. "On-the-fly" syntax checking information may be incorrect. [D:\GitHub\SW2\SW2.srcs\sources_1\new\angle_encoder.vhd:]
WARNING: [filemgmt 56-199] Attempt to get parsing info during refresh. "On-the-fly" syntax checking information may be incorrect. [D:\GitHub\SW2\SW2.srcs\sources_1\new\ImgGen.vhd:]
WARNING: [filemgmt 56-199] Attempt to get parsing info during refresh. "On-the-fly" syntax checking information may be incorrect. [D:\GitHub\SW2\SW2.srcs\sources_1\new\ImgGen.vhd:]
WARNING: [filemgmt 56-199] Attempt to get parsing info during refresh. "On-the-fly" syntax checking information may be incorrect. [D:\GitHub\SW2\SW2.srcs\sources_1\new\TickGenerator.vhd:]
WARNING: [filemgmt 56-199] Attempt to get parsing info during refresh. "On-the-fly" syntax checking information may be incorrect. [D:\GitHub\SW2\SW2.srcs\sources_1\new\ImgGen.vhd:]
WARNING: [filemgmt 56-199] Attempt to get parsing info during refresh. "On-the-fly" syntax checking information may be incorrect. [D:\GitHub\SW2\SW2.srcs\sources_1\new\GameController.vhd:]
WARNING: [filemgmt 56-199] Attempt to get parsing info during refresh. "On-the-fly" syntax checking information may be incorrect. [D:\GitHub\SW2\SW2.gen\sources_1\bd\design_1\hdl\design_1_wrapper.v:]
WARNING: [filemgmt 56-199] Attempt to get parsing info during refresh. "On-the-fly" syntax checking information may be incorrect. [D:\GitHub\SW2\SW2.srcs\sources_1\new\VideoTiming.vhd:]
WARNING: [filemgmt 56-199] Attempt to get parsing info during refresh. "On-the-fly" syntax checking information may be incorrect. [D:\GitHub\SW2\SW2.srcs\sources_1\new\EnemyController.vhd:]
WARNING: [filemgmt 56-199] Attempt to get parsing info during refresh. "On-the-fly" syntax checking information may be incorrect. [D:\GitHub\SW2\SW2.srcs\sources_1\new\angle_encoder.vhd:]
WARNING: [filemgmt 56-199] Attempt to get parsing info during refresh. "On-the-fly" syntax checking information may be incorrect. [D:\GitHub\SW2\SW2.srcs\sources_1\new\VideoTiming.vhd:]
WARNING: [filemgmt 56-199] Attempt to get parsing info during refresh. "On-the-fly" syntax checking information may be incorrect. [D:\GitHub\SW2\SW2.srcs\sources_1\new\VideoTiming.vhd:]
INFO: [IP_Flow 19-3420] Updated design_1_GameController_0_0 to use current project options
INFO: [IP_Flow 19-3420] Updated design_1_ImgGen_0_0 to use current project options
INFO: [IP_Flow 19-3420] Updated design_1_TickGenerator_0_0 to use current project options
CRITICAL WARNING: [Coretcl 2-1280] The upgrade of 'design_1_EnemyController_0_0' has identified issues that may require user intervention. Please verify that the instance is correctly configured, and review any upgrade messages.
WARNING: [BD 41-2671] The dangling interface net <clk_100mhz_1> will not be written out to the BD file.
WARNING: [BD 41-597] NET <clk_wiz_0_clk25> has no source
WARNING: [BD 41-597] NET <clk_wiz_0_clk125> has no source
Wrote  : <D:\GitHub\SW2\SW2.srcs\sources_1\bd\design_1\design_1.bd> 
Wrote  : <D:/GitHub/SW2/SW2.srcs/sources_1/bd/design_1/ui/bd_1f5defd0.ui> 
update_module_reference: Time (s): cpu = 00:00:07 ; elapsed = 00:00:05 . Memory (MB): peak = 2763.332 ; gain = 0.000
create_ip_run [get_files -of_objects [get_fileset sources_1] D:/GitHub/SW2/SW2.srcs/sources_1/bd/design_1/design_1.bd]
launch_runs design_1_EnemyController_0_0_synth_1 design_1_GameController_0_0_synth_1 design_1_ImgGen_0_0_synth_1 design_1_TickGenerator_0_0_synth_1 design_1_clk_wiz_0_0_synth_1 -jobs 2
WARNING: [Vivado 12-4802] The synthesis checkpoint for IP 'D:/GitHub/SW2/SW2.srcs/sources_1/bd/design_1/ip/design_1_EnemyController_0_0/design_1_EnemyController_0_0.xci' is not generated and IP is locked. An out-of-context (OOC) run will be created and/or launched, but synthesis may not be able to complete or could result in incorrect behavior.
Please select 'Report IP Status' from the 'Tools/Report' menu or run Tcl command 'report_ip_status' for more information.
WARNING: [Vivado 12-4802] The synthesis checkpoint for IP 'D:/GitHub/SW2/SW2.srcs/sources_1/bd/design_1/ip/design_1_GameController_0_0/design_1_GameController_0_0.xci' is not generated and IP is locked. An out-of-context (OOC) run will be created and/or launched, but synthesis may not be able to complete or could result in incorrect behavior.
Please select 'Report IP Status' from the 'Tools/Report' menu or run Tcl command 'report_ip_status' for more information.
WARNING: [Vivado 12-4802] The synthesis checkpoint for IP 'D:/GitHub/SW2/SW2.srcs/sources_1/bd/design_1/ip/design_1_ImgGen_0_0/design_1_ImgGen_0_0.xci' is not generated and IP is locked. An out-of-context (OOC) run will be created and/or launched, but synthesis may not be able to complete or could result in incorrect behavior.
Please select 'Report IP Status' from the 'Tools/Report' menu or run Tcl command 'report_ip_status' for more information.
WARNING: [Vivado 12-4802] The synthesis checkpoint for IP 'D:/GitHub/SW2/SW2.srcs/sources_1/bd/design_1/ip/design_1_TickGenerator_0_0/design_1_TickGenerator_0_0.xci' is not generated and IP is locked. An out-of-context (OOC) run will be created and/or launched, but synthesis may not be able to complete or could result in incorrect behavior.
Please select 'Report IP Status' from the 'Tools/Report' menu or run Tcl command 'report_ip_status' for more information.
WARNING: [Vivado 12-4802] The synthesis checkpoint for IP 'D:/GitHub/SW2/SW2.srcs/sources_1/bd/design_1/ip/design_1_clk_wiz_0_0/design_1_clk_wiz_0_0.xci' is not generated and IP is locked. An out-of-context (OOC) run will be created and/or launched, but synthesis may not be able to complete or could result in incorrect behavior.
Please select 'Report IP Status' from the 'Tools/Report' menu or run Tcl command 'report_ip_status' for more information.
[Mon Jun 22 08:11:31 2026] Launched design_1_EnemyController_0_0_synth_1, design_1_GameController_0_0_synth_1, design_1_ImgGen_0_0_synth_1, design_1_TickGenerator_0_0_synth_1, design_1_clk_wiz_0_0_synth_1...
Run output will be captured here:
design_1_EnemyController_0_0_synth_1: D:/GitHub/SW2/SW2.runs/design_1_EnemyController_0_0_synth_1/runme.log
design_1_GameController_0_0_synth_1: D:/GitHub/SW2/SW2.runs/design_1_GameController_0_0_synth_1/runme.log
design_1_ImgGen_0_0_synth_1: D:/GitHub/SW2/SW2.runs/design_1_ImgGen_0_0_synth_1/runme.log
design_1_TickGenerator_0_0_synth_1: D:/GitHub/SW2/SW2.runs/design_1_TickGenerator_0_0_synth_1/runme.log
design_1_clk_wiz_0_0_synth_1: D:/GitHub/SW2/SW2.runs/design_1_clk_wiz_0_0_synth_1/runme.log
WARNING: [filemgmt 56-199] Attempt to get parsing info during refresh. "On-the-fly" syntax checking information may be incorrect. [D:\GitHub\SW2\SW2.srcs\sources_1\new\TickGenerator.vhd:]
WARNING: [filemgmt 56-199] Attempt to get parsing info during refresh. "On-the-fly" syntax checking information may be incorrect. [D:\GitHub\SW2\SW2.srcs\sources_1\new\ImgGen.vhd:]
WARNING: [filemgmt 56-199] Attempt to get parsing info during refresh. "On-the-fly" syntax checking information may be incorrect. [D:\GitHub\SW2\SW2.srcs\sources_1\new\GameController.vhd:]
WARNING: [filemgmt 56-199] Attempt to get parsing info during refresh. "On-the-fly" syntax checking information may be incorrect. [D:\GitHub\SW2\SW2.gen\sources_1\bd\design_1\hdl\design_1_wrapper.v:]
WARNING: [filemgmt 56-199] Attempt to get parsing info during refresh. "On-the-fly" syntax checking information may be incorrect. [D:\GitHub\SW2\SW2.srcs\sources_1\new\VideoTiming.vhd:]
WARNING: [filemgmt 56-199] Attempt to get parsing info during refresh. "On-the-fly" syntax checking information may be incorrect. [D:\GitHub\SW2\SW2.srcs\sources_1\new\EnemyController.vhd:]
WARNING: [filemgmt 56-199] Attempt to get parsing info during refresh. "On-the-fly" syntax checking information may be incorrect. [D:\GitHub\SW2\SW2.srcs\sources_1\new\angle_encoder.vhd:]
WARNING: [filemgmt 56-199] Attempt to get parsing info during refresh. "On-the-fly" syntax checking information may be incorrect. [D:\GitHub\SW2\SW2.srcs\sources_1\new\angle_encoder.vhd:]
WARNING: [filemgmt 56-199] Attempt to get parsing info during refresh. "On-the-fly" syntax checking information may be incorrect. [D:\GitHub\SW2\SW2.srcs\sources_1\new\angle_encoder.vhd:]
WARNING: [filemgmt 56-199] Attempt to get parsing info during refresh. "On-the-fly" syntax checking information may be incorrect. [D:\GitHub\SW2\SW2.srcs\sources_1\new\TickGenerator.vhd:]
WARNING: [filemgmt 56-199] Attempt to get parsing info during refresh. "On-the-fly" syntax checking information may be incorrect. [D:\GitHub\SW2\SW2.srcs\sources_1\new\ImgGen.vhd:]
WARNING: [filemgmt 56-199] Attempt to get parsing info during refresh. "On-the-fly" syntax checking information may be incorrect. [D:\GitHub\SW2\SW2.srcs\sources_1\new\GameController.vhd:]
WARNING: [filemgmt 56-199] Attempt to get parsing info during refresh. "On-the-fly" syntax checking information may be incorrect. [D:\GitHub\SW2\SW2.gen\sources_1\bd\design_1\hdl\design_1_wrapper.v:]
WARNING: [filemgmt 56-199] Attempt to get parsing info during refresh. "On-the-fly" syntax checking information may be incorrect. [D:\GitHub\SW2\SW2.srcs\sources_1\new\VideoTiming.vhd:]
WARNING: [filemgmt 56-199] Attempt to get parsing info during refresh. "On-the-fly" syntax checking information may be incorrect. [D:\GitHub\SW2\SW2.srcs\sources_1\new\EnemyController.vhd:]
WARNING: [filemgmt 56-199] Attempt to get parsing info during refresh. "On-the-fly" syntax checking information may be incorrect. [D:\GitHub\SW2\SW2.srcs\sources_1\new\angle_encoder.vhd:]
WARNING: [filemgmt 56-199] Attempt to get parsing info during refresh. "On-the-fly" syntax checking information may be incorrect. [D:\GitHub\SW2\SW2.srcs\sources_1\new\VideoTiming.vhd:]
WARNING: [filemgmt 56-199] Attempt to get parsing info during refresh. "On-the-fly" syntax checking information may be incorrect. [D:\GitHub\SW2\SW2.srcs\sources_1\new\VideoTiming.vhd:]
WARNING: [filemgmt 56-199] Attempt to get parsing info during refresh. "On-the-fly" syntax checking information may be incorrect. [D:\GitHub\SW2\SW2.srcs\sources_1\new\TickGenerator.vhd:]
WARNING: [filemgmt 56-199] Attempt to get parsing info during refresh. "On-the-fly" syntax checking information may be incorrect. [D:\GitHub\SW2\SW2.srcs\sources_1\new\ImgGen.vhd:]
WARNING: [filemgmt 56-199] Attempt to get parsing info during refresh. "On-the-fly" syntax checking information may be incorrect. [D:\GitHub\SW2\SW2.srcs\sources_1\new\GameController.vhd:]
WARNING: [filemgmt 56-199] Attempt to get parsing info during refresh. "On-the-fly" syntax checking information may be incorrect. [D:\GitHub\SW2\SW2.gen\sources_1\bd\design_1\hdl\design_1_wrapper.v:]
WARNING: [filemgmt 56-199] Attempt to get parsing info during refresh. "On-the-fly" syntax checking information may be incorrect. [D:\GitHub\SW2\SW2.srcs\sources_1\new\VideoTiming.vhd:]
WARNING: [filemgmt 56-199] Attempt to get parsing info during refresh. "On-the-fly" syntax checking information may be incorrect. [D:\GitHub\SW2\SW2.srcs\sources_1\new\EnemyController.vhd:]
WARNING: [filemgmt 56-199] Attempt to get parsing info during refresh. "On-the-fly" syntax checking information may be incorrect. [D:\GitHub\SW2\SW2.srcs\sources_1\new\angle_encoder.vhd:]
WARNING: [filemgmt 56-199] Attempt to get parsing info during refresh. "On-the-fly" syntax checking information may be incorrect. [D:\GitHub\SW2\SW2.srcs\sources_1\new\ImgGen.vhd:]
WARNING: [filemgmt 56-199] Attempt to get parsing info during refresh. "On-the-fly" syntax checking information may be incorrect. [D:\GitHub\SW2\SW2.srcs\sources_1\new\ImgGen.vhd:]
WARNING: [filemgmt 56-199] Attempt to get parsing info during refresh. "On-the-fly" syntax checking information may be incorrect. [D:\GitHub\SW2\SW2.srcs\sources_1\new\TickGenerator.vhd:]
WARNING: [filemgmt 56-199] Attempt to get parsing info during refresh. "On-the-fly" syntax checking information may be incorrect. [D:\GitHub\SW2\SW2.srcs\sources_1\new\ImgGen.vhd:]
WARNING: [filemgmt 56-199] Attempt to get parsing info during refresh. "On-the-fly" syntax checking information may be incorrect. [D:\GitHub\SW2\SW2.srcs\sources_1\new\GameController.vhd:]
WARNING: [filemgmt 56-199] Attempt to get parsing info during refresh. "On-the-fly" syntax checking information may be incorrect. [D:\GitHub\SW2\SW2.gen\sources_1\bd\design_1\hdl\design_1_wrapper.v:]
WARNING: [filemgmt 56-199] Attempt to get parsing info during refresh. "On-the-fly" syntax checking information may be incorrect. [D:\GitHub\SW2\SW2.srcs\sources_1\new\VideoTiming.vhd:]
WARNING: [filemgmt 56-199] Attempt to get parsing info during refresh. "On-the-fly" syntax checking information may be incorrect. [D:\GitHub\SW2\SW2.srcs\sources_1\new\EnemyController.vhd:]
WARNING: [filemgmt 56-199] Attempt to get parsing info during refresh. "On-the-fly" syntax checking information may be incorrect. [D:\GitHub\SW2\SW2.srcs\sources_1\new\angle_encoder.vhd:]
WARNING: [filemgmt 56-199] Attempt to get parsing info during refresh. "On-the-fly" syntax checking information may be incorrect. [D:\GitHub\SW2\SW2.srcs\sources_1\new\TickGenerator.vhd:]
WARNING: [filemgmt 56-199] Attempt to get parsing info during refresh. "On-the-fly" syntax checking information may be incorrect. [D:\GitHub\SW2\SW2.srcs\sources_1\new\TickGenerator.vhd:]
ERROR: [Common 17-180] Spawn failed: Operacja ukonczona pomyslnie.

startgroup
set_property -dict [list \
  CONFIG.CLKOUT1_JITTER {148.007} \
  CONFIG.CLKOUT1_PHASE_ERROR {84.520} \
  CONFIG.CLKOUT1_REQUESTED_OUT_FREQ {25} \
  CONFIG.CLKOUT2_JITTER {107.502} \
  CONFIG.CLKOUT2_PHASE_ERROR {84.520} \
  CONFIG.CLKOUT2_USED {true} \
  CONFIG.MMCM_CLKFBOUT_MULT_F {12.500} \
  CONFIG.MMCM_CLKOUT0_DIVIDE_F {50.000} \
  CONFIG.MMCM_CLKOUT1_DIVIDE {10} \
  CONFIG.MMCM_DIVCLK_DIVIDE {1} \
  CONFIG.NUM_OUT_CLKS {2} \
  CONFIG.USE_LOCKED {false} \
] [get_bd_cells clk_wiz_0]
endgroup
set_property location {-47 310} [get_bd_intf_ports clk_100mhz]
connect_bd_net [get_bd_ports PL_USER_PB0] [get_bd_pins clk_wiz_0/reset]
startgroup
set_property CONFIG.CLK_OUT1_PORT {clk25} [get_bd_cells clk_wiz_0]
endgroup
connect_bd_net [get_bd_pins clk_wiz_0/clk25] [get_bd_pins HDMI_TX_0/pxClk]
connect_bd_net [get_bd_pins HDMI_TX_0/pxClkX5] [get_bd_pins clk_wiz_0/clk125]
connect_bd_net [get_bd_pins angle_encoder_1/ANG] [get_bd_pins EnemyController_0/PlayerAngle]
create_bd_port -dir I PL_USER_PB1
connect_bd_net [get_bd_ports PL_USER_PB1] [get_bd_pins EnemyController_0/ShootBtn]
reset_run design_1_clk_wiz_0_0_synth_1
reset_run design_1_ImgGen_0_0_synth_1
reset_run design_1_EnemyController_0_0_synth_1
reset_run design_1_TickGenerator_0_0_synth_1
reset_run design_1_GameController_0_0_synth_1
save_bd_design
WARNING: [BD 41-2671] The dangling interface net <clk_100mhz_1> will not be written out to the BD file.
WARNING: [BD 41-597] NET <clk_wiz_0_locked> has no source
Wrote  : <D:\GitHub\SW2\SW2.srcs\sources_1\bd\design_1\design_1.bd> 
Wrote  : <D:/GitHub/SW2/SW2.srcs/sources_1/bd/design_1/ui/bd_1f5defd0.ui> 
launch_runs synth_1 -jobs 2
WARNING: [Vivado 12-4802] The synthesis checkpoint for IP 'D:/GitHub/SW2/SW2.srcs/sources_1/bd/design_1/ip/design_1_clk_wiz_0_0/design_1_clk_wiz_0_0.xci' is not generated and IP is locked. An out-of-context (OOC) run will be created and/or launched, but synthesis may not be able to complete or could result in incorrect behavior.
Please select 'Report IP Status' from the 'Tools/Report' menu or run Tcl command 'report_ip_status' for more information.
WARNING: [Vivado 12-4802] The synthesis checkpoint for IP 'D:/GitHub/SW2/SW2.srcs/sources_1/bd/design_1/ip/design_1_ImgGen_0_0/design_1_ImgGen_0_0.xci' is not generated and IP is locked. An out-of-context (OOC) run will be created and/or launched, but synthesis may not be able to complete or could result in incorrect behavior.
Please select 'Report IP Status' from the 'Tools/Report' menu or run Tcl command 'report_ip_status' for more information.
WARNING: [Vivado 12-4802] The synthesis checkpoint for IP 'D:/GitHub/SW2/SW2.srcs/sources_1/bd/design_1/ip/design_1_EnemyController_0_0/design_1_EnemyController_0_0.xci' is not generated and IP is locked. An out-of-context (OOC) run will be created and/or launched, but synthesis may not be able to complete or could result in incorrect behavior.
Please select 'Report IP Status' from the 'Tools/Report' menu or run Tcl command 'report_ip_status' for more information.
WARNING: [Vivado 12-4802] The synthesis checkpoint for IP 'D:/GitHub/SW2/SW2.srcs/sources_1/bd/design_1/ip/design_1_TickGenerator_0_0/design_1_TickGenerator_0_0.xci' is not generated and IP is locked. An out-of-context (OOC) run will be created and/or launched, but synthesis may not be able to complete or could result in incorrect behavior.
Please select 'Report IP Status' from the 'Tools/Report' menu or run Tcl command 'report_ip_status' for more information.
WARNING: [Vivado 12-4802] The synthesis checkpoint for IP 'D:/GitHub/SW2/SW2.srcs/sources_1/bd/design_1/ip/design_1_GameController_0_0/design_1_GameController_0_0.xci' is not generated and IP is locked. An out-of-context (OOC) run will be created and/or launched, but synthesis may not be able to complete or could result in incorrect behavior.
Please select 'Report IP Status' from the 'Tools/Report' menu or run Tcl command 'report_ip_status' for more information.
WARNING: [Runs 36-337] The following IPs are either missing output products or output products are not up-to-date for Synthesis target. Since these IPs are locked, no update to the output products can be done. 
Please select 'Report IP Status' from the 'Tools/Report' menu or run Tcl command 'report_ip_status' for more information.
D:/GitHub/SW2/SW2.srcs/sources_1/bd/design_1/design_1.bd

WARNING: [Runs 36-337] The following IPs are either missing output products or output products are not up-to-date for Implementation target. Since these IPs are locked, no update to the output products can be done. 
Please select 'Report IP Status' from the 'Tools/Report' menu or run Tcl command 'report_ip_status' for more information.
D:/GitHub/SW2/SW2.srcs/sources_1/bd/design_1/design_1.bd

[Mon Jun 22 08:26:43 2026] Launched design_1_clk_wiz_0_0_synth_1, design_1_ImgGen_0_0_synth_1, design_1_EnemyController_0_0_synth_1, design_1_TickGenerator_0_0_synth_1, design_1_GameController_0_0_synth_1...
Run output will be captured here:
design_1_clk_wiz_0_0_synth_1: D:/GitHub/SW2/SW2.runs/design_1_clk_wiz_0_0_synth_1/runme.log
design_1_ImgGen_0_0_synth_1: D:/GitHub/SW2/SW2.runs/design_1_ImgGen_0_0_synth_1/runme.log
design_1_EnemyController_0_0_synth_1: D:/GitHub/SW2/SW2.runs/design_1_EnemyController_0_0_synth_1/runme.log
design_1_TickGenerator_0_0_synth_1: D:/GitHub/SW2/SW2.runs/design_1_TickGenerator_0_0_synth_1/runme.log
design_1_GameController_0_0_synth_1: D:/GitHub/SW2/SW2.runs/design_1_GameController_0_0_synth_1/runme.log
[Mon Jun 22 08:26:43 2026] Launched synth_1...
Run output will be captured here: D:/GitHub/SW2/SW2.runs/synth_1/runme.log
WARNING: [filemgmt 56-199] Attempt to get parsing info during refresh. "On-the-fly" syntax checking information may be incorrect. [D:\GitHub\SW2\SW2.srcs\sources_1\new\TickGenerator.vhd:]
WARNING: [filemgmt 56-199] Attempt to get parsing info during refresh. "On-the-fly" syntax checking information may be incorrect. [D:\GitHub\SW2\SW2.srcs\sources_1\new\ImgGen.vhd:]
WARNING: [filemgmt 56-199] Attempt to get parsing info during refresh. "On-the-fly" syntax checking information may be incorrect. [D:\GitHub\SW2\SW2.srcs\sources_1\new\GameController.vhd:]
WARNING: [filemgmt 56-199] Attempt to get parsing info during refresh. "On-the-fly" syntax checking information may be incorrect. [D:\GitHub\SW2\SW2.gen\sources_1\bd\design_1\hdl\design_1_wrapper.v:]
WARNING: [filemgmt 56-199] Attempt to get parsing info during refresh. "On-the-fly" syntax checking information may be incorrect. [D:\GitHub\SW2\SW2.srcs\sources_1\new\VideoTiming.vhd:]
WARNING: [filemgmt 56-199] Attempt to get parsing info during refresh. "On-the-fly" syntax checking information may be incorrect. [D:\GitHub\SW2\SW2.srcs\sources_1\new\EnemyController.vhd:]
WARNING: [filemgmt 56-199] Attempt to get parsing info during refresh. "On-the-fly" syntax checking information may be incorrect. [D:\GitHub\SW2\SW2.srcs\sources_1\new\angle_encoder.vhd:]
WARNING: [filemgmt 56-199] Attempt to get parsing info during refresh. "On-the-fly" syntax checking information may be incorrect. [D:\GitHub\SW2\SW2.srcs\sources_1\new\EnemyController.vhd:]
WARNING: [filemgmt 56-199] Attempt to get parsing info during refresh. "On-the-fly" syntax checking information may be incorrect. [D:\GitHub\SW2\SW2.srcs\sources_1\new\EnemyController.vhd:]
WARNING: [filemgmt 56-199] Attempt to get parsing info during refresh. "On-the-fly" syntax checking information may be incorrect. [D:\GitHub\SW2\SW2.srcs\sources_1\new\TickGenerator.vhd:]
WARNING: [filemgmt 56-199] Attempt to get parsing info during refresh. "On-the-fly" syntax checking information may be incorrect. [D:\GitHub\SW2\SW2.srcs\sources_1\new\ImgGen.vhd:]
WARNING: [filemgmt 56-199] Attempt to get parsing info during refresh. "On-the-fly" syntax checking information may be incorrect. [D:\GitHub\SW2\SW2.srcs\sources_1\new\GameController.vhd:]
WARNING: [filemgmt 56-199] Attempt to get parsing info during refresh. "On-the-fly" syntax checking information may be incorrect. [D:\GitHub\SW2\SW2.gen\sources_1\bd\design_1\hdl\design_1_wrapper.v:]
WARNING: [filemgmt 56-199] Attempt to get parsing info during refresh. "On-the-fly" syntax checking information may be incorrect. [D:\GitHub\SW2\SW2.srcs\sources_1\new\VideoTiming.vhd:]
WARNING: [filemgmt 56-199] Attempt to get parsing info during refresh. "On-the-fly" syntax checking information may be incorrect. [D:\GitHub\SW2\SW2.srcs\sources_1\new\EnemyController.vhd:]
WARNING: [filemgmt 56-199] Attempt to get parsing info during refresh. "On-the-fly" syntax checking information may be incorrect. [D:\GitHub\SW2\SW2.srcs\sources_1\new\angle_encoder.vhd:]
WARNING: [filemgmt 56-199] Attempt to get parsing info during refresh. "On-the-fly" syntax checking information may be incorrect. [D:\GitHub\SW2\SW2.srcs\sources_1\new\angle_encoder.vhd:]
WARNING: [filemgmt 56-199] Attempt to get parsing info during refresh. "On-the-fly" syntax checking information may be incorrect. [D:\GitHub\SW2\SW2.srcs\sources_1\new\angle_encoder.vhd:]
WARNING: [filemgmt 56-199] Attempt to get parsing info during refresh. "On-the-fly" syntax checking information may be incorrect. [D:\GitHub\SW2\SW2.srcs\sources_1\new\TickGenerator.vhd:]
WARNING: [filemgmt 56-199] Attempt to get parsing info during refresh. "On-the-fly" syntax checking information may be incorrect. [D:\GitHub\SW2\SW2.srcs\sources_1\new\ImgGen.vhd:]
WARNING: [filemgmt 56-199] Attempt to get parsing info during refresh. "On-the-fly" syntax checking information may be incorrect. [D:\GitHub\SW2\SW2.srcs\sources_1\new\GameController.vhd:]
WARNING: [filemgmt 56-199] Attempt to get parsing info during refresh. "On-the-fly" syntax checking information may be incorrect. [D:\GitHub\SW2\SW2.gen\sources_1\bd\design_1\hdl\design_1_wrapper.v:]
WARNING: [filemgmt 56-199] Attempt to get parsing info during refresh. "On-the-fly" syntax checking information may be incorrect. [D:\GitHub\SW2\SW2.srcs\sources_1\new\VideoTiming.vhd:]
WARNING: [filemgmt 56-199] Attempt to get parsing info during refresh. "On-the-fly" syntax checking information may be incorrect. [D:\GitHub\SW2\SW2.srcs\sources_1\new\EnemyController.vhd:]
WARNING: [filemgmt 56-199] Attempt to get parsing info during refresh. "On-the-fly" syntax checking information may be incorrect. [D:\GitHub\SW2\SW2.srcs\sources_1\new\angle_encoder.vhd:]
WARNING: [filemgmt 56-199] Attempt to get parsing info during refresh. "On-the-fly" syntax checking information may be incorrect. [D:\GitHub\SW2\SW2.srcs\sources_1\new\VideoTiming.vhd:]
WARNING: [filemgmt 56-199] Attempt to get parsing info during refresh. "On-the-fly" syntax checking information may be incorrect. [D:\GitHub\SW2\SW2.srcs\sources_1\new\VideoTiming.vhd:]
WARNING: [filemgmt 56-199] Attempt to get parsing info during refresh. "On-the-fly" syntax checking information may be incorrect. [D:\GitHub\SW2\SW2.srcs\sources_1\new\TickGenerator.vhd:]
WARNING: [filemgmt 56-199] Attempt to get parsing info during refresh. "On-the-fly" syntax checking information may be incorrect. [D:\GitHub\SW2\SW2.srcs\sources_1\new\ImgGen.vhd:]
WARNING: [filemgmt 56-199] Attempt to get parsing info during refresh. "On-the-fly" syntax checking information may be incorrect. [D:\GitHub\SW2\SW2.srcs\sources_1\new\GameController.vhd:]
WARNING: [filemgmt 56-199] Attempt to get parsing info during refresh. "On-the-fly" syntax checking information may be incorrect. [D:\GitHub\SW2\SW2.gen\sources_1\bd\design_1\hdl\design_1_wrapper.v:]
WARNING: [filemgmt 56-199] Attempt to get parsing info during refresh. "On-the-fly" syntax checking information may be incorrect. [D:\GitHub\SW2\SW2.srcs\sources_1\new\VideoTiming.vhd:]
WARNING: [filemgmt 56-199] Attempt to get parsing info during refresh. "On-the-fly" syntax checking information may be incorrect. [D:\GitHub\SW2\SW2.srcs\sources_1\new\EnemyController.vhd:]
WARNING: [filemgmt 56-199] Attempt to get parsing info during refresh. "On-the-fly" syntax checking information may be incorrect. [D:\GitHub\SW2\SW2.srcs\sources_1\new\angle_encoder.vhd:]
WARNING: [filemgmt 56-199] Attempt to get parsing info during refresh. "On-the-fly" syntax checking information may be incorrect. [D:\GitHub\SW2\SW2.srcs\sources_1\new\ImgGen.vhd:]
WARNING: [filemgmt 56-199] Attempt to get parsing info during refresh. "On-the-fly" syntax checking information may be incorrect. [D:\GitHub\SW2\SW2.srcs\sources_1\new\ImgGen.vhd:]
WARNING: [filemgmt 56-199] Attempt to get parsing info during refresh. "On-the-fly" syntax checking information may be incorrect. [D:\GitHub\SW2\SW2.srcs\sources_1\new\TickGenerator.vhd:]
WARNING: [filemgmt 56-199] Attempt to get parsing info during refresh. "On-the-fly" syntax checking information may be incorrect. [D:\GitHub\SW2\SW2.srcs\sources_1\new\ImgGen.vhd:]
WARNING: [filemgmt 56-199] Attempt to get parsing info during refresh. "On-the-fly" syntax checking information may be incorrect. [D:\GitHub\SW2\SW2.srcs\sources_1\new\GameController.vhd:]
WARNING: [filemgmt 56-199] Attempt to get parsing info during refresh. "On-the-fly" syntax checking information may be incorrect. [D:\GitHub\SW2\SW2.gen\sources_1\bd\design_1\hdl\design_1_wrapper.v:]
WARNING: [filemgmt 56-199] Attempt to get parsing info during refresh. "On-the-fly" syntax checking information may be incorrect. [D:\GitHub\SW2\SW2.srcs\sources_1\new\VideoTiming.vhd:]
WARNING: [filemgmt 56-199] Attempt to get parsing info during refresh. "On-the-fly" syntax checking information may be incorrect. [D:\GitHub\SW2\SW2.srcs\sources_1\new\EnemyController.vhd:]
WARNING: [filemgmt 56-199] Attempt to get parsing info during refresh. "On-the-fly" syntax checking information may be incorrect. [D:\GitHub\SW2\SW2.srcs\sources_1\new\angle_encoder.vhd:]
WARNING: [filemgmt 56-199] Attempt to get parsing info during refresh. "On-the-fly" syntax checking information may be incorrect. [D:\GitHub\SW2\SW2.srcs\sources_1\new\TickGenerator.vhd:]
WARNING: [filemgmt 56-199] Attempt to get parsing info during refresh. "On-the-fly" syntax checking information may be incorrect. [D:\GitHub\SW2\SW2.srcs\sources_1\new\TickGenerator.vhd:]
WARNING: [filemgmt 56-199] Attempt to get parsing info during refresh. "On-the-fly" syntax checking information may be incorrect. [D:\GitHub\SW2\SW2.srcs\sources_1\new\TickGenerator.vhd:]
WARNING: [filemgmt 56-199] Attempt to get parsing info during refresh. "On-the-fly" syntax checking information may be incorrect. [D:\GitHub\SW2\SW2.srcs\sources_1\new\ImgGen.vhd:]
WARNING: [filemgmt 56-199] Attempt to get parsing info during refresh. "On-the-fly" syntax checking information may be incorrect. [D:\GitHub\SW2\SW2.srcs\sources_1\new\GameController.vhd:]
WARNING: [filemgmt 56-199] Attempt to get parsing info during refresh. "On-the-fly" syntax checking information may be incorrect. [D:\GitHub\SW2\SW2.gen\sources_1\bd\design_1\hdl\design_1_wrapper.v:]
WARNING: [filemgmt 56-199] Attempt to get parsing info during refresh. "On-the-fly" syntax checking information may be incorrect. [D:\GitHub\SW2\SW2.srcs\sources_1\new\VideoTiming.vhd:]
WARNING: [filemgmt 56-199] Attempt to get parsing info during refresh. "On-the-fly" syntax checking information may be incorrect. [D:\GitHub\SW2\SW2.srcs\sources_1\new\EnemyController.vhd:]
WARNING: [filemgmt 56-199] Attempt to get parsing info during refresh. "On-the-fly" syntax checking information may be incorrect. [D:\GitHub\SW2\SW2.srcs\sources_1\new\angle_encoder.vhd:]
WARNING: [filemgmt 56-199] Attempt to get parsing info during refresh. "On-the-fly" syntax checking information may be incorrect. [D:\GitHub\SW2\SW2.gen\sources_1\bd\design_1\hdl\design_1_wrapper.v:]
WARNING: [filemgmt 56-199] Attempt to get parsing info during refresh. "On-the-fly" syntax checking information may be incorrect. [D:\GitHub\SW2\SW2.gen\sources_1\bd\design_1\hdl\design_1_wrapper.v:]
ERROR: [Common 17-180] Spawn failed: Operacja ukonczona pomyslnie.

WARNING: [filemgmt 56-199] Attempt to get parsing info during refresh. "On-the-fly" syntax checking information may be incorrect. [D:\GitHub\SW2\SW2.srcs\sources_1\new\TickGenerator.vhd:]
WARNING: [filemgmt 56-199] Attempt to get parsing info during refresh. "On-the-fly" syntax checking information may be incorrect. [D:\GitHub\SW2\SW2.srcs\sources_1\new\ImgGen.vhd:]
WARNING: [filemgmt 56-199] Attempt to get parsing info during refresh. "On-the-fly" syntax checking information may be incorrect. [D:\GitHub\SW2\SW2.srcs\sources_1\new\GameController.vhd:]
WARNING: [filemgmt 56-199] Attempt to get parsing info during refresh. "On-the-fly" syntax checking information may be incorrect. [D:\GitHub\SW2\SW2.gen\sources_1\bd\design_1\hdl\design_1_wrapper.v:]
WARNING: [filemgmt 56-199] Attempt to get parsing info during refresh. "On-the-fly" syntax checking information may be incorrect. [D:\GitHub\SW2\SW2.srcs\sources_1\new\VideoTiming.vhd:]
WARNING: [filemgmt 56-199] Attempt to get parsing info during refresh. "On-the-fly" syntax checking information may be incorrect. [D:\GitHub\SW2\SW2.srcs\sources_1\new\EnemyController.vhd:]
WARNING: [filemgmt 56-199] Attempt to get parsing info during refresh. "On-the-fly" syntax checking information may be incorrect. [D:\GitHub\SW2\SW2.srcs\sources_1\new\angle_encoder.vhd:]
WARNING: [filemgmt 56-199] Attempt to get parsing info during refresh. "On-the-fly" syntax checking information may be incorrect. [D:\GitHub\SW2\SW2.srcs\sources_1\new\EnemyController.vhd:]
WARNING: [filemgmt 56-199] Attempt to get parsing info during refresh. "On-the-fly" syntax checking information may be incorrect. [D:\GitHub\SW2\SW2.srcs\sources_1\new\EnemyController.vhd:]
WARNING: [filemgmt 56-199] Attempt to get parsing info during refresh. "On-the-fly" syntax checking information may be incorrect. [D:\GitHub\SW2\SW2.srcs\sources_1\new\TickGenerator.vhd:]
WARNING: [filemgmt 56-199] Attempt to get parsing info during refresh. "On-the-fly" syntax checking information may be incorrect. [D:\GitHub\SW2\SW2.srcs\sources_1\new\ImgGen.vhd:]
WARNING: [filemgmt 56-199] Attempt to get parsing info during refresh. "On-the-fly" syntax checking information may be incorrect. [D:\GitHub\SW2\SW2.srcs\sources_1\new\GameController.vhd:]
WARNING: [filemgmt 56-199] Attempt to get parsing info during refresh. "On-the-fly" syntax checking information may be incorrect. [D:\GitHub\SW2\SW2.gen\sources_1\bd\design_1\hdl\design_1_wrapper.v:]
WARNING: [filemgmt 56-199] Attempt to get parsing info during refresh. "On-the-fly" syntax checking information may be incorrect. [D:\GitHub\SW2\SW2.srcs\sources_1\new\VideoTiming.vhd:]
WARNING: [filemgmt 56-199] Attempt to get parsing info during refresh. "On-the-fly" syntax checking information may be incorrect. [D:\GitHub\SW2\SW2.srcs\sources_1\new\EnemyController.vhd:]
WARNING: [filemgmt 56-199] Attempt to get parsing info during refresh. "On-the-fly" syntax checking information may be incorrect. [D:\GitHub\SW2\SW2.srcs\sources_1\new\angle_encoder.vhd:]
WARNING: [filemgmt 56-199] Attempt to get parsing info during refresh. "On-the-fly" syntax checking information may be incorrect. [D:\GitHub\SW2\SW2.srcs\sources_1\new\GameController.vhd:]
WARNING: [filemgmt 56-199] Attempt to get parsing info during refresh. "On-the-fly" syntax checking information may be incorrect. [D:\GitHub\SW2\SW2.srcs\sources_1\new\GameController.vhd:]
WARNING: [filemgmt 56-199] Attempt to get parsing info during refresh. "On-the-fly" syntax checking information may be incorrect. [D:\GitHub\SW2\SW2.srcs\sources_1\new\TickGenerator.vhd:]
WARNING: [filemgmt 56-199] Attempt to get parsing info during refresh. "On-the-fly" syntax checking information may be incorrect. [D:\GitHub\SW2\SW2.srcs\sources_1\new\ImgGen.vhd:]
WARNING: [filemgmt 56-199] Attempt to get parsing info during refresh. "On-the-fly" syntax checking information may be incorrect. [D:\GitHub\SW2\SW2.srcs\sources_1\new\GameController.vhd:]
WARNING: [filemgmt 56-199] Attempt to get parsing info during refresh. "On-the-fly" syntax checking information may be incorrect. [D:\GitHub\SW2\SW2.gen\sources_1\bd\design_1\hdl\design_1_wrapper.v:]
WARNING: [filemgmt 56-199] Attempt to get parsing info during refresh. "On-the-fly" syntax checking information may be incorrect. [D:\GitHub\SW2\SW2.srcs\sources_1\new\VideoTiming.vhd:]
WARNING: [filemgmt 56-199] Attempt to get parsing info during refresh. "On-the-fly" syntax checking information may be incorrect. [D:\GitHub\SW2\SW2.srcs\sources_1\new\EnemyController.vhd:]
WARNING: [filemgmt 56-199] Attempt to get parsing info during refresh. "On-the-fly" syntax checking information may be incorrect. [D:\GitHub\SW2\SW2.srcs\sources_1\new\angle_encoder.vhd:]
WARNING: [filemgmt 56-199] Attempt to get parsing info during refresh. "On-the-fly" syntax checking information may be incorrect. [D:\GitHub\SW2\SW2.gen\sources_1\bd\design_1\hdl\design_1_wrapper.v:]
WARNING: [filemgmt 56-199] Attempt to get parsing info during refresh. "On-the-fly" syntax checking information may be incorrect. [D:\GitHub\SW2\SW2.gen\sources_1\bd\design_1\hdl\design_1_wrapper.v:]
WARNING: [filemgmt 56-199] Attempt to get parsing info during refresh. "On-the-fly" syntax checking information may be incorrect. [D:\GitHub\SW2\SW2.srcs\sources_1\new\TickGenerator.vhd:]
WARNING: [filemgmt 56-199] Attempt to get parsing info during refresh. "On-the-fly" syntax checking information may be incorrect. [D:\GitHub\SW2\SW2.srcs\sources_1\new\ImgGen.vhd:]
WARNING: [filemgmt 56-199] Attempt to get parsing info during refresh. "On-the-fly" syntax checking information may be incorrect. [D:\GitHub\SW2\SW2.srcs\sources_1\new\GameController.vhd:]
WARNING: [filemgmt 56-199] Attempt to get parsing info during refresh. "On-the-fly" syntax checking information may be incorrect. [D:\GitHub\SW2\SW2.gen\sources_1\bd\design_1\hdl\design_1_wrapper.v:]
WARNING: [filemgmt 56-199] Attempt to get parsing info during refresh. "On-the-fly" syntax checking information may be incorrect. [D:\GitHub\SW2\SW2.srcs\sources_1\new\VideoTiming.vhd:]
WARNING: [filemgmt 56-199] Attempt to get parsing info during refresh. "On-the-fly" syntax checking information may be incorrect. [D:\GitHub\SW2\SW2.srcs\sources_1\new\EnemyController.vhd:]
WARNING: [filemgmt 56-199] Attempt to get parsing info during refresh. "On-the-fly" syntax checking information may be incorrect. [D:\GitHub\SW2\SW2.srcs\sources_1\new\angle_encoder.vhd:]
WARNING: [filemgmt 56-199] Attempt to get parsing info during refresh. "On-the-fly" syntax checking information may be incorrect. [D:\GitHub\SW2\SW2.srcs\sources_1\new\TickGenerator.vhd:]
WARNING: [filemgmt 56-199] Attempt to get parsing info during refresh. "On-the-fly" syntax checking information may be incorrect. [D:\GitHub\SW2\SW2.srcs\sources_1\new\TickGenerator.vhd:]
WARNING: [filemgmt 56-199] Attempt to get parsing info during refresh. "On-the-fly" syntax checking information may be incorrect. [D:\GitHub\SW2\SW2.srcs\sources_1\new\TickGenerator.vhd:]
WARNING: [filemgmt 56-199] Attempt to get parsing info during refresh. "On-the-fly" syntax checking information may be incorrect. [D:\GitHub\SW2\SW2.srcs\sources_1\new\ImgGen.vhd:]
WARNING: [filemgmt 56-199] Attempt to get parsing info during refresh. "On-the-fly" syntax checking information may be incorrect. [D:\GitHub\SW2\SW2.srcs\sources_1\new\GameController.vhd:]
WARNING: [filemgmt 56-199] Attempt to get parsing info during refresh. "On-the-fly" syntax checking information may be incorrect. [D:\GitHub\SW2\SW2.gen\sources_1\bd\design_1\hdl\design_1_wrapper.v:]
WARNING: [filemgmt 56-199] Attempt to get parsing info during refresh. "On-the-fly" syntax checking information may be incorrect. [D:\GitHub\SW2\SW2.srcs\sources_1\new\VideoTiming.vhd:]
WARNING: [filemgmt 56-199] Attempt to get parsing info during refresh. "On-the-fly" syntax checking information may be incorrect. [D:\GitHub\SW2\SW2.srcs\sources_1\new\EnemyController.vhd:]
WARNING: [filemgmt 56-199] Attempt to get parsing info during refresh. "On-the-fly" syntax checking information may be incorrect. [D:\GitHub\SW2\SW2.srcs\sources_1\new\angle_encoder.vhd:]
WARNING: [filemgmt 56-199] Attempt to get parsing info during refresh. "On-the-fly" syntax checking information may be incorrect. [D:\GitHub\SW2\SW2.srcs\sources_1\new\VideoTiming.vhd:]
WARNING: [filemgmt 56-199] Attempt to get parsing info during refresh. "On-the-fly" syntax checking information may be incorrect. [D:\GitHub\SW2\SW2.srcs\sources_1\new\VideoTiming.vhd:]
ERROR: [Common 17-180] Spawn failed: Operacja ukonczona pomyslnie.

WARNING: [filemgmt 56-199] Attempt to get parsing info during refresh. "On-the-fly" syntax checking information may be incorrect. [D:\GitHub\SW2\SW2.srcs\sources_1\new\TickGenerator.vhd:]
INFO: [Common 17-14] Message 'filemgmt 56-199' appears 100 times and further instances of the messages will be disabled. Use the Tcl command set_msg_config to change the current settings.
ERROR: [Common 17-180] Spawn failed: Operacja ukonczona pomyslnie.

ERROR: [Common 17-180] Spawn failed: Operacja ukonczona pomyslnie.

ERROR: [Common 17-180] Spawn failed: Operacja ukonczona pomyslnie.

ERROR: [Common 17-180] Spawn failed: Operacja ukonczona pomyslnie.

ERROR: [Common 17-180] Spawn failed: Operacja ukonczona pomyslnie.

ERROR: [Common 17-180] Spawn failed: Operacja ukonczona pomyslnie.

ERROR: [Common 17-180] Spawn failed: Operacja ukonczona pomyslnie.

exit
INFO: [Common 17-206] Exiting Vivado at Mon Jun 22 08:42:16 2026...
