Copyright 1986-2022 Xilinx, Inc. All Rights Reserved. Copyright 2022-2025 Advanced Micro Devices, Inc. All Rights Reserved.
-----------------------------------------------------------------------------------------------------------------------------------------------------------------------------------------------------------------------------------------------------------------
| Tool Version      : Vivado v.2025.1 (win64) Build 6140274 Thu May 22 00:12:29 MDT 2025
| Date              : Tue Jun  9 14:08:02 2026
| Host              : Lab016-04 running 64-bit major release  (build 9200)
| Command           : report_timing_summary -max_paths 10 -routable_nets -report_unconstrained -file design_1_wrapper_timing_summary_routed.rpt -pb design_1_wrapper_timing_summary_routed.pb -rpx design_1_wrapper_timing_summary_routed.rpx -warn_on_violation
| Design            : design_1_wrapper
| Device            : xczu3eg-sfvc784
| Speed File        : -2  PRODUCTION 1.30 05-15-2022
| Design State      : Routed
| Temperature Grade : E
-----------------------------------------------------------------------------------------------------------------------------------------------------------------------------------------------------------------------------------------------------------------

Timing Summary Report

------------------------------------------------------------------------------------------------
| Timer Settings
| --------------
------------------------------------------------------------------------------------------------

  Enable Multi Corner Analysis               :  Yes
  Enable Pessimism Removal                   :  Yes
  Pessimism Removal Resolution               :  Nearest Common Node
  Enable Input Delay Default Clock           :  No
  Enable Preset / Clear Arcs                 :  No
  Disable Flight Delays                      :  No
  Ignore I/O Paths                           :  No
  Timing Early Launch at Borrowing Latches   :  No
  Borrow Time for Max Delay Exceptions       :  Yes
  Merge Timing Exceptions                    :  Yes
  Inter-SLR Compensation                     :  Conservative

  Corner  Analyze    Analyze    
  Name    Max Paths  Min Paths  
  ------  ---------  ---------  
  Slow    Yes        Yes        
  Fast    Yes        Yes        


------------------------------------------------------------------------------------------------
| Report Methodology
| ------------------
------------------------------------------------------------------------------------------------

Rule       Severity          Description                  Violations  
---------  ----------------  ---------------------------  ----------  
TIMING-17  Critical Warning  Non-clocked sequential cell  257         
DPIR-2     Warning           Asynchronous driver check    342         

Note: This report is based on the most recent report_methodology run and may not be up-to-date. Run report_methodology on the current design for the latest report.



check_timing report

Table of Contents
-----------------
1. checking no_clock (257)
2. checking constant_clock (0)
3. checking pulse_width_clock (0)
4. checking unconstrained_internal_endpoints (747)
5. checking no_input_delay (3)
6. checking no_output_delay (11)
7. checking multiple_clock (0)
8. checking generated_clocks (0)
9. checking loops (0)
10. checking partial_input_delay (0)
11. checking partial_output_delay (0)
12. checking latch_loops (0)

1. checking no_clock (257)
--------------------------
 There are 257 register/latch pins with no clock driven by root clock pin: design_1_i/TickGenerator_0/inst/FrameTick_reg/Q (HIGH)


2. checking constant_clock (0)
------------------------------
 There are 0 register/latch pins with constant_clock.


3. checking pulse_width_clock (0)
---------------------------------
 There are 0 register/latch pins which need pulse_width check


4. checking unconstrained_internal_endpoints (747)
--------------------------------------------------
 There are 747 pins that are not constrained for maximum delay. (HIGH)

 There are 0 pins that are not constrained for maximum delay due to constant clock.


5. checking no_input_delay (3)
------------------------------
 There are 3 input ports with no input delay specified. (HIGH)

 There are 0 input ports with no input delay but user has a false path constraint.


6. checking no_output_delay (11)
--------------------------------
 There are 11 ports with no output delay specified. (HIGH)

 There are 0 ports with no output delay but user has a false path constraint

 There are 0 ports with no output delay but with a timing clock defined on it or propagating through it


7. checking multiple_clock (0)
------------------------------
 There are 0 register/latch pins with multiple clocks.


8. checking generated_clocks (0)
--------------------------------
 There are 0 generated clocks that are not connected to a clock source.


9. checking loops (0)
---------------------
 There are 0 combinational loops in the design.


10. checking partial_input_delay (0)
------------------------------------
 There are 0 input ports with partial input delay specified.


11. checking partial_output_delay (0)
-------------------------------------
 There are 0 ports with partial output delay specified.


12. checking latch_loops (0)
----------------------------
 There are 0 combinational latch loops in the design through latch input



------------------------------------------------------------------------------------------------
| Design Timing Summary
| ---------------------
------------------------------------------------------------------------------------------------

    WNS(ns)      TNS(ns)  TNS Failing Endpoints  TNS Total Endpoints      WHS(ns)      THS(ns)  THS Failing Endpoints  THS Total Endpoints     WPWS(ns)     TPWS(ns)  TPWS Failing Endpoints  TPWS Total Endpoints  
    -------      -------  ---------------------  -------------------      -------      -------  ---------------------  -------------------     --------     --------  ----------------------  --------------------  
      4.182        0.000                      0                  220        0.041        0.000                      0                  220        0.000        0.000                       0                   157  


All user specified timing constraints are met.


------------------------------------------------------------------------------------------------
| Clock Summary
| -------------
------------------------------------------------------------------------------------------------

Clock                          Waveform(ns)         Period(ns)      Frequency(MHz)
-----                          ------------         ----------      --------------
clk_100mhz_clk_p               {0.000 5.000}        10.000          100.000         
  clk125_design_1_clk_wiz_0_0  {0.000 4.000}        8.000           125.000         
  clk25_design_1_clk_wiz_0_0   {0.000 20.000}       40.000          25.000          


------------------------------------------------------------------------------------------------
| Intra Clock Table
| -----------------
------------------------------------------------------------------------------------------------

Clock                              WNS(ns)      TNS(ns)  TNS Failing Endpoints  TNS Total Endpoints      WHS(ns)      THS(ns)  THS Failing Endpoints  THS Total Endpoints     WPWS(ns)     TPWS(ns)  TPWS Failing Endpoints  TPWS Total Endpoints  
-----                              -------      -------  ---------------------  -------------------      -------      -------  ---------------------  -------------------     --------     --------  ----------------------  --------------------  
clk_100mhz_clk_p                                                                                                                                                                 2.000        0.000                       0                     1  
  clk125_design_1_clk_wiz_0_0        6.683        0.000                      0                   73        0.041        0.000                      0                   73        0.000        0.000                       0                    55  
  clk25_design_1_clk_wiz_0_0        31.910        0.000                      0                  147        0.042        0.000                      0                  147       19.725        0.000                       0                   101  


------------------------------------------------------------------------------------------------
| Inter Clock Table
| -----------------
------------------------------------------------------------------------------------------------

From Clock                   To Clock                         WNS(ns)      TNS(ns)  TNS Failing Endpoints  TNS Total Endpoints      WHS(ns)      THS(ns)  THS Failing Endpoints  THS Total Endpoints  
----------                   --------                         -------      -------  ---------------------  -------------------      -------      -------  ---------------------  -------------------  
clk25_design_1_clk_wiz_0_0   clk125_design_1_clk_wiz_0_0        4.182        0.000                      0                   30        0.049        0.000                      0                   30  


------------------------------------------------------------------------------------------------
| Other Path Groups Table
| -----------------------
------------------------------------------------------------------------------------------------

Path Group    From Clock    To Clock          WNS(ns)      TNS(ns)  TNS Failing Endpoints  TNS Total Endpoints      WHS(ns)      THS(ns)  THS Failing Endpoints  THS Total Endpoints  
----------    ----------    --------          -------      -------  ---------------------  -------------------      -------      -------  ---------------------  -------------------  


------------------------------------------------------------------------------------------------
| User Ignored Path Table
| -----------------------
------------------------------------------------------------------------------------------------

Path Group    From Clock    To Clock    
----------    ----------    --------    


------------------------------------------------------------------------------------------------
| Unconstrained Path Table
| ------------------------
------------------------------------------------------------------------------------------------

Path Group                   From Clock                   To Clock                   
----------                   ----------                   --------                   
(none)                                                                                 
(none)                       clk125_design_1_clk_wiz_0_0                               
(none)                       clk25_design_1_clk_wiz_0_0                                
(none)                                                    clk25_design_1_clk_wiz_0_0   


------------------------------------------------------------------------------------------------
| Timing Details
| --------------
------------------------------------------------------------------------------------------------


---------------------------------------------------------------------------------------------------
From Clock:  clk_100mhz_clk_p
  To Clock:  clk_100mhz_clk_p

Setup :           NA  Failing Endpoints,  Worst Slack           NA  ,  Total Violation           NA
Hold  :           NA  Failing Endpoints,  Worst Slack           NA  ,  Total Violation           NA
PW    :            0  Failing Endpoints,  Worst Slack        2.000ns,  Total Violation        0.000ns
---------------------------------------------------------------------------------------------------


Pulse Width Checks
--------------------------------------------------------------------------------------
Clock Name:         clk_100mhz_clk_p
Waveform(ns):       { 0.000 5.000 }
Period(ns):         10.000
Sources:            { clk_100mhz_clk_p }

Check Type        Corner  Lib Pin            Reference Pin  Required(ns)  Actual(ns)  Slack(ns)  Location   Pin
Min Period        n/a     MMCME4_ADV/CLKIN1  n/a            1.071         10.000      8.929      MMCM_X0Y2  design_1_i/clk_wiz_0/inst/mmcme4_adv_inst/CLKIN1
Max Period        n/a     MMCME4_ADV/CLKIN1  n/a            100.000       10.000      90.000     MMCM_X0Y2  design_1_i/clk_wiz_0/inst/mmcme4_adv_inst/CLKIN1
Low Pulse Width   Slow    MMCME4_ADV/CLKIN1  n/a            3.000         5.000       2.000      MMCM_X0Y2  design_1_i/clk_wiz_0/inst/mmcme4_adv_inst/CLKIN1
Low Pulse Width   Fast    MMCME4_ADV/CLKIN1  n/a            3.000         5.000       2.000      MMCM_X0Y2  design_1_i/clk_wiz_0/inst/mmcme4_adv_inst/CLKIN1
High Pulse Width  Slow    MMCME4_ADV/CLKIN1  n/a            3.000         5.000       2.000      MMCM_X0Y2  design_1_i/clk_wiz_0/inst/mmcme4_adv_inst/CLKIN1
High Pulse Width  Fast    MMCME4_ADV/CLKIN1  n/a            3.000         5.000       2.000      MMCM_X0Y2  design_1_i/clk_wiz_0/inst/mmcme4_adv_inst/CLKIN1



---------------------------------------------------------------------------------------------------
From Clock:  clk125_design_1_clk_wiz_0_0
  To Clock:  clk125_design_1_clk_wiz_0_0

Setup :            0  Failing Endpoints,  Worst Slack        6.683ns,  Total Violation        0.000ns
Hold  :            0  Failing Endpoints,  Worst Slack        0.041ns,  Total Violation        0.000ns
PW    :            0  Failing Endpoints,  Worst Slack        0.000ns,  Total Violation        0.000ns
---------------------------------------------------------------------------------------------------


Max Delay Paths
--------------------------------------------------------------------------------------
Slack (MET) :             6.683ns  (required time - arrival time)
  Source:                 design_1_i/HDMI_TX_0/U0/i_wrap/TMDS_0/i_GBox/cntMod5_reg[2]/C
                            (rising edge-triggered cell FDRE clocked by clk125_design_1_clk_wiz_0_0  {rise@0.000ns fall@4.000ns period=8.000ns})
  Destination:            design_1_i/HDMI_TX_0/U0/i_wrap/TMDS_0/i_GBox/sReg_reg[3]/D
                            (rising edge-triggered cell FDRE clocked by clk125_design_1_clk_wiz_0_0  {rise@0.000ns fall@4.000ns period=8.000ns})
  Path Group:             clk125_design_1_clk_wiz_0_0
  Path Type:              Setup (Max at Slow Process Corner)
  Requirement:            8.000ns  (clk125_design_1_clk_wiz_0_0 rise@8.000ns - clk125_design_1_clk_wiz_0_0 rise@0.000ns)
  Data Path Delay:        1.198ns  (logic 0.357ns (29.809%)  route 0.841ns (70.191%))
  Logic Levels:           2  (LUT5=1 LUT6=1)
  Clock Path Skew:        -0.080ns (DCD - SCD + CPR)
    Destination Clock Delay (DCD):    3.523ns = ( 11.523 - 8.000 ) 
    Source Clock Delay      (SCD):    3.203ns
    Clock Pessimism Removal (CPR):    -0.400ns
  Clock Uncertainty:      0.064ns  ((TSJ^2 + DJ^2)^1/2) / 2 + PE
    Total System Jitter     (TSJ):    0.071ns
    Discrete Jitter          (DJ):    0.108ns
    Phase Error              (PE):    0.000ns
  Clock Net Delay (Source):      1.889ns (routing 1.034ns, distribution 0.855ns)
  Clock Net Delay (Destination): 1.678ns (routing 0.938ns, distribution 0.740ns)

    Location             Delay type                Incr(ns)  Path(ns)    Netlist Resource(s)
  -------------------------------------------------------------------    -------------------
                         (clock clk125_design_1_clk_wiz_0_0 rise edge)
                                                      0.000     0.000 r  
    D7                                                0.000     0.000 r  clk_100mhz_clk_p (IN)
                         net (fo=0)                   0.100     0.100    design_1_i/clk_wiz_0/inst/clkin1_ibufds/I
    HPIOBDIFFINBUF_X0Y60 DIFFINBUF (Prop_DIFFINBUF_HPIOBDIFFINBUF_DIFF_IN_P_O)
                                                      0.629     0.729 r  design_1_i/clk_wiz_0/inst/clkin1_ibufds/DIFFINBUF_INST/O
                         net (fo=1, routed)           0.050     0.779    design_1_i/clk_wiz_0/inst/clkin1_ibufds/OUT
    D7                   IBUFCTRL (Prop_IBUFCTRL_HPIOB_M_I_O)
                                                      0.000     0.779 r  design_1_i/clk_wiz_0/inst/clkin1_ibufds/IBUFCTRL_INST/O
                         net (fo=1, routed)           0.384     1.163    design_1_i/clk_wiz_0/inst/clk_in1_design_1_clk_wiz_0_0
    MMCM_X0Y2            MMCME4_ADV (Prop_MMCM_CLKIN1_CLKOUT1)
                                                     -0.127     1.036 r  design_1_i/clk_wiz_0/inst/mmcme4_adv_inst/CLKOUT1
                         net (fo=1, routed)           0.250     1.286    design_1_i/clk_wiz_0/inst/clk125_design_1_clk_wiz_0_0
    BUFGCE_X0Y54         BUFGCE (Prop_BUFCE_BUFGCE_I_O)
                                                      0.028     1.314 r  design_1_i/clk_wiz_0/inst/clkout2_buf/O
    X1Y0 (CLOCK_ROOT)    net (fo=53, routed)          1.889     3.203    design_1_i/HDMI_TX_0/U0/i_wrap/pxClkX5
    SLICE_X39Y18         FDRE                                         r  design_1_i/HDMI_TX_0/U0/i_wrap/TMDS_0/i_GBox/cntMod5_reg[2]/C
  -------------------------------------------------------------------    -------------------
    SLICE_X39Y18         FDRE (Prop_CFF2_SLICEM_C_Q)
                                                      0.077     3.280 f  design_1_i/HDMI_TX_0/U0/i_wrap/TMDS_0/i_GBox/cntMod5_reg[2]/Q
                         net (fo=9, routed)           0.217     3.497    design_1_i/HDMI_TX_0/U0/i_wrap/TMDS_0/i_GBox/cntMod5_reg_n_0_[2]
    SLICE_X38Y18         LUT5 (Prop_D5LUT_SLICEL_I1_O)
                                                      0.157     3.654 r  design_1_i/HDMI_TX_0/U0/i_wrap/sReg[5]_i_5/O
                         net (fo=2, routed)           0.576     4.230    design_1_i/HDMI_TX_0/U0/i_wrap/sReg[5]_i_5_n_0
    SLICE_X38Y17         LUT6 (Prop_G6LUT_SLICEL_I5_O)
                                                      0.123     4.353 r  design_1_i/HDMI_TX_0/U0/i_wrap/sReg[3]_i_1/O
                         net (fo=1, routed)           0.048     4.401    design_1_i/HDMI_TX_0/U0/i_wrap/sReg[3]_i_1_n_0
    SLICE_X38Y17         FDRE                                         r  design_1_i/HDMI_TX_0/U0/i_wrap/TMDS_0/i_GBox/sReg_reg[3]/D
  -------------------------------------------------------------------    -------------------

                         (clock clk125_design_1_clk_wiz_0_0 rise edge)
                                                      8.000     8.000 r  
    D7                                                0.000     8.000 r  clk_100mhz_clk_p (IN)
                         net (fo=0)                   0.079     8.079    design_1_i/clk_wiz_0/inst/clkin1_ibufds/I
    HPIOBDIFFINBUF_X0Y60 DIFFINBUF (Prop_DIFFINBUF_HPIOBDIFFINBUF_DIFF_IN_P_O)
                                                      0.519     8.598 r  design_1_i/clk_wiz_0/inst/clkin1_ibufds/DIFFINBUF_INST/O
                         net (fo=1, routed)           0.040     8.638    design_1_i/clk_wiz_0/inst/clkin1_ibufds/OUT
    D7                   IBUFCTRL (Prop_IBUFCTRL_HPIOB_M_I_O)
                                                      0.000     8.638 r  design_1_i/clk_wiz_0/inst/clkin1_ibufds/IBUFCTRL_INST/O
                         net (fo=1, routed)           0.333     8.971    design_1_i/clk_wiz_0/inst/clk_in1_design_1_clk_wiz_0_0
    MMCM_X0Y2            MMCME4_ADV (Prop_MMCM_CLKIN1_CLKOUT1)
                                                      0.630     9.601 r  design_1_i/clk_wiz_0/inst/mmcme4_adv_inst/CLKOUT1
                         net (fo=1, routed)           0.220     9.821    design_1_i/clk_wiz_0/inst/clk125_design_1_clk_wiz_0_0
    BUFGCE_X0Y54         BUFGCE (Prop_BUFCE_BUFGCE_I_O)
                                                      0.024     9.845 r  design_1_i/clk_wiz_0/inst/clkout2_buf/O
    X1Y0 (CLOCK_ROOT)    net (fo=53, routed)          1.678    11.523    design_1_i/HDMI_TX_0/U0/i_wrap/pxClkX5
    SLICE_X38Y17         FDRE                                         r  design_1_i/HDMI_TX_0/U0/i_wrap/TMDS_0/i_GBox/sReg_reg[3]/C
                         clock pessimism             -0.400    11.123    
                         clock uncertainty           -0.064    11.059    
    SLICE_X38Y17         FDRE (Setup_GFF_SLICEL_C_D)
                                                      0.025    11.084    design_1_i/HDMI_TX_0/U0/i_wrap/TMDS_0/i_GBox/sReg_reg[3]
  -------------------------------------------------------------------
                         required time                         11.084    
                         arrival time                          -4.401    
  -------------------------------------------------------------------
                         slack                                  6.683    

Slack (MET) :             6.739ns  (required time - arrival time)
  Source:                 design_1_i/HDMI_TX_0/U0/i_wrap/TMDS_1/i_GBox/cntMod5_reg[0]/C
                            (rising edge-triggered cell FDRE clocked by clk125_design_1_clk_wiz_0_0  {rise@0.000ns fall@4.000ns period=8.000ns})
  Destination:            design_1_i/HDMI_TX_0/U0/i_wrap/TMDS_1/i_GBox/sReg_reg[0]/D
                            (rising edge-triggered cell FDRE clocked by clk125_design_1_clk_wiz_0_0  {rise@0.000ns fall@4.000ns period=8.000ns})
  Path Group:             clk125_design_1_clk_wiz_0_0
  Path Type:              Setup (Max at Slow Process Corner)
  Requirement:            8.000ns  (clk125_design_1_clk_wiz_0_0 rise@8.000ns - clk125_design_1_clk_wiz_0_0 rise@0.000ns)
  Data Path Delay:        1.187ns  (logic 0.375ns (31.604%)  route 0.812ns (68.396%))
  Logic Levels:           2  (LUT3=1 LUT5=1)
  Clock Path Skew:        -0.035ns (DCD - SCD + CPR)
    Destination Clock Delay (DCD):    3.526ns = ( 11.526 - 8.000 ) 
    Source Clock Delay      (SCD):    3.161ns
    Clock Pessimism Removal (CPR):    -0.400ns
  Clock Uncertainty:      0.064ns  ((TSJ^2 + DJ^2)^1/2) / 2 + PE
    Total System Jitter     (TSJ):    0.071ns
    Discrete Jitter          (DJ):    0.108ns
    Phase Error              (PE):    0.000ns
  Clock Net Delay (Source):      1.847ns (routing 1.034ns, distribution 0.813ns)
  Clock Net Delay (Destination): 1.681ns (routing 0.938ns, distribution 0.743ns)

    Location             Delay type                Incr(ns)  Path(ns)    Netlist Resource(s)
  -------------------------------------------------------------------    -------------------
                         (clock clk125_design_1_clk_wiz_0_0 rise edge)
                                                      0.000     0.000 r  
    D7                                                0.000     0.000 r  clk_100mhz_clk_p (IN)
                         net (fo=0)                   0.100     0.100    design_1_i/clk_wiz_0/inst/clkin1_ibufds/I
    HPIOBDIFFINBUF_X0Y60 DIFFINBUF (Prop_DIFFINBUF_HPIOBDIFFINBUF_DIFF_IN_P_O)
                                                      0.629     0.729 r  design_1_i/clk_wiz_0/inst/clkin1_ibufds/DIFFINBUF_INST/O
                         net (fo=1, routed)           0.050     0.779    design_1_i/clk_wiz_0/inst/clkin1_ibufds/OUT
    D7                   IBUFCTRL (Prop_IBUFCTRL_HPIOB_M_I_O)
                                                      0.000     0.779 r  design_1_i/clk_wiz_0/inst/clkin1_ibufds/IBUFCTRL_INST/O
                         net (fo=1, routed)           0.384     1.163    design_1_i/clk_wiz_0/inst/clk_in1_design_1_clk_wiz_0_0
    MMCM_X0Y2            MMCME4_ADV (Prop_MMCM_CLKIN1_CLKOUT1)
                                                     -0.127     1.036 r  design_1_i/clk_wiz_0/inst/mmcme4_adv_inst/CLKOUT1
                         net (fo=1, routed)           0.250     1.286    design_1_i/clk_wiz_0/inst/clk125_design_1_clk_wiz_0_0
    BUFGCE_X0Y54         BUFGCE (Prop_BUFCE_BUFGCE_I_O)
                                                      0.028     1.314 r  design_1_i/clk_wiz_0/inst/clkout2_buf/O
    X1Y0 (CLOCK_ROOT)    net (fo=53, routed)          1.847     3.161    design_1_i/HDMI_TX_0/U0/i_wrap/pxClkX5
    SLICE_X36Y10         FDRE                                         r  design_1_i/HDMI_TX_0/U0/i_wrap/TMDS_1/i_GBox/cntMod5_reg[0]/C
  -------------------------------------------------------------------    -------------------
    SLICE_X36Y10         FDRE (Prop_DFF2_SLICEL_C_Q)
                                                      0.081     3.242 f  design_1_i/HDMI_TX_0/U0/i_wrap/TMDS_1/i_GBox/cntMod5_reg[0]/Q
                         net (fo=10, routed)          0.300     3.542    design_1_i/HDMI_TX_0/U0/i_wrap/TMDS_1/i_GBox/cntMod5_reg_n_0_[0]
    SLICE_X36Y10         LUT3 (Prop_B6LUT_SLICEL_I2_O)
                                                      0.148     3.690 r  design_1_i/HDMI_TX_0/U0/i_wrap/sReg[7]_i_4/O
                         net (fo=5, routed)           0.463     4.153    design_1_i/HDMI_TX_0/U0/i_wrap/sReg[7]_i_4_n_0
    SLICE_X38Y10         LUT5 (Prop_D6LUT_SLICEL_I3_O)
                                                      0.146     4.299 r  design_1_i/HDMI_TX_0/U0/i_wrap/sReg[0]_i_1__0/O
                         net (fo=1, routed)           0.049     4.348    design_1_i/HDMI_TX_0/U0/i_wrap/sReg[0]_i_1__0_n_0
    SLICE_X38Y10         FDRE                                         r  design_1_i/HDMI_TX_0/U0/i_wrap/TMDS_1/i_GBox/sReg_reg[0]/D
  -------------------------------------------------------------------    -------------------

                         (clock clk125_design_1_clk_wiz_0_0 rise edge)
                                                      8.000     8.000 r  
    D7                                                0.000     8.000 r  clk_100mhz_clk_p (IN)
                         net (fo=0)                   0.079     8.079    design_1_i/clk_wiz_0/inst/clkin1_ibufds/I
    HPIOBDIFFINBUF_X0Y60 DIFFINBUF (Prop_DIFFINBUF_HPIOBDIFFINBUF_DIFF_IN_P_O)
                                                      0.519     8.598 r  design_1_i/clk_wiz_0/inst/clkin1_ibufds/DIFFINBUF_INST/O
                         net (fo=1, routed)           0.040     8.638    design_1_i/clk_wiz_0/inst/clkin1_ibufds/OUT
    D7                   IBUFCTRL (Prop_IBUFCTRL_HPIOB_M_I_O)
                                                      0.000     8.638 r  design_1_i/clk_wiz_0/inst/clkin1_ibufds/IBUFCTRL_INST/O
                         net (fo=1, routed)           0.333     8.971    design_1_i/clk_wiz_0/inst/clk_in1_design_1_clk_wiz_0_0
    MMCM_X0Y2            MMCME4_ADV (Prop_MMCM_CLKIN1_CLKOUT1)
                                                      0.630     9.601 r  design_1_i/clk_wiz_0/inst/mmcme4_adv_inst/CLKOUT1
                         net (fo=1, routed)           0.220     9.821    design_1_i/clk_wiz_0/inst/clk125_design_1_clk_wiz_0_0
    BUFGCE_X0Y54         BUFGCE (Prop_BUFCE_BUFGCE_I_O)
                                                      0.024     9.845 r  design_1_i/clk_wiz_0/inst/clkout2_buf/O
    X1Y0 (CLOCK_ROOT)    net (fo=53, routed)          1.681    11.526    design_1_i/HDMI_TX_0/U0/i_wrap/pxClkX5
    SLICE_X38Y10         FDRE                                         r  design_1_i/HDMI_TX_0/U0/i_wrap/TMDS_1/i_GBox/sReg_reg[0]/C
                         clock pessimism             -0.400    11.126    
                         clock uncertainty           -0.064    11.062    
    SLICE_X38Y10         FDRE (Setup_DFF_SLICEL_C_D)
                                                      0.025    11.087    design_1_i/HDMI_TX_0/U0/i_wrap/TMDS_1/i_GBox/sReg_reg[0]
  -------------------------------------------------------------------
                         required time                         11.087    
                         arrival time                          -4.348    
  -------------------------------------------------------------------
                         slack                                  6.739    

Slack (MET) :             6.761ns  (required time - arrival time)
  Source:                 design_1_i/HDMI_TX_0/U0/i_wrap/TMDS_0/i_GBox/cntMod5_reg[2]/C
                            (rising edge-triggered cell FDRE clocked by clk125_design_1_clk_wiz_0_0  {rise@0.000ns fall@4.000ns period=8.000ns})
  Destination:            design_1_i/HDMI_TX_0/U0/i_wrap/TMDS_0/i_GBox/sReg_reg[5]/D
                            (rising edge-triggered cell FDRE clocked by clk125_design_1_clk_wiz_0_0  {rise@0.000ns fall@4.000ns period=8.000ns})
  Path Group:             clk125_design_1_clk_wiz_0_0
  Path Type:              Setup (Max at Slow Process Corner)
  Requirement:            8.000ns  (clk125_design_1_clk_wiz_0_0 rise@8.000ns - clk125_design_1_clk_wiz_0_0 rise@0.000ns)
  Data Path Delay:        1.120ns  (logic 0.283ns (25.277%)  route 0.837ns (74.723%))
  Logic Levels:           2  (LUT5=1 LUT6=1)
  Clock Path Skew:        -0.080ns (DCD - SCD + CPR)
    Destination Clock Delay (DCD):    3.523ns = ( 11.523 - 8.000 ) 
    Source Clock Delay      (SCD):    3.203ns
    Clock Pessimism Removal (CPR):    -0.400ns
  Clock Uncertainty:      0.064ns  ((TSJ^2 + DJ^2)^1/2) / 2 + PE
    Total System Jitter     (TSJ):    0.071ns
    Discrete Jitter          (DJ):    0.108ns
    Phase Error              (PE):    0.000ns
  Clock Net Delay (Source):      1.889ns (routing 1.034ns, distribution 0.855ns)
  Clock Net Delay (Destination): 1.678ns (routing 0.938ns, distribution 0.740ns)

    Location             Delay type                Incr(ns)  Path(ns)    Netlist Resource(s)
  -------------------------------------------------------------------    -------------------
                         (clock clk125_design_1_clk_wiz_0_0 rise edge)
                                                      0.000     0.000 r  
    D7                                                0.000     0.000 r  clk_100mhz_clk_p (IN)
                         net (fo=0)                   0.100     0.100    design_1_i/clk_wiz_0/inst/clkin1_ibufds/I
    HPIOBDIFFINBUF_X0Y60 DIFFINBUF (Prop_DIFFINBUF_HPIOBDIFFINBUF_DIFF_IN_P_O)
                                                      0.629     0.729 r  design_1_i/clk_wiz_0/inst/clkin1_ibufds/DIFFINBUF_INST/O
                         net (fo=1, routed)           0.050     0.779    design_1_i/clk_wiz_0/inst/clkin1_ibufds/OUT
    D7                   IBUFCTRL (Prop_IBUFCTRL_HPIOB_M_I_O)
                                                      0.000     0.779 r  design_1_i/clk_wiz_0/inst/clkin1_ibufds/IBUFCTRL_INST/O
                         net (fo=1, routed)           0.384     1.163    design_1_i/clk_wiz_0/inst/clk_in1_design_1_clk_wiz_0_0
    MMCM_X0Y2            MMCME4_ADV (Prop_MMCM_CLKIN1_CLKOUT1)
                                                     -0.127     1.036 r  design_1_i/clk_wiz_0/inst/mmcme4_adv_inst/CLKOUT1
                         net (fo=1, routed)           0.250     1.286    design_1_i/clk_wiz_0/inst/clk125_design_1_clk_wiz_0_0
    BUFGCE_X0Y54         BUFGCE (Prop_BUFCE_BUFGCE_I_O)
                                                      0.028     1.314 r  design_1_i/clk_wiz_0/inst/clkout2_buf/O
    X1Y0 (CLOCK_ROOT)    net (fo=53, routed)          1.889     3.203    design_1_i/HDMI_TX_0/U0/i_wrap/pxClkX5
    SLICE_X39Y18         FDRE                                         r  design_1_i/HDMI_TX_0/U0/i_wrap/TMDS_0/i_GBox/cntMod5_reg[2]/C
  -------------------------------------------------------------------    -------------------
    SLICE_X39Y18         FDRE (Prop_CFF2_SLICEM_C_Q)
                                                      0.077     3.280 f  design_1_i/HDMI_TX_0/U0/i_wrap/TMDS_0/i_GBox/cntMod5_reg[2]/Q
                         net (fo=9, routed)           0.217     3.497    design_1_i/HDMI_TX_0/U0/i_wrap/TMDS_0/i_GBox/cntMod5_reg_n_0_[2]
    SLICE_X38Y18         LUT5 (Prop_D5LUT_SLICEL_I1_O)
                                                      0.157     3.654 r  design_1_i/HDMI_TX_0/U0/i_wrap/sReg[5]_i_5/O
                         net (fo=2, routed)           0.569     4.223    design_1_i/HDMI_TX_0/U0/i_wrap/sReg[5]_i_5_n_0
    SLICE_X38Y17         LUT6 (Prop_F6LUT_SLICEL_I5_O)
                                                      0.049     4.272 r  design_1_i/HDMI_TX_0/U0/i_wrap/sReg[5]_i_1/O
                         net (fo=1, routed)           0.051     4.323    design_1_i/HDMI_TX_0/U0/i_wrap/sReg[5]_i_1_n_0
    SLICE_X38Y17         FDRE                                         r  design_1_i/HDMI_TX_0/U0/i_wrap/TMDS_0/i_GBox/sReg_reg[5]/D
  -------------------------------------------------------------------    -------------------

                         (clock clk125_design_1_clk_wiz_0_0 rise edge)
                                                      8.000     8.000 r  
    D7                                                0.000     8.000 r  clk_100mhz_clk_p (IN)
                         net (fo=0)                   0.079     8.079    design_1_i/clk_wiz_0/inst/clkin1_ibufds/I
    HPIOBDIFFINBUF_X0Y60 DIFFINBUF (Prop_DIFFINBUF_HPIOBDIFFINBUF_DIFF_IN_P_O)
                                                      0.519     8.598 r  design_1_i/clk_wiz_0/inst/clkin1_ibufds/DIFFINBUF_INST/O
                         net (fo=1, routed)           0.040     8.638    design_1_i/clk_wiz_0/inst/clkin1_ibufds/OUT
    D7                   IBUFCTRL (Prop_IBUFCTRL_HPIOB_M_I_O)
                                                      0.000     8.638 r  design_1_i/clk_wiz_0/inst/clkin1_ibufds/IBUFCTRL_INST/O
                         net (fo=1, routed)           0.333     8.971    design_1_i/clk_wiz_0/inst/clk_in1_design_1_clk_wiz_0_0
    MMCM_X0Y2            MMCME4_ADV (Prop_MMCM_CLKIN1_CLKOUT1)
                                                      0.630     9.601 r  design_1_i/clk_wiz_0/inst/mmcme4_adv_inst/CLKOUT1
                         net (fo=1, routed)           0.220     9.821    design_1_i/clk_wiz_0/inst/clk125_design_1_clk_wiz_0_0
    BUFGCE_X0Y54         BUFGCE (Prop_BUFCE_BUFGCE_I_O)
                                                      0.024     9.845 r  design_1_i/clk_wiz_0/inst/clkout2_buf/O
    X1Y0 (CLOCK_ROOT)    net (fo=53, routed)          1.678    11.523    design_1_i/HDMI_TX_0/U0/i_wrap/pxClkX5
    SLICE_X38Y17         FDRE                                         r  design_1_i/HDMI_TX_0/U0/i_wrap/TMDS_0/i_GBox/sReg_reg[5]/C
                         clock pessimism             -0.400    11.123    
                         clock uncertainty           -0.064    11.059    
    SLICE_X38Y17         FDRE (Setup_FFF_SLICEL_C_D)
                                                      0.025    11.084    design_1_i/HDMI_TX_0/U0/i_wrap/TMDS_0/i_GBox/sReg_reg[5]
  -------------------------------------------------------------------
                         required time                         11.084    
                         arrival time                          -4.323    
  -------------------------------------------------------------------
                         slack                                  6.761    

Slack (MET) :             6.770ns  (required time - arrival time)
  Source:                 design_1_i/HDMI_TX_0/U0/i_wrap/TMDS_0/i_GBox/sReg_reg[0]/C
                            (rising edge-triggered cell FDRE clocked by clk125_design_1_clk_wiz_0_0  {rise@0.000ns fall@4.000ns period=8.000ns})
  Destination:            design_1_i/HDMI_TX_0/U0/i_wrap/TMDS_0/i_ODDRE_N/D[0]
                            (rising edge-triggered cell OSERDESE3 clocked by clk125_design_1_clk_wiz_0_0  {rise@0.000ns fall@4.000ns period=8.000ns})
  Path Group:             clk125_design_1_clk_wiz_0_0
  Path Type:              Setup (Max at Slow Process Corner)
  Requirement:            8.000ns  (clk125_design_1_clk_wiz_0_0 rise@8.000ns - clk125_design_1_clk_wiz_0_0 rise@0.000ns)
  Data Path Delay:        0.847ns  (logic 0.168ns (19.835%)  route 0.679ns (80.165%))
  Logic Levels:           1  (LUT1=1)
  Clock Path Skew:        -0.111ns (DCD - SCD + CPR)
    Destination Clock Delay (DCD):    3.494ns = ( 11.494 - 8.000 ) 
    Source Clock Delay      (SCD):    3.205ns
    Clock Pessimism Removal (CPR):    -0.400ns
  Clock Uncertainty:      0.064ns  ((TSJ^2 + DJ^2)^1/2) / 2 + PE
    Total System Jitter     (TSJ):    0.071ns
    Discrete Jitter          (DJ):    0.108ns
    Phase Error              (PE):    0.000ns
  Clock Net Delay (Source):      1.891ns (routing 1.034ns, distribution 0.857ns)
  Clock Net Delay (Destination): 1.649ns (routing 0.938ns, distribution 0.711ns)

    Location             Delay type                Incr(ns)  Path(ns)    Netlist Resource(s)
  -------------------------------------------------------------------    -------------------
                         (clock clk125_design_1_clk_wiz_0_0 rise edge)
                                                      0.000     0.000 r  
    D7                                                0.000     0.000 r  clk_100mhz_clk_p (IN)
                         net (fo=0)                   0.100     0.100    design_1_i/clk_wiz_0/inst/clkin1_ibufds/I
    HPIOBDIFFINBUF_X0Y60 DIFFINBUF (Prop_DIFFINBUF_HPIOBDIFFINBUF_DIFF_IN_P_O)
                                                      0.629     0.729 r  design_1_i/clk_wiz_0/inst/clkin1_ibufds/DIFFINBUF_INST/O
                         net (fo=1, routed)           0.050     0.779    design_1_i/clk_wiz_0/inst/clkin1_ibufds/OUT
    D7                   IBUFCTRL (Prop_IBUFCTRL_HPIOB_M_I_O)
                                                      0.000     0.779 r  design_1_i/clk_wiz_0/inst/clkin1_ibufds/IBUFCTRL_INST/O
                         net (fo=1, routed)           0.384     1.163    design_1_i/clk_wiz_0/inst/clk_in1_design_1_clk_wiz_0_0
    MMCM_X0Y2            MMCME4_ADV (Prop_MMCM_CLKIN1_CLKOUT1)
                                                     -0.127     1.036 r  design_1_i/clk_wiz_0/inst/mmcme4_adv_inst/CLKOUT1
                         net (fo=1, routed)           0.250     1.286    design_1_i/clk_wiz_0/inst/clk125_design_1_clk_wiz_0_0
    BUFGCE_X0Y54         BUFGCE (Prop_BUFCE_BUFGCE_I_O)
                                                      0.028     1.314 r  design_1_i/clk_wiz_0/inst/clkout2_buf/O
    X1Y0 (CLOCK_ROOT)    net (fo=53, routed)          1.891     3.205    design_1_i/HDMI_TX_0/U0/i_wrap/pxClkX5
    SLICE_X39Y16         FDRE                                         r  design_1_i/HDMI_TX_0/U0/i_wrap/TMDS_0/i_GBox/sReg_reg[0]/C
  -------------------------------------------------------------------    -------------------
    SLICE_X39Y16         FDRE (Prop_DFF_SLICEM_C_Q)
                                                      0.078     3.283 f  design_1_i/HDMI_TX_0/U0/i_wrap/TMDS_0/i_GBox/sReg_reg[0]/Q
                         net (fo=2, routed)           0.198     3.481    design_1_i/HDMI_TX_0/U0/i_wrap/TMDS_0/D1
    SLICE_X38Y15         LUT1 (Prop_H6LUT_SLICEL_I0_O)
                                                      0.090     3.571 r  design_1_i/HDMI_TX_0/U0/i_wrap/i_ODDRE_N_i_1/O
                         net (fo=1, routed)           0.481     4.052    design_1_i/HDMI_TX_0/U0/i_wrap/i_ODDRE_N_i_1_n_0
    HDIOLOGIC_M_X1Y3     OSERDESE3                                    r  design_1_i/HDMI_TX_0/U0/i_wrap/TMDS_0/i_ODDRE_N/D[0]
  -------------------------------------------------------------------    -------------------

                         (clock clk125_design_1_clk_wiz_0_0 rise edge)
                                                      8.000     8.000 r  
    D7                                                0.000     8.000 r  clk_100mhz_clk_p (IN)
                         net (fo=0)                   0.079     8.079    design_1_i/clk_wiz_0/inst/clkin1_ibufds/I
    HPIOBDIFFINBUF_X0Y60 DIFFINBUF (Prop_DIFFINBUF_HPIOBDIFFINBUF_DIFF_IN_P_O)
                                                      0.519     8.598 r  design_1_i/clk_wiz_0/inst/clkin1_ibufds/DIFFINBUF_INST/O
                         net (fo=1, routed)           0.040     8.638    design_1_i/clk_wiz_0/inst/clkin1_ibufds/OUT
    D7                   IBUFCTRL (Prop_IBUFCTRL_HPIOB_M_I_O)
                                                      0.000     8.638 r  design_1_i/clk_wiz_0/inst/clkin1_ibufds/IBUFCTRL_INST/O
                         net (fo=1, routed)           0.333     8.971    design_1_i/clk_wiz_0/inst/clk_in1_design_1_clk_wiz_0_0
    MMCM_X0Y2            MMCME4_ADV (Prop_MMCM_CLKIN1_CLKOUT1)
                                                      0.630     9.601 r  design_1_i/clk_wiz_0/inst/mmcme4_adv_inst/CLKOUT1
                         net (fo=1, routed)           0.220     9.821    design_1_i/clk_wiz_0/inst/clk125_design_1_clk_wiz_0_0
    BUFGCE_X0Y54         BUFGCE (Prop_BUFCE_BUFGCE_I_O)
                                                      0.024     9.845 r  design_1_i/clk_wiz_0/inst/clkout2_buf/O
    X1Y0 (CLOCK_ROOT)    net (fo=53, routed)          1.649    11.494    design_1_i/HDMI_TX_0/U0/i_wrap/pxClkX5
    HDIOLOGIC_M_X1Y3     OSERDESE3                                    r  design_1_i/HDMI_TX_0/U0/i_wrap/TMDS_0/i_ODDRE_N/CLK
                         clock pessimism             -0.400    11.094    
                         clock uncertainty           -0.064    11.030    
    HDIOLOGIC_M_X1Y3     OSERDESE3 (Setup_OPTFF_HDIOLOGIC_M_CLK_D[0])
                                                     -0.208    10.822    design_1_i/HDMI_TX_0/U0/i_wrap/TMDS_0/i_ODDRE_N
  -------------------------------------------------------------------
                         required time                         10.822    
                         arrival time                          -4.052    
  -------------------------------------------------------------------
                         slack                                  6.770    

Slack (MET) :             6.786ns  (required time - arrival time)
  Source:                 design_1_i/HDMI_TX_0/U0/i_wrap/TMDS_1/i_GBox/sReg_reg[0]/C
                            (rising edge-triggered cell FDRE clocked by clk125_design_1_clk_wiz_0_0  {rise@0.000ns fall@4.000ns period=8.000ns})
  Destination:            design_1_i/HDMI_TX_0/U0/i_wrap/TMDS_1/i_ODDRE_N/D[0]
                            (rising edge-triggered cell OSERDESE3 clocked by clk125_design_1_clk_wiz_0_0  {rise@0.000ns fall@4.000ns period=8.000ns})
  Path Group:             clk125_design_1_clk_wiz_0_0
  Path Type:              Setup (Max at Slow Process Corner)
  Requirement:            8.000ns  (clk125_design_1_clk_wiz_0_0 rise@8.000ns - clk125_design_1_clk_wiz_0_0 rise@0.000ns)
  Data Path Delay:        0.829ns  (logic 0.228ns (27.502%)  route 0.601ns (72.498%))
  Logic Levels:           1  (LUT1=1)
  Clock Path Skew:        -0.113ns (DCD - SCD + CPR)
    Destination Clock Delay (DCD):    3.496ns = ( 11.496 - 8.000 ) 
    Source Clock Delay      (SCD):    3.209ns
    Clock Pessimism Removal (CPR):    -0.400ns
  Clock Uncertainty:      0.064ns  ((TSJ^2 + DJ^2)^1/2) / 2 + PE
    Total System Jitter     (TSJ):    0.071ns
    Discrete Jitter          (DJ):    0.108ns
    Phase Error              (PE):    0.000ns
  Clock Net Delay (Source):      1.895ns (routing 1.034ns, distribution 0.861ns)
  Clock Net Delay (Destination): 1.651ns (routing 0.938ns, distribution 0.713ns)

    Location             Delay type                Incr(ns)  Path(ns)    Netlist Resource(s)
  -------------------------------------------------------------------    -------------------
                         (clock clk125_design_1_clk_wiz_0_0 rise edge)
                                                      0.000     0.000 r  
    D7                                                0.000     0.000 r  clk_100mhz_clk_p (IN)
                         net (fo=0)                   0.100     0.100    design_1_i/clk_wiz_0/inst/clkin1_ibufds/I
    HPIOBDIFFINBUF_X0Y60 DIFFINBUF (Prop_DIFFINBUF_HPIOBDIFFINBUF_DIFF_IN_P_O)
                                                      0.629     0.729 r  design_1_i/clk_wiz_0/inst/clkin1_ibufds/DIFFINBUF_INST/O
                         net (fo=1, routed)           0.050     0.779    design_1_i/clk_wiz_0/inst/clkin1_ibufds/OUT
    D7                   IBUFCTRL (Prop_IBUFCTRL_HPIOB_M_I_O)
                                                      0.000     0.779 r  design_1_i/clk_wiz_0/inst/clkin1_ibufds/IBUFCTRL_INST/O
                         net (fo=1, routed)           0.384     1.163    design_1_i/clk_wiz_0/inst/clk_in1_design_1_clk_wiz_0_0
    MMCM_X0Y2            MMCME4_ADV (Prop_MMCM_CLKIN1_CLKOUT1)
                                                     -0.127     1.036 r  design_1_i/clk_wiz_0/inst/mmcme4_adv_inst/CLKOUT1
                         net (fo=1, routed)           0.250     1.286    design_1_i/clk_wiz_0/inst/clk125_design_1_clk_wiz_0_0
    BUFGCE_X0Y54         BUFGCE (Prop_BUFCE_BUFGCE_I_O)
                                                      0.028     1.314 r  design_1_i/clk_wiz_0/inst/clkout2_buf/O
    X1Y0 (CLOCK_ROOT)    net (fo=53, routed)          1.895     3.209    design_1_i/HDMI_TX_0/U0/i_wrap/pxClkX5
    SLICE_X38Y10         FDRE                                         r  design_1_i/HDMI_TX_0/U0/i_wrap/TMDS_1/i_GBox/sReg_reg[0]/C
  -------------------------------------------------------------------    -------------------
    SLICE_X38Y10         FDRE (Prop_DFF_SLICEL_C_Q)
                                                      0.079     3.288 f  design_1_i/HDMI_TX_0/U0/i_wrap/TMDS_1/i_GBox/sReg_reg[0]/Q
                         net (fo=2, routed)           0.113     3.401    design_1_i/HDMI_TX_0/U0/i_wrap/TMDS_1/D1
    SLICE_X38Y10         LUT1 (Prop_G6LUT_SLICEL_I0_O)
                                                      0.149     3.550 r  design_1_i/HDMI_TX_0/U0/i_wrap/i_ODDRE_N_i_1__0/O
                         net (fo=1, routed)           0.488     4.038    design_1_i/HDMI_TX_0/U0/i_wrap/i_ODDRE_N_i_1__0_n_0
    HDIOLOGIC_M_X1Y2     OSERDESE3                                    r  design_1_i/HDMI_TX_0/U0/i_wrap/TMDS_1/i_ODDRE_N/D[0]
  -------------------------------------------------------------------    -------------------

                         (clock clk125_design_1_clk_wiz_0_0 rise edge)
                                                      8.000     8.000 r  
    D7                                                0.000     8.000 r  clk_100mhz_clk_p (IN)
                         net (fo=0)                   0.079     8.079    design_1_i/clk_wiz_0/inst/clkin1_ibufds/I
    HPIOBDIFFINBUF_X0Y60 DIFFINBUF (Prop_DIFFINBUF_HPIOBDIFFINBUF_DIFF_IN_P_O)
                                                      0.519     8.598 r  design_1_i/clk_wiz_0/inst/clkin1_ibufds/DIFFINBUF_INST/O
                         net (fo=1, routed)           0.040     8.638    design_1_i/clk_wiz_0/inst/clkin1_ibufds/OUT
    D7                   IBUFCTRL (Prop_IBUFCTRL_HPIOB_M_I_O)
                                                      0.000     8.638 r  design_1_i/clk_wiz_0/inst/clkin1_ibufds/IBUFCTRL_INST/O
                         net (fo=1, routed)           0.333     8.971    design_1_i/clk_wiz_0/inst/clk_in1_design_1_clk_wiz_0_0
    MMCM_X0Y2            MMCME4_ADV (Prop_MMCM_CLKIN1_CLKOUT1)
                                                      0.630     9.601 r  design_1_i/clk_wiz_0/inst/mmcme4_adv_inst/CLKOUT1
                         net (fo=1, routed)           0.220     9.821    design_1_i/clk_wiz_0/inst/clk125_design_1_clk_wiz_0_0
    BUFGCE_X0Y54         BUFGCE (Prop_BUFCE_BUFGCE_I_O)
                                                      0.024     9.845 r  design_1_i/clk_wiz_0/inst/clkout2_buf/O
    X1Y0 (CLOCK_ROOT)    net (fo=53, routed)          1.651    11.496    design_1_i/HDMI_TX_0/U0/i_wrap/pxClkX5
    HDIOLOGIC_M_X1Y2     OSERDESE3                                    r  design_1_i/HDMI_TX_0/U0/i_wrap/TMDS_1/i_ODDRE_N/CLK
                         clock pessimism             -0.400    11.096    
                         clock uncertainty           -0.064    11.032    
    HDIOLOGIC_M_X1Y2     OSERDESE3 (Setup_OPTFF_HDIOLOGIC_M_CLK_D[0])
                                                     -0.208    10.824    design_1_i/HDMI_TX_0/U0/i_wrap/TMDS_1/i_ODDRE_N
  -------------------------------------------------------------------
                         required time                         10.824    
                         arrival time                          -4.038    
  -------------------------------------------------------------------
                         slack                                  6.786    

Slack (MET) :             6.845ns  (required time - arrival time)
  Source:                 design_1_i/HDMI_TX_0/U0/i_wrap/TMDS_0/i_GBox/sReg_reg[1]/C
                            (rising edge-triggered cell FDRE clocked by clk125_design_1_clk_wiz_0_0  {rise@0.000ns fall@4.000ns period=8.000ns})
  Destination:            design_1_i/HDMI_TX_0/U0/i_wrap/TMDS_0/i_ODDRE_N/D[4]
                            (rising edge-triggered cell OSERDESE3 clocked by clk125_design_1_clk_wiz_0_0  {rise@0.000ns fall@4.000ns period=8.000ns})
  Path Group:             clk125_design_1_clk_wiz_0_0
  Path Type:              Setup (Max at Slow Process Corner)
  Requirement:            8.000ns  (clk125_design_1_clk_wiz_0_0 rise@8.000ns - clk125_design_1_clk_wiz_0_0 rise@0.000ns)
  Data Path Delay:        0.759ns  (logic 0.169ns (22.259%)  route 0.590ns (77.741%))
  Logic Levels:           1  (LUT1=1)
  Clock Path Skew:        -0.110ns (DCD - SCD + CPR)
    Destination Clock Delay (DCD):    3.494ns = ( 11.494 - 8.000 ) 
    Source Clock Delay      (SCD):    3.204ns
    Clock Pessimism Removal (CPR):    -0.400ns
  Clock Uncertainty:      0.064ns  ((TSJ^2 + DJ^2)^1/2) / 2 + PE
    Total System Jitter     (TSJ):    0.071ns
    Discrete Jitter          (DJ):    0.108ns
    Phase Error              (PE):    0.000ns
  Clock Net Delay (Source):      1.890ns (routing 1.034ns, distribution 0.856ns)
  Clock Net Delay (Destination): 1.649ns (routing 0.938ns, distribution 0.711ns)

    Location             Delay type                Incr(ns)  Path(ns)    Netlist Resource(s)
  -------------------------------------------------------------------    -------------------
                         (clock clk125_design_1_clk_wiz_0_0 rise edge)
                                                      0.000     0.000 r  
    D7                                                0.000     0.000 r  clk_100mhz_clk_p (IN)
                         net (fo=0)                   0.100     0.100    design_1_i/clk_wiz_0/inst/clkin1_ibufds/I
    HPIOBDIFFINBUF_X0Y60 DIFFINBUF (Prop_DIFFINBUF_HPIOBDIFFINBUF_DIFF_IN_P_O)
                                                      0.629     0.729 r  design_1_i/clk_wiz_0/inst/clkin1_ibufds/DIFFINBUF_INST/O
                         net (fo=1, routed)           0.050     0.779    design_1_i/clk_wiz_0/inst/clkin1_ibufds/OUT
    D7                   IBUFCTRL (Prop_IBUFCTRL_HPIOB_M_I_O)
                                                      0.000     0.779 r  design_1_i/clk_wiz_0/inst/clkin1_ibufds/IBUFCTRL_INST/O
                         net (fo=1, routed)           0.384     1.163    design_1_i/clk_wiz_0/inst/clk_in1_design_1_clk_wiz_0_0
    MMCM_X0Y2            MMCME4_ADV (Prop_MMCM_CLKIN1_CLKOUT1)
                                                     -0.127     1.036 r  design_1_i/clk_wiz_0/inst/mmcme4_adv_inst/CLKOUT1
                         net (fo=1, routed)           0.250     1.286    design_1_i/clk_wiz_0/inst/clk125_design_1_clk_wiz_0_0
    BUFGCE_X0Y54         BUFGCE (Prop_BUFCE_BUFGCE_I_O)
                                                      0.028     1.314 r  design_1_i/clk_wiz_0/inst/clkout2_buf/O
    X1Y0 (CLOCK_ROOT)    net (fo=53, routed)          1.890     3.204    design_1_i/HDMI_TX_0/U0/i_wrap/pxClkX5
    SLICE_X38Y17         FDRE                                         r  design_1_i/HDMI_TX_0/U0/i_wrap/TMDS_0/i_GBox/sReg_reg[1]/C
  -------------------------------------------------------------------    -------------------
    SLICE_X38Y17         FDRE (Prop_DFF_SLICEL_C_Q)
                                                      0.079     3.283 f  design_1_i/HDMI_TX_0/U0/i_wrap/TMDS_0/i_GBox/sReg_reg[1]/Q
                         net (fo=2, routed)           0.197     3.481    design_1_i/HDMI_TX_0/U0/i_wrap/TMDS_0/D2
    SLICE_X38Y14         LUT1 (Prop_H6LUT_SLICEL_I0_O)
                                                      0.090     3.571 r  design_1_i/HDMI_TX_0/U0/i_wrap/i_ODDRE_N_i_2__0/O
                         net (fo=1, routed)           0.393     3.964    design_1_i/HDMI_TX_0/U0/i_wrap/i_ODDRE_N_i_2__0_n_0
    HDIOLOGIC_M_X1Y3     OSERDESE3                                    r  design_1_i/HDMI_TX_0/U0/i_wrap/TMDS_0/i_ODDRE_N/D[4]
  -------------------------------------------------------------------    -------------------

                         (clock clk125_design_1_clk_wiz_0_0 rise edge)
                                                      8.000     8.000 r  
    D7                                                0.000     8.000 r  clk_100mhz_clk_p (IN)
                         net (fo=0)                   0.079     8.079    design_1_i/clk_wiz_0/inst/clkin1_ibufds/I
    HPIOBDIFFINBUF_X0Y60 DIFFINBUF (Prop_DIFFINBUF_HPIOBDIFFINBUF_DIFF_IN_P_O)
                                                      0.519     8.598 r  design_1_i/clk_wiz_0/inst/clkin1_ibufds/DIFFINBUF_INST/O
                         net (fo=1, routed)           0.040     8.638    design_1_i/clk_wiz_0/inst/clkin1_ibufds/OUT
    D7                   IBUFCTRL (Prop_IBUFCTRL_HPIOB_M_I_O)
                                                      0.000     8.638 r  design_1_i/clk_wiz_0/inst/clkin1_ibufds/IBUFCTRL_INST/O
                         net (fo=1, routed)           0.333     8.971    design_1_i/clk_wiz_0/inst/clk_in1_design_1_clk_wiz_0_0
    MMCM_X0Y2            MMCME4_ADV (Prop_MMCM_CLKIN1_CLKOUT1)
                                                      0.630     9.601 r  design_1_i/clk_wiz_0/inst/mmcme4_adv_inst/CLKOUT1
                         net (fo=1, routed)           0.220     9.821    design_1_i/clk_wiz_0/inst/clk125_design_1_clk_wiz_0_0
    BUFGCE_X0Y54         BUFGCE (Prop_BUFCE_BUFGCE_I_O)
                                                      0.024     9.845 r  design_1_i/clk_wiz_0/inst/clkout2_buf/O
    X1Y0 (CLOCK_ROOT)    net (fo=53, routed)          1.649    11.494    design_1_i/HDMI_TX_0/U0/i_wrap/pxClkX5
    HDIOLOGIC_M_X1Y3     OSERDESE3                                    r  design_1_i/HDMI_TX_0/U0/i_wrap/TMDS_0/i_ODDRE_N/CLK
                         clock pessimism             -0.400    11.094    
                         clock uncertainty           -0.064    11.030    
    HDIOLOGIC_M_X1Y3     OSERDESE3 (Setup_OPTFF_HDIOLOGIC_M_CLK_D[4])
                                                     -0.222    10.808    design_1_i/HDMI_TX_0/U0/i_wrap/TMDS_0/i_ODDRE_N
  -------------------------------------------------------------------
                         required time                         10.808    
                         arrival time                          -3.964    
  -------------------------------------------------------------------
                         slack                                  6.845    

Slack (MET) :             6.848ns  (required time - arrival time)
  Source:                 design_1_i/HDMI_TX_0/U0/i_wrap/TMDS_1/i_GBox/cntMod5_reg[0]/C
                            (rising edge-triggered cell FDRE clocked by clk125_design_1_clk_wiz_0_0  {rise@0.000ns fall@4.000ns period=8.000ns})
  Destination:            design_1_i/HDMI_TX_0/U0/i_wrap/TMDS_1/i_GBox/sReg_reg[2]/D
                            (rising edge-triggered cell FDRE clocked by clk125_design_1_clk_wiz_0_0  {rise@0.000ns fall@4.000ns period=8.000ns})
  Path Group:             clk125_design_1_clk_wiz_0_0
  Path Type:              Setup (Max at Slow Process Corner)
  Requirement:            8.000ns  (clk125_design_1_clk_wiz_0_0 rise@8.000ns - clk125_design_1_clk_wiz_0_0 rise@0.000ns)
  Data Path Delay:        1.078ns  (logic 0.325ns (30.161%)  route 0.753ns (69.839%))
  Logic Levels:           2  (LUT3=1 LUT5=1)
  Clock Path Skew:        -0.035ns (DCD - SCD + CPR)
    Destination Clock Delay (DCD):    3.526ns = ( 11.526 - 8.000 ) 
    Source Clock Delay      (SCD):    3.161ns
    Clock Pessimism Removal (CPR):    -0.400ns
  Clock Uncertainty:      0.064ns  ((TSJ^2 + DJ^2)^1/2) / 2 + PE
    Total System Jitter     (TSJ):    0.071ns
    Discrete Jitter          (DJ):    0.108ns
    Phase Error              (PE):    0.000ns
  Clock Net Delay (Source):      1.847ns (routing 1.034ns, distribution 0.813ns)
  Clock Net Delay (Destination): 1.681ns (routing 0.938ns, distribution 0.743ns)

    Location             Delay type                Incr(ns)  Path(ns)    Netlist Resource(s)
  -------------------------------------------------------------------    -------------------
                         (clock clk125_design_1_clk_wiz_0_0 rise edge)
                                                      0.000     0.000 r  
    D7                                                0.000     0.000 r  clk_100mhz_clk_p (IN)
                         net (fo=0)                   0.100     0.100    design_1_i/clk_wiz_0/inst/clkin1_ibufds/I
    HPIOBDIFFINBUF_X0Y60 DIFFINBUF (Prop_DIFFINBUF_HPIOBDIFFINBUF_DIFF_IN_P_O)
                                                      0.629     0.729 r  design_1_i/clk_wiz_0/inst/clkin1_ibufds/DIFFINBUF_INST/O
                         net (fo=1, routed)           0.050     0.779    design_1_i/clk_wiz_0/inst/clkin1_ibufds/OUT
    D7                   IBUFCTRL (Prop_IBUFCTRL_HPIOB_M_I_O)
                                                      0.000     0.779 r  design_1_i/clk_wiz_0/inst/clkin1_ibufds/IBUFCTRL_INST/O
                         net (fo=1, routed)           0.384     1.163    design_1_i/clk_wiz_0/inst/clk_in1_design_1_clk_wiz_0_0
    MMCM_X0Y2            MMCME4_ADV (Prop_MMCM_CLKIN1_CLKOUT1)
                                                     -0.127     1.036 r  design_1_i/clk_wiz_0/inst/mmcme4_adv_inst/CLKOUT1
                         net (fo=1, routed)           0.250     1.286    design_1_i/clk_wiz_0/inst/clk125_design_1_clk_wiz_0_0
    BUFGCE_X0Y54         BUFGCE (Prop_BUFCE_BUFGCE_I_O)
                                                      0.028     1.314 r  design_1_i/clk_wiz_0/inst/clkout2_buf/O
    X1Y0 (CLOCK_ROOT)    net (fo=53, routed)          1.847     3.161    design_1_i/HDMI_TX_0/U0/i_wrap/pxClkX5
    SLICE_X36Y10         FDRE                                         r  design_1_i/HDMI_TX_0/U0/i_wrap/TMDS_1/i_GBox/cntMod5_reg[0]/C
  -------------------------------------------------------------------    -------------------
    SLICE_X36Y10         FDRE (Prop_DFF2_SLICEL_C_Q)
                                                      0.081     3.242 f  design_1_i/HDMI_TX_0/U0/i_wrap/TMDS_1/i_GBox/cntMod5_reg[0]/Q
                         net (fo=10, routed)          0.300     3.542    design_1_i/HDMI_TX_0/U0/i_wrap/TMDS_1/i_GBox/cntMod5_reg_n_0_[0]
    SLICE_X36Y10         LUT3 (Prop_B6LUT_SLICEL_I2_O)
                                                      0.148     3.690 r  design_1_i/HDMI_TX_0/U0/i_wrap/sReg[7]_i_4/O
                         net (fo=5, routed)           0.403     4.093    design_1_i/HDMI_TX_0/U0/i_wrap/sReg[7]_i_4_n_0
    SLICE_X38Y10         LUT5 (Prop_C6LUT_SLICEL_I2_O)
                                                      0.096     4.189 r  design_1_i/HDMI_TX_0/U0/i_wrap/sReg[2]_i_1__0/O
                         net (fo=1, routed)           0.050     4.239    design_1_i/HDMI_TX_0/U0/i_wrap/sReg[2]_i_1__0_n_0
    SLICE_X38Y10         FDRE                                         r  design_1_i/HDMI_TX_0/U0/i_wrap/TMDS_1/i_GBox/sReg_reg[2]/D
  -------------------------------------------------------------------    -------------------

                         (clock clk125_design_1_clk_wiz_0_0 rise edge)
                                                      8.000     8.000 r  
    D7                                                0.000     8.000 r  clk_100mhz_clk_p (IN)
                         net (fo=0)                   0.079     8.079    design_1_i/clk_wiz_0/inst/clkin1_ibufds/I
    HPIOBDIFFINBUF_X0Y60 DIFFINBUF (Prop_DIFFINBUF_HPIOBDIFFINBUF_DIFF_IN_P_O)
                                                      0.519     8.598 r  design_1_i/clk_wiz_0/inst/clkin1_ibufds/DIFFINBUF_INST/O
                         net (fo=1, routed)           0.040     8.638    design_1_i/clk_wiz_0/inst/clkin1_ibufds/OUT
    D7                   IBUFCTRL (Prop_IBUFCTRL_HPIOB_M_I_O)
                                                      0.000     8.638 r  design_1_i/clk_wiz_0/inst/clkin1_ibufds/IBUFCTRL_INST/O
                         net (fo=1, routed)           0.333     8.971    design_1_i/clk_wiz_0/inst/clk_in1_design_1_clk_wiz_0_0
    MMCM_X0Y2            MMCME4_ADV (Prop_MMCM_CLKIN1_CLKOUT1)
                                                      0.630     9.601 r  design_1_i/clk_wiz_0/inst/mmcme4_adv_inst/CLKOUT1
                         net (fo=1, routed)           0.220     9.821    design_1_i/clk_wiz_0/inst/clk125_design_1_clk_wiz_0_0
    BUFGCE_X0Y54         BUFGCE (Prop_BUFCE_BUFGCE_I_O)
                                                      0.024     9.845 r  design_1_i/clk_wiz_0/inst/clkout2_buf/O
    X1Y0 (CLOCK_ROOT)    net (fo=53, routed)          1.681    11.526    design_1_i/HDMI_TX_0/U0/i_wrap/pxClkX5
    SLICE_X38Y10         FDRE                                         r  design_1_i/HDMI_TX_0/U0/i_wrap/TMDS_1/i_GBox/sReg_reg[2]/C
                         clock pessimism             -0.400    11.126    
                         clock uncertainty           -0.064    11.062    
    SLICE_X38Y10         FDRE (Setup_CFF_SLICEL_C_D)
                                                      0.025    11.087    design_1_i/HDMI_TX_0/U0/i_wrap/TMDS_1/i_GBox/sReg_reg[2]
  -------------------------------------------------------------------
                         required time                         11.087    
                         arrival time                          -4.239    
  -------------------------------------------------------------------
                         slack                                  6.848    

Slack (MET) :             6.852ns  (required time - arrival time)
  Source:                 design_1_i/HDMI_TX_0/U0/i_wrap/TMDS_1/i_GBox/cntMod5_reg[1]/C
                            (rising edge-triggered cell FDRE clocked by clk125_design_1_clk_wiz_0_0  {rise@0.000ns fall@4.000ns period=8.000ns})
  Destination:            design_1_i/HDMI_TX_0/U0/i_wrap/TMDS_1/i_GBox/sReg_reg[5]/D
                            (rising edge-triggered cell FDRE clocked by clk125_design_1_clk_wiz_0_0  {rise@0.000ns fall@4.000ns period=8.000ns})
  Path Group:             clk125_design_1_clk_wiz_0_0
  Path Type:              Setup (Max at Slow Process Corner)
  Requirement:            8.000ns  (clk125_design_1_clk_wiz_0_0 rise@8.000ns - clk125_design_1_clk_wiz_0_0 rise@0.000ns)
  Data Path Delay:        1.070ns  (logic 0.203ns (18.971%)  route 0.867ns (81.029%))
  Logic Levels:           1  (LUT5=1)
  Clock Path Skew:        -0.039ns (DCD - SCD + CPR)
    Destination Clock Delay (DCD):    3.522ns = ( 11.522 - 8.000 ) 
    Source Clock Delay      (SCD):    3.161ns
    Clock Pessimism Removal (CPR):    -0.400ns
  Clock Uncertainty:      0.064ns  ((TSJ^2 + DJ^2)^1/2) / 2 + PE
    Total System Jitter     (TSJ):    0.071ns
    Discrete Jitter          (DJ):    0.108ns
    Phase Error              (PE):    0.000ns
  Clock Net Delay (Source):      1.847ns (routing 1.034ns, distribution 0.813ns)
  Clock Net Delay (Destination): 1.677ns (routing 0.938ns, distribution 0.739ns)

    Location             Delay type                Incr(ns)  Path(ns)    Netlist Resource(s)
  -------------------------------------------------------------------    -------------------
                         (clock clk125_design_1_clk_wiz_0_0 rise edge)
                                                      0.000     0.000 r  
    D7                                                0.000     0.000 r  clk_100mhz_clk_p (IN)
                         net (fo=0)                   0.100     0.100    design_1_i/clk_wiz_0/inst/clkin1_ibufds/I
    HPIOBDIFFINBUF_X0Y60 DIFFINBUF (Prop_DIFFINBUF_HPIOBDIFFINBUF_DIFF_IN_P_O)
                                                      0.629     0.729 r  design_1_i/clk_wiz_0/inst/clkin1_ibufds/DIFFINBUF_INST/O
                         net (fo=1, routed)           0.050     0.779    design_1_i/clk_wiz_0/inst/clkin1_ibufds/OUT
    D7                   IBUFCTRL (Prop_IBUFCTRL_HPIOB_M_I_O)
                                                      0.000     0.779 r  design_1_i/clk_wiz_0/inst/clkin1_ibufds/IBUFCTRL_INST/O
                         net (fo=1, routed)           0.384     1.163    design_1_i/clk_wiz_0/inst/clk_in1_design_1_clk_wiz_0_0
    MMCM_X0Y2            MMCME4_ADV (Prop_MMCM_CLKIN1_CLKOUT1)
                                                     -0.127     1.036 r  design_1_i/clk_wiz_0/inst/mmcme4_adv_inst/CLKOUT1
                         net (fo=1, routed)           0.250     1.286    design_1_i/clk_wiz_0/inst/clk125_design_1_clk_wiz_0_0
    BUFGCE_X0Y54         BUFGCE (Prop_BUFCE_BUFGCE_I_O)
                                                      0.028     1.314 r  design_1_i/clk_wiz_0/inst/clkout2_buf/O
    X1Y0 (CLOCK_ROOT)    net (fo=53, routed)          1.847     3.161    design_1_i/HDMI_TX_0/U0/i_wrap/pxClkX5
    SLICE_X36Y10         FDRE                                         r  design_1_i/HDMI_TX_0/U0/i_wrap/TMDS_1/i_GBox/cntMod5_reg[1]/C
  -------------------------------------------------------------------    -------------------
    SLICE_X36Y10         FDRE (Prop_CFF_SLICEL_C_Q)
                                                      0.079     3.240 r  design_1_i/HDMI_TX_0/U0/i_wrap/TMDS_1/i_GBox/cntMod5_reg[1]/Q
                         net (fo=9, routed)           0.816     4.056    design_1_i/HDMI_TX_0/U0/i_wrap/TMDS_1/i_GBox/cntMod5_reg_n_0_[1]
    SLICE_X38Y11         LUT5 (Prop_H6LUT_SLICEL_I1_O)
                                                      0.124     4.180 r  design_1_i/HDMI_TX_0/U0/i_wrap/sReg[5]_i_1__0/O
                         net (fo=1, routed)           0.051     4.231    design_1_i/HDMI_TX_0/U0/i_wrap/sReg[5]_i_1__0_n_0
    SLICE_X38Y11         FDRE                                         r  design_1_i/HDMI_TX_0/U0/i_wrap/TMDS_1/i_GBox/sReg_reg[5]/D
  -------------------------------------------------------------------    -------------------

                         (clock clk125_design_1_clk_wiz_0_0 rise edge)
                                                      8.000     8.000 r  
    D7                                                0.000     8.000 r  clk_100mhz_clk_p (IN)
                         net (fo=0)                   0.079     8.079    design_1_i/clk_wiz_0/inst/clkin1_ibufds/I
    HPIOBDIFFINBUF_X0Y60 DIFFINBUF (Prop_DIFFINBUF_HPIOBDIFFINBUF_DIFF_IN_P_O)
                                                      0.519     8.598 r  design_1_i/clk_wiz_0/inst/clkin1_ibufds/DIFFINBUF_INST/O
                         net (fo=1, routed)           0.040     8.638    design_1_i/clk_wiz_0/inst/clkin1_ibufds/OUT
    D7                   IBUFCTRL (Prop_IBUFCTRL_HPIOB_M_I_O)
                                                      0.000     8.638 r  design_1_i/clk_wiz_0/inst/clkin1_ibufds/IBUFCTRL_INST/O
                         net (fo=1, routed)           0.333     8.971    design_1_i/clk_wiz_0/inst/clk_in1_design_1_clk_wiz_0_0
    MMCM_X0Y2            MMCME4_ADV (Prop_MMCM_CLKIN1_CLKOUT1)
                                                      0.630     9.601 r  design_1_i/clk_wiz_0/inst/mmcme4_adv_inst/CLKOUT1
                         net (fo=1, routed)           0.220     9.821    design_1_i/clk_wiz_0/inst/clk125_design_1_clk_wiz_0_0
    BUFGCE_X0Y54         BUFGCE (Prop_BUFCE_BUFGCE_I_O)
                                                      0.024     9.845 r  design_1_i/clk_wiz_0/inst/clkout2_buf/O
    X1Y0 (CLOCK_ROOT)    net (fo=53, routed)          1.677    11.522    design_1_i/HDMI_TX_0/U0/i_wrap/pxClkX5
    SLICE_X38Y11         FDRE                                         r  design_1_i/HDMI_TX_0/U0/i_wrap/TMDS_1/i_GBox/sReg_reg[5]/C
                         clock pessimism             -0.400    11.123    
                         clock uncertainty           -0.064    11.058    
    SLICE_X38Y11         FDRE (Setup_HFF_SLICEL_C_D)
                                                      0.025    11.083    design_1_i/HDMI_TX_0/U0/i_wrap/TMDS_1/i_GBox/sReg_reg[5]
  -------------------------------------------------------------------
                         required time                         11.083    
                         arrival time                          -4.231    
  -------------------------------------------------------------------
                         slack                                  6.852    

Slack (MET) :             6.910ns  (required time - arrival time)
  Source:                 design_1_i/HDMI_TX_0/U0/i_wrap/TMDS_1/i_GBox/cntMod5_reg[0]/C
                            (rising edge-triggered cell FDRE clocked by clk125_design_1_clk_wiz_0_0  {rise@0.000ns fall@4.000ns period=8.000ns})
  Destination:            design_1_i/HDMI_TX_0/U0/i_wrap/TMDS_1/i_GBox/sReg_reg[4]/D
                            (rising edge-triggered cell FDRE clocked by clk125_design_1_clk_wiz_0_0  {rise@0.000ns fall@4.000ns period=8.000ns})
  Path Group:             clk125_design_1_clk_wiz_0_0
  Path Type:              Setup (Max at Slow Process Corner)
  Requirement:            8.000ns  (clk125_design_1_clk_wiz_0_0 rise@8.000ns - clk125_design_1_clk_wiz_0_0 rise@0.000ns)
  Data Path Delay:        1.016ns  (logic 0.265ns (26.094%)  route 0.751ns (73.906%))
  Logic Levels:           2  (LUT3=1 LUT5=1)
  Clock Path Skew:        -0.035ns (DCD - SCD + CPR)
    Destination Clock Delay (DCD):    3.526ns = ( 11.526 - 8.000 ) 
    Source Clock Delay      (SCD):    3.161ns
    Clock Pessimism Removal (CPR):    -0.400ns
  Clock Uncertainty:      0.064ns  ((TSJ^2 + DJ^2)^1/2) / 2 + PE
    Total System Jitter     (TSJ):    0.071ns
    Discrete Jitter          (DJ):    0.108ns
    Phase Error              (PE):    0.000ns
  Clock Net Delay (Source):      1.847ns (routing 1.034ns, distribution 0.813ns)
  Clock Net Delay (Destination): 1.681ns (routing 0.938ns, distribution 0.743ns)

    Location             Delay type                Incr(ns)  Path(ns)    Netlist Resource(s)
  -------------------------------------------------------------------    -------------------
                         (clock clk125_design_1_clk_wiz_0_0 rise edge)
                                                      0.000     0.000 r  
    D7                                                0.000     0.000 r  clk_100mhz_clk_p (IN)
                         net (fo=0)                   0.100     0.100    design_1_i/clk_wiz_0/inst/clkin1_ibufds/I
    HPIOBDIFFINBUF_X0Y60 DIFFINBUF (Prop_DIFFINBUF_HPIOBDIFFINBUF_DIFF_IN_P_O)
                                                      0.629     0.729 r  design_1_i/clk_wiz_0/inst/clkin1_ibufds/DIFFINBUF_INST/O
                         net (fo=1, routed)           0.050     0.779    design_1_i/clk_wiz_0/inst/clkin1_ibufds/OUT
    D7                   IBUFCTRL (Prop_IBUFCTRL_HPIOB_M_I_O)
                                                      0.000     0.779 r  design_1_i/clk_wiz_0/inst/clkin1_ibufds/IBUFCTRL_INST/O
                         net (fo=1, routed)           0.384     1.163    design_1_i/clk_wiz_0/inst/clk_in1_design_1_clk_wiz_0_0
    MMCM_X0Y2            MMCME4_ADV (Prop_MMCM_CLKIN1_CLKOUT1)
                                                     -0.127     1.036 r  design_1_i/clk_wiz_0/inst/mmcme4_adv_inst/CLKOUT1
                         net (fo=1, routed)           0.250     1.286    design_1_i/clk_wiz_0/inst/clk125_design_1_clk_wiz_0_0
    BUFGCE_X0Y54         BUFGCE (Prop_BUFCE_BUFGCE_I_O)
                                                      0.028     1.314 r  design_1_i/clk_wiz_0/inst/clkout2_buf/O
    X1Y0 (CLOCK_ROOT)    net (fo=53, routed)          1.847     3.161    design_1_i/HDMI_TX_0/U0/i_wrap/pxClkX5
    SLICE_X36Y10         FDRE                                         r  design_1_i/HDMI_TX_0/U0/i_wrap/TMDS_1/i_GBox/cntMod5_reg[0]/C
  -------------------------------------------------------------------    -------------------
    SLICE_X36Y10         FDRE (Prop_DFF2_SLICEL_C_Q)
                                                      0.081     3.242 f  design_1_i/HDMI_TX_0/U0/i_wrap/TMDS_1/i_GBox/cntMod5_reg[0]/Q
                         net (fo=10, routed)          0.300     3.542    design_1_i/HDMI_TX_0/U0/i_wrap/TMDS_1/i_GBox/cntMod5_reg_n_0_[0]
    SLICE_X36Y10         LUT3 (Prop_B6LUT_SLICEL_I2_O)
                                                      0.148     3.690 r  design_1_i/HDMI_TX_0/U0/i_wrap/sReg[7]_i_4/O
                         net (fo=5, routed)           0.402     4.092    design_1_i/HDMI_TX_0/U0/i_wrap/sReg[7]_i_4_n_0
    SLICE_X38Y10         LUT5 (Prop_B6LUT_SLICEL_I3_O)
                                                      0.036     4.128 r  design_1_i/HDMI_TX_0/U0/i_wrap/sReg[4]_i_1__0/O
                         net (fo=1, routed)           0.049     4.177    design_1_i/HDMI_TX_0/U0/i_wrap/sReg[4]_i_1__0_n_0
    SLICE_X38Y10         FDRE                                         r  design_1_i/HDMI_TX_0/U0/i_wrap/TMDS_1/i_GBox/sReg_reg[4]/D
  -------------------------------------------------------------------    -------------------

                         (clock clk125_design_1_clk_wiz_0_0 rise edge)
                                                      8.000     8.000 r  
    D7                                                0.000     8.000 r  clk_100mhz_clk_p (IN)
                         net (fo=0)                   0.079     8.079    design_1_i/clk_wiz_0/inst/clkin1_ibufds/I
    HPIOBDIFFINBUF_X0Y60 DIFFINBUF (Prop_DIFFINBUF_HPIOBDIFFINBUF_DIFF_IN_P_O)
                                                      0.519     8.598 r  design_1_i/clk_wiz_0/inst/clkin1_ibufds/DIFFINBUF_INST/O
                         net (fo=1, routed)           0.040     8.638    design_1_i/clk_wiz_0/inst/clkin1_ibufds/OUT
    D7                   IBUFCTRL (Prop_IBUFCTRL_HPIOB_M_I_O)
                                                      0.000     8.638 r  design_1_i/clk_wiz_0/inst/clkin1_ibufds/IBUFCTRL_INST/O
                         net (fo=1, routed)           0.333     8.971    design_1_i/clk_wiz_0/inst/clk_in1_design_1_clk_wiz_0_0
    MMCM_X0Y2            MMCME4_ADV (Prop_MMCM_CLKIN1_CLKOUT1)
                                                      0.630     9.601 r  design_1_i/clk_wiz_0/inst/mmcme4_adv_inst/CLKOUT1
                         net (fo=1, routed)           0.220     9.821    design_1_i/clk_wiz_0/inst/clk125_design_1_clk_wiz_0_0
    BUFGCE_X0Y54         BUFGCE (Prop_BUFCE_BUFGCE_I_O)
                                                      0.024     9.845 r  design_1_i/clk_wiz_0/inst/clkout2_buf/O
    X1Y0 (CLOCK_ROOT)    net (fo=53, routed)          1.681    11.526    design_1_i/HDMI_TX_0/U0/i_wrap/pxClkX5
    SLICE_X38Y10         FDRE                                         r  design_1_i/HDMI_TX_0/U0/i_wrap/TMDS_1/i_GBox/sReg_reg[4]/C
                         clock pessimism             -0.400    11.126    
                         clock uncertainty           -0.064    11.062    
    SLICE_X38Y10         FDRE (Setup_BFF_SLICEL_C_D)
                                                      0.025    11.087    design_1_i/HDMI_TX_0/U0/i_wrap/TMDS_1/i_GBox/sReg_reg[4]
  -------------------------------------------------------------------
                         required time                         11.087    
                         arrival time                          -4.177    
  -------------------------------------------------------------------
                         slack                                  6.910    

Slack (MET) :             6.911ns  (required time - arrival time)
  Source:                 design_1_i/HDMI_TX_0/U0/i_wrap/TMDS_1/i_GBox/cntMod5_reg[0]/C
                            (rising edge-triggered cell FDRE clocked by clk125_design_1_clk_wiz_0_0  {rise@0.000ns fall@4.000ns period=8.000ns})
  Destination:            design_1_i/HDMI_TX_0/U0/i_wrap/TMDS_1/i_GBox/sReg_reg[6]/D
                            (rising edge-triggered cell FDRE clocked by clk125_design_1_clk_wiz_0_0  {rise@0.000ns fall@4.000ns period=8.000ns})
  Path Group:             clk125_design_1_clk_wiz_0_0
  Path Type:              Setup (Max at Slow Process Corner)
  Requirement:            8.000ns  (clk125_design_1_clk_wiz_0_0 rise@8.000ns - clk125_design_1_clk_wiz_0_0 rise@0.000ns)
  Data Path Delay:        1.015ns  (logic 0.264ns (26.021%)  route 0.751ns (73.979%))
  Logic Levels:           2  (LUT3=1 LUT6=1)
  Clock Path Skew:        -0.035ns (DCD - SCD + CPR)
    Destination Clock Delay (DCD):    3.526ns = ( 11.526 - 8.000 ) 
    Source Clock Delay      (SCD):    3.161ns
    Clock Pessimism Removal (CPR):    -0.400ns
  Clock Uncertainty:      0.064ns  ((TSJ^2 + DJ^2)^1/2) / 2 + PE
    Total System Jitter     (TSJ):    0.071ns
    Discrete Jitter          (DJ):    0.108ns
    Phase Error              (PE):    0.000ns
  Clock Net Delay (Source):      1.847ns (routing 1.034ns, distribution 0.813ns)
  Clock Net Delay (Destination): 1.681ns (routing 0.938ns, distribution 0.743ns)

    Location             Delay type                Incr(ns)  Path(ns)    Netlist Resource(s)
  -------------------------------------------------------------------    -------------------
                         (clock clk125_design_1_clk_wiz_0_0 rise edge)
                                                      0.000     0.000 r  
    D7                                                0.000     0.000 r  clk_100mhz_clk_p (IN)
                         net (fo=0)                   0.100     0.100    design_1_i/clk_wiz_0/inst/clkin1_ibufds/I
    HPIOBDIFFINBUF_X0Y60 DIFFINBUF (Prop_DIFFINBUF_HPIOBDIFFINBUF_DIFF_IN_P_O)
                                                      0.629     0.729 r  design_1_i/clk_wiz_0/inst/clkin1_ibufds/DIFFINBUF_INST/O
                         net (fo=1, routed)           0.050     0.779    design_1_i/clk_wiz_0/inst/clkin1_ibufds/OUT
    D7                   IBUFCTRL (Prop_IBUFCTRL_HPIOB_M_I_O)
                                                      0.000     0.779 r  design_1_i/clk_wiz_0/inst/clkin1_ibufds/IBUFCTRL_INST/O
                         net (fo=1, routed)           0.384     1.163    design_1_i/clk_wiz_0/inst/clk_in1_design_1_clk_wiz_0_0
    MMCM_X0Y2            MMCME4_ADV (Prop_MMCM_CLKIN1_CLKOUT1)
                                                     -0.127     1.036 r  design_1_i/clk_wiz_0/inst/mmcme4_adv_inst/CLKOUT1
                         net (fo=1, routed)           0.250     1.286    design_1_i/clk_wiz_0/inst/clk125_design_1_clk_wiz_0_0
    BUFGCE_X0Y54         BUFGCE (Prop_BUFCE_BUFGCE_I_O)
                                                      0.028     1.314 r  design_1_i/clk_wiz_0/inst/clkout2_buf/O
    X1Y0 (CLOCK_ROOT)    net (fo=53, routed)          1.847     3.161    design_1_i/HDMI_TX_0/U0/i_wrap/pxClkX5
    SLICE_X36Y10         FDRE                                         r  design_1_i/HDMI_TX_0/U0/i_wrap/TMDS_1/i_GBox/cntMod5_reg[0]/C
  -------------------------------------------------------------------    -------------------
    SLICE_X36Y10         FDRE (Prop_DFF2_SLICEL_C_Q)
                                                      0.081     3.242 f  design_1_i/HDMI_TX_0/U0/i_wrap/TMDS_1/i_GBox/cntMod5_reg[0]/Q
                         net (fo=10, routed)          0.300     3.542    design_1_i/HDMI_TX_0/U0/i_wrap/TMDS_1/i_GBox/cntMod5_reg_n_0_[0]
    SLICE_X36Y10         LUT3 (Prop_B6LUT_SLICEL_I2_O)
                                                      0.148     3.690 r  design_1_i/HDMI_TX_0/U0/i_wrap/sReg[7]_i_4/O
                         net (fo=5, routed)           0.403     4.093    design_1_i/HDMI_TX_0/U0/i_wrap/sReg[7]_i_4_n_0
    SLICE_X38Y10         LUT6 (Prop_A6LUT_SLICEL_I4_O)
                                                      0.035     4.128 r  design_1_i/HDMI_TX_0/U0/i_wrap/sReg[6]_i_1__0/O
                         net (fo=1, routed)           0.048     4.176    design_1_i/HDMI_TX_0/U0/i_wrap/sReg[6]_i_1__0_n_0
    SLICE_X38Y10         FDRE                                         r  design_1_i/HDMI_TX_0/U0/i_wrap/TMDS_1/i_GBox/sReg_reg[6]/D
  -------------------------------------------------------------------    -------------------

                         (clock clk125_design_1_clk_wiz_0_0 rise edge)
                                                      8.000     8.000 r  
    D7                                                0.000     8.000 r  clk_100mhz_clk_p (IN)
                         net (fo=0)                   0.079     8.079    design_1_i/clk_wiz_0/inst/clkin1_ibufds/I
    HPIOBDIFFINBUF_X0Y60 DIFFINBUF (Prop_DIFFINBUF_HPIOBDIFFINBUF_DIFF_IN_P_O)
                                                      0.519     8.598 r  design_1_i/clk_wiz_0/inst/clkin1_ibufds/DIFFINBUF_INST/O
                         net (fo=1, routed)           0.040     8.638    design_1_i/clk_wiz_0/inst/clkin1_ibufds/OUT
    D7                   IBUFCTRL (Prop_IBUFCTRL_HPIOB_M_I_O)
                                                      0.000     8.638 r  design_1_i/clk_wiz_0/inst/clkin1_ibufds/IBUFCTRL_INST/O
                         net (fo=1, routed)           0.333     8.971    design_1_i/clk_wiz_0/inst/clk_in1_design_1_clk_wiz_0_0
    MMCM_X0Y2            MMCME4_ADV (Prop_MMCM_CLKIN1_CLKOUT1)
                                                      0.630     9.601 r  design_1_i/clk_wiz_0/inst/mmcme4_adv_inst/CLKOUT1
                         net (fo=1, routed)           0.220     9.821    design_1_i/clk_wiz_0/inst/clk125_design_1_clk_wiz_0_0
    BUFGCE_X0Y54         BUFGCE (Prop_BUFCE_BUFGCE_I_O)
                                                      0.024     9.845 r  design_1_i/clk_wiz_0/inst/clkout2_buf/O
    X1Y0 (CLOCK_ROOT)    net (fo=53, routed)          1.681    11.526    design_1_i/HDMI_TX_0/U0/i_wrap/pxClkX5
    SLICE_X38Y10         FDRE                                         r  design_1_i/HDMI_TX_0/U0/i_wrap/TMDS_1/i_GBox/sReg_reg[6]/C
                         clock pessimism             -0.400    11.126    
                         clock uncertainty           -0.064    11.062    
    SLICE_X38Y10         FDRE (Setup_AFF_SLICEL_C_D)
                                                      0.025    11.087    design_1_i/HDMI_TX_0/U0/i_wrap/TMDS_1/i_GBox/sReg_reg[6]
  -------------------------------------------------------------------
                         required time                         11.087    
                         arrival time                          -4.176    
  -------------------------------------------------------------------
                         slack                                  6.911    





Min Delay Paths
--------------------------------------------------------------------------------------
Slack (MET) :             0.041ns  (arrival time - required time)
  Source:                 design_1_i/HDMI_TX_0/U0/i_wrap/TMDS_1/i_GBox/sReg_reg[3]/C
                            (rising edge-triggered cell FDRE clocked by clk125_design_1_clk_wiz_0_0  {rise@0.000ns fall@4.000ns period=8.000ns})
  Destination:            design_1_i/HDMI_TX_0/U0/i_wrap/TMDS_1/i_GBox/sReg_reg[1]/D
                            (rising edge-triggered cell FDRE clocked by clk125_design_1_clk_wiz_0_0  {rise@0.000ns fall@4.000ns period=8.000ns})
  Path Group:             clk125_design_1_clk_wiz_0_0
  Path Type:              Hold (Min at Fast Process Corner)
  Requirement:            0.000ns  (clk125_design_1_clk_wiz_0_0 rise@0.000ns - clk125_design_1_clk_wiz_0_0 rise@0.000ns)
  Data Path Delay:        0.093ns  (logic 0.053ns (56.989%)  route 0.040ns (43.011%))
  Logic Levels:           1  (LUT5=1)
  Clock Path Skew:        0.006ns (DCD - SCD - CPR)
    Destination Clock Delay (DCD):    1.831ns
    Source Clock Delay      (SCD):    2.034ns
    Clock Pessimism Removal (CPR):    -0.208ns
  Clock Net Delay (Source):      1.028ns (routing 0.568ns, distribution 0.460ns)
  Clock Net Delay (Destination): 1.165ns (routing 0.637ns, distribution 0.528ns)

    Location             Delay type                Incr(ns)  Path(ns)    Netlist Resource(s)
  -------------------------------------------------------------------    -------------------
                         (clock clk125_design_1_clk_wiz_0_0 rise edge)
                                                      0.000     0.000 r  
    D7                                                0.000     0.000 r  clk_100mhz_clk_p (IN)
                         net (fo=0)                   0.079     0.079    design_1_i/clk_wiz_0/inst/clkin1_ibufds/I
    HPIOBDIFFINBUF_X0Y60 DIFFINBUF (Prop_DIFFINBUF_HPIOBDIFFINBUF_DIFF_IN_P_O)
                                                      0.295     0.374 r  design_1_i/clk_wiz_0/inst/clkin1_ibufds/DIFFINBUF_INST/O
                         net (fo=1, routed)           0.040     0.414    design_1_i/clk_wiz_0/inst/clkin1_ibufds/OUT
    D7                   IBUFCTRL (Prop_IBUFCTRL_HPIOB_M_I_O)
                                                      0.000     0.414 r  design_1_i/clk_wiz_0/inst/clkin1_ibufds/IBUFCTRL_INST/O
                         net (fo=1, routed)           0.196     0.610    design_1_i/clk_wiz_0/inst/clk_in1_design_1_clk_wiz_0_0
    MMCM_X0Y2            MMCME4_ADV (Prop_MMCM_CLKIN1_CLKOUT1)
                                                      0.230     0.840 r  design_1_i/clk_wiz_0/inst/mmcme4_adv_inst/CLKOUT1
                         net (fo=1, routed)           0.149     0.989    design_1_i/clk_wiz_0/inst/clk125_design_1_clk_wiz_0_0
    BUFGCE_X0Y54         BUFGCE (Prop_BUFCE_BUFGCE_I_O)
                                                      0.017     1.006 r  design_1_i/clk_wiz_0/inst/clkout2_buf/O
    X1Y0 (CLOCK_ROOT)    net (fo=53, routed)          1.028     2.034    design_1_i/HDMI_TX_0/U0/i_wrap/pxClkX5
    SLICE_X36Y11         FDRE                                         r  design_1_i/HDMI_TX_0/U0/i_wrap/TMDS_1/i_GBox/sReg_reg[3]/C
  -------------------------------------------------------------------    -------------------
    SLICE_X36Y11         FDRE (Prop_CFF_SLICEL_C_Q)
                                                      0.039     2.073 r  design_1_i/HDMI_TX_0/U0/i_wrap/TMDS_1/i_GBox/sReg_reg[3]/Q
                         net (fo=1, routed)           0.024     2.097    design_1_i/HDMI_TX_0/U0/i_wrap/TMDS_1/i_GBox/sReg_reg_n_0_[3]
    SLICE_X36Y11         LUT5 (Prop_D6LUT_SLICEL_I4_O)
                                                      0.014     2.111 r  design_1_i/HDMI_TX_0/U0/i_wrap/sReg[1]_i_1__0/O
                         net (fo=1, routed)           0.016     2.127    design_1_i/HDMI_TX_0/U0/i_wrap/sReg[1]_i_1__0_n_0
    SLICE_X36Y11         FDRE                                         r  design_1_i/HDMI_TX_0/U0/i_wrap/TMDS_1/i_GBox/sReg_reg[1]/D
  -------------------------------------------------------------------    -------------------

                         (clock clk125_design_1_clk_wiz_0_0 rise edge)
                                                      0.000     0.000 r  
    D7                                                0.000     0.000 r  clk_100mhz_clk_p (IN)
                         net (fo=0)                   0.100     0.100    design_1_i/clk_wiz_0/inst/clkin1_ibufds/I
    HPIOBDIFFINBUF_X0Y60 DIFFINBUF (Prop_DIFFINBUF_HPIOBDIFFINBUF_DIFF_IN_P_O)
                                                      0.400     0.500 r  design_1_i/clk_wiz_0/inst/clkin1_ibufds/DIFFINBUF_INST/O
                         net (fo=1, routed)           0.050     0.550    design_1_i/clk_wiz_0/inst/clkin1_ibufds/OUT
    D7                   IBUFCTRL (Prop_IBUFCTRL_HPIOB_M_I_O)
                                                      0.000     0.550 r  design_1_i/clk_wiz_0/inst/clkin1_ibufds/IBUFCTRL_INST/O
                         net (fo=1, routed)           0.222     0.772    design_1_i/clk_wiz_0/inst/clk_in1_design_1_clk_wiz_0_0
    MMCM_X0Y2            MMCME4_ADV (Prop_MMCM_CLKIN1_CLKOUT1)
                                                     -0.295     0.477 r  design_1_i/clk_wiz_0/inst/mmcme4_adv_inst/CLKOUT1
                         net (fo=1, routed)           0.170     0.647    design_1_i/clk_wiz_0/inst/clk125_design_1_clk_wiz_0_0
    BUFGCE_X0Y54         BUFGCE (Prop_BUFCE_BUFGCE_I_O)
                                                      0.019     0.666 r  design_1_i/clk_wiz_0/inst/clkout2_buf/O
    X1Y0 (CLOCK_ROOT)    net (fo=53, routed)          1.165     1.831    design_1_i/HDMI_TX_0/U0/i_wrap/pxClkX5
    SLICE_X36Y11         FDRE                                         r  design_1_i/HDMI_TX_0/U0/i_wrap/TMDS_1/i_GBox/sReg_reg[1]/C
                         clock pessimism              0.208     2.040    
    SLICE_X36Y11         FDRE (Hold_DFF_SLICEL_C_D)
                                                      0.046     2.086    design_1_i/HDMI_TX_0/U0/i_wrap/TMDS_1/i_GBox/sReg_reg[1]
  -------------------------------------------------------------------
                         required time                         -2.086    
                         arrival time                           2.127    
  -------------------------------------------------------------------
                         slack                                  0.041    

Slack (MET) :             0.042ns  (arrival time - required time)
  Source:                 design_1_i/HDMI_TX_0/U0/i_wrap/TMDS_1/i_GBox/sReg_reg[4]/C
                            (rising edge-triggered cell FDRE clocked by clk125_design_1_clk_wiz_0_0  {rise@0.000ns fall@4.000ns period=8.000ns})
  Destination:            design_1_i/HDMI_TX_0/U0/i_wrap/TMDS_1/i_GBox/sReg_reg[2]/D
                            (rising edge-triggered cell FDRE clocked by clk125_design_1_clk_wiz_0_0  {rise@0.000ns fall@4.000ns period=8.000ns})
  Path Group:             clk125_design_1_clk_wiz_0_0
  Path Type:              Hold (Min at Fast Process Corner)
  Requirement:            0.000ns  (clk125_design_1_clk_wiz_0_0 rise@0.000ns - clk125_design_1_clk_wiz_0_0 rise@0.000ns)
  Data Path Delay:        0.094ns  (logic 0.053ns (56.383%)  route 0.041ns (43.617%))
  Logic Levels:           1  (LUT5=1)
  Clock Path Skew:        0.006ns (DCD - SCD - CPR)
    Destination Clock Delay (DCD):    1.852ns
    Source Clock Delay      (SCD):    2.053ns
    Clock Pessimism Removal (CPR):    -0.206ns
  Clock Net Delay (Source):      1.047ns (routing 0.568ns, distribution 0.479ns)
  Clock Net Delay (Destination): 1.186ns (routing 0.637ns, distribution 0.549ns)

    Location             Delay type                Incr(ns)  Path(ns)    Netlist Resource(s)
  -------------------------------------------------------------------    -------------------
                         (clock clk125_design_1_clk_wiz_0_0 rise edge)
                                                      0.000     0.000 r  
    D7                                                0.000     0.000 r  clk_100mhz_clk_p (IN)
                         net (fo=0)                   0.079     0.079    design_1_i/clk_wiz_0/inst/clkin1_ibufds/I
    HPIOBDIFFINBUF_X0Y60 DIFFINBUF (Prop_DIFFINBUF_HPIOBDIFFINBUF_DIFF_IN_P_O)
                                                      0.295     0.374 r  design_1_i/clk_wiz_0/inst/clkin1_ibufds/DIFFINBUF_INST/O
                         net (fo=1, routed)           0.040     0.414    design_1_i/clk_wiz_0/inst/clkin1_ibufds/OUT
    D7                   IBUFCTRL (Prop_IBUFCTRL_HPIOB_M_I_O)
                                                      0.000     0.414 r  design_1_i/clk_wiz_0/inst/clkin1_ibufds/IBUFCTRL_INST/O
                         net (fo=1, routed)           0.196     0.610    design_1_i/clk_wiz_0/inst/clk_in1_design_1_clk_wiz_0_0
    MMCM_X0Y2            MMCME4_ADV (Prop_MMCM_CLKIN1_CLKOUT1)
                                                      0.230     0.840 r  design_1_i/clk_wiz_0/inst/mmcme4_adv_inst/CLKOUT1
                         net (fo=1, routed)           0.149     0.989    design_1_i/clk_wiz_0/inst/clk125_design_1_clk_wiz_0_0
    BUFGCE_X0Y54         BUFGCE (Prop_BUFCE_BUFGCE_I_O)
                                                      0.017     1.006 r  design_1_i/clk_wiz_0/inst/clkout2_buf/O
    X1Y0 (CLOCK_ROOT)    net (fo=53, routed)          1.047     2.053    design_1_i/HDMI_TX_0/U0/i_wrap/pxClkX5
    SLICE_X38Y10         FDRE                                         r  design_1_i/HDMI_TX_0/U0/i_wrap/TMDS_1/i_GBox/sReg_reg[4]/C
  -------------------------------------------------------------------    -------------------
    SLICE_X38Y10         FDRE (Prop_BFF_SLICEL_C_Q)
                                                      0.039     2.092 r  design_1_i/HDMI_TX_0/U0/i_wrap/TMDS_1/i_GBox/sReg_reg[4]/Q
                         net (fo=1, routed)           0.024     2.116    design_1_i/HDMI_TX_0/U0/i_wrap/TMDS_1/i_GBox/sReg_reg_n_0_[4]
    SLICE_X38Y10         LUT5 (Prop_C6LUT_SLICEL_I0_O)
                                                      0.014     2.130 r  design_1_i/HDMI_TX_0/U0/i_wrap/sReg[2]_i_1__0/O
                         net (fo=1, routed)           0.017     2.147    design_1_i/HDMI_TX_0/U0/i_wrap/sReg[2]_i_1__0_n_0
    SLICE_X38Y10         FDRE                                         r  design_1_i/HDMI_TX_0/U0/i_wrap/TMDS_1/i_GBox/sReg_reg[2]/D
  -------------------------------------------------------------------    -------------------

                         (clock clk125_design_1_clk_wiz_0_0 rise edge)
                                                      0.000     0.000 r  
    D7                                                0.000     0.000 r  clk_100mhz_clk_p (IN)
                         net (fo=0)                   0.100     0.100    design_1_i/clk_wiz_0/inst/clkin1_ibufds/I
    HPIOBDIFFINBUF_X0Y60 DIFFINBUF (Prop_DIFFINBUF_HPIOBDIFFINBUF_DIFF_IN_P_O)
                                                      0.400     0.500 r  design_1_i/clk_wiz_0/inst/clkin1_ibufds/DIFFINBUF_INST/O
                         net (fo=1, routed)           0.050     0.550    design_1_i/clk_wiz_0/inst/clkin1_ibufds/OUT
    D7                   IBUFCTRL (Prop_IBUFCTRL_HPIOB_M_I_O)
                                                      0.000     0.550 r  design_1_i/clk_wiz_0/inst/clkin1_ibufds/IBUFCTRL_INST/O
                         net (fo=1, routed)           0.222     0.772    design_1_i/clk_wiz_0/inst/clk_in1_design_1_clk_wiz_0_0
    MMCM_X0Y2            MMCME4_ADV (Prop_MMCM_CLKIN1_CLKOUT1)
                                                     -0.295     0.477 r  design_1_i/clk_wiz_0/inst/mmcme4_adv_inst/CLKOUT1
                         net (fo=1, routed)           0.170     0.647    design_1_i/clk_wiz_0/inst/clk125_design_1_clk_wiz_0_0
    BUFGCE_X0Y54         BUFGCE (Prop_BUFCE_BUFGCE_I_O)
                                                      0.019     0.666 r  design_1_i/clk_wiz_0/inst/clkout2_buf/O
    X1Y0 (CLOCK_ROOT)    net (fo=53, routed)          1.186     1.852    design_1_i/HDMI_TX_0/U0/i_wrap/pxClkX5
    SLICE_X38Y10         FDRE                                         r  design_1_i/HDMI_TX_0/U0/i_wrap/TMDS_1/i_GBox/sReg_reg[2]/C
                         clock pessimism              0.206     2.059    
    SLICE_X38Y10         FDRE (Hold_CFF_SLICEL_C_D)
                                                      0.046     2.105    design_1_i/HDMI_TX_0/U0/i_wrap/TMDS_1/i_GBox/sReg_reg[2]
  -------------------------------------------------------------------
                         required time                         -2.105    
                         arrival time                           2.147    
  -------------------------------------------------------------------
                         slack                                  0.042    

Slack (MET) :             0.052ns  (arrival time - required time)
  Source:                 design_1_i/HDMI_TX_0/U0/i_wrap/TMDS_2/i_GBox/sReg_reg[8]/C
                            (rising edge-triggered cell FDRE clocked by clk125_design_1_clk_wiz_0_0  {rise@0.000ns fall@4.000ns period=8.000ns})
  Destination:            design_1_i/HDMI_TX_0/U0/i_wrap/TMDS_2/i_GBox/sReg_reg[6]/D
                            (rising edge-triggered cell FDRE clocked by clk125_design_1_clk_wiz_0_0  {rise@0.000ns fall@4.000ns period=8.000ns})
  Path Group:             clk125_design_1_clk_wiz_0_0
  Path Type:              Hold (Min at Fast Process Corner)
  Requirement:            0.000ns  (clk125_design_1_clk_wiz_0_0 rise@0.000ns - clk125_design_1_clk_wiz_0_0 rise@0.000ns)
  Data Path Delay:        0.121ns  (logic 0.053ns (43.802%)  route 0.068ns (56.198%))
  Logic Levels:           1  (LUT6=1)
  Clock Path Skew:        0.023ns (DCD - SCD - CPR)
    Destination Clock Delay (DCD):    1.839ns
    Source Clock Delay      (SCD):    2.036ns
    Clock Pessimism Removal (CPR):    -0.220ns
  Clock Net Delay (Source):      1.030ns (routing 0.568ns, distribution 0.462ns)
  Clock Net Delay (Destination): 1.173ns (routing 0.637ns, distribution 0.536ns)

    Location             Delay type                Incr(ns)  Path(ns)    Netlist Resource(s)
  -------------------------------------------------------------------    -------------------
                         (clock clk125_design_1_clk_wiz_0_0 rise edge)
                                                      0.000     0.000 r  
    D7                                                0.000     0.000 r  clk_100mhz_clk_p (IN)
                         net (fo=0)                   0.079     0.079    design_1_i/clk_wiz_0/inst/clkin1_ibufds/I
    HPIOBDIFFINBUF_X0Y60 DIFFINBUF (Prop_DIFFINBUF_HPIOBDIFFINBUF_DIFF_IN_P_O)
                                                      0.295     0.374 r  design_1_i/clk_wiz_0/inst/clkin1_ibufds/DIFFINBUF_INST/O
                         net (fo=1, routed)           0.040     0.414    design_1_i/clk_wiz_0/inst/clkin1_ibufds/OUT
    D7                   IBUFCTRL (Prop_IBUFCTRL_HPIOB_M_I_O)
                                                      0.000     0.414 r  design_1_i/clk_wiz_0/inst/clkin1_ibufds/IBUFCTRL_INST/O
                         net (fo=1, routed)           0.196     0.610    design_1_i/clk_wiz_0/inst/clk_in1_design_1_clk_wiz_0_0
    MMCM_X0Y2            MMCME4_ADV (Prop_MMCM_CLKIN1_CLKOUT1)
                                                      0.230     0.840 r  design_1_i/clk_wiz_0/inst/mmcme4_adv_inst/CLKOUT1
                         net (fo=1, routed)           0.149     0.989    design_1_i/clk_wiz_0/inst/clk125_design_1_clk_wiz_0_0
    BUFGCE_X0Y54         BUFGCE (Prop_BUFCE_BUFGCE_I_O)
                                                      0.017     1.006 r  design_1_i/clk_wiz_0/inst/clkout2_buf/O
    X1Y0 (CLOCK_ROOT)    net (fo=53, routed)          1.030     2.036    design_1_i/HDMI_TX_0/U0/i_wrap/pxClkX5
    SLICE_X37Y4          FDRE                                         r  design_1_i/HDMI_TX_0/U0/i_wrap/TMDS_2/i_GBox/sReg_reg[8]/C
  -------------------------------------------------------------------    -------------------
    SLICE_X37Y4          FDRE (Prop_DFF_SLICEM_C_Q)
                                                      0.039     2.075 r  design_1_i/HDMI_TX_0/U0/i_wrap/TMDS_2/i_GBox/sReg_reg[8]/Q
                         net (fo=1, routed)           0.050     2.125    design_1_i/HDMI_TX_0/U0/i_wrap/TMDS_2/i_GBox/sReg_reg_n_0_[8]
    SLICE_X37Y5          LUT6 (Prop_A6LUT_SLICEM_I5_O)
                                                      0.014     2.139 r  design_1_i/HDMI_TX_0/U0/i_wrap/sReg[6]_i_1__1/O
                         net (fo=1, routed)           0.018     2.157    design_1_i/HDMI_TX_0/U0/i_wrap/sReg[6]_i_1__1_n_0
    SLICE_X37Y5          FDRE                                         r  design_1_i/HDMI_TX_0/U0/i_wrap/TMDS_2/i_GBox/sReg_reg[6]/D
  -------------------------------------------------------------------    -------------------

                         (clock clk125_design_1_clk_wiz_0_0 rise edge)
                                                      0.000     0.000 r  
    D7                                                0.000     0.000 r  clk_100mhz_clk_p (IN)
                         net (fo=0)                   0.100     0.100    design_1_i/clk_wiz_0/inst/clkin1_ibufds/I
    HPIOBDIFFINBUF_X0Y60 DIFFINBUF (Prop_DIFFINBUF_HPIOBDIFFINBUF_DIFF_IN_P_O)
                                                      0.400     0.500 r  design_1_i/clk_wiz_0/inst/clkin1_ibufds/DIFFINBUF_INST/O
                         net (fo=1, routed)           0.050     0.550    design_1_i/clk_wiz_0/inst/clkin1_ibufds/OUT
    D7                   IBUFCTRL (Prop_IBUFCTRL_HPIOB_M_I_O)
                                                      0.000     0.550 r  design_1_i/clk_wiz_0/inst/clkin1_ibufds/IBUFCTRL_INST/O
                         net (fo=1, routed)           0.222     0.772    design_1_i/clk_wiz_0/inst/clk_in1_design_1_clk_wiz_0_0
    MMCM_X0Y2            MMCME4_ADV (Prop_MMCM_CLKIN1_CLKOUT1)
                                                     -0.295     0.477 r  design_1_i/clk_wiz_0/inst/mmcme4_adv_inst/CLKOUT1
                         net (fo=1, routed)           0.170     0.647    design_1_i/clk_wiz_0/inst/clk125_design_1_clk_wiz_0_0
    BUFGCE_X0Y54         BUFGCE (Prop_BUFCE_BUFGCE_I_O)
                                                      0.019     0.666 r  design_1_i/clk_wiz_0/inst/clkout2_buf/O
    X1Y0 (CLOCK_ROOT)    net (fo=53, routed)          1.173     1.839    design_1_i/HDMI_TX_0/U0/i_wrap/pxClkX5
    SLICE_X37Y5          FDRE                                         r  design_1_i/HDMI_TX_0/U0/i_wrap/TMDS_2/i_GBox/sReg_reg[6]/C
                         clock pessimism              0.220     2.060    
    SLICE_X37Y5          FDRE (Hold_AFF_SLICEM_C_D)
                                                      0.046     2.106    design_1_i/HDMI_TX_0/U0/i_wrap/TMDS_2/i_GBox/sReg_reg[6]
  -------------------------------------------------------------------
                         required time                         -2.106    
                         arrival time                           2.157    
  -------------------------------------------------------------------
                         slack                                  0.052    

Slack (MET) :             0.055ns  (arrival time - required time)
  Source:                 design_1_i/HDMI_TX_0/U0/i_wrap/TMDS_0/i_GBox/sReg_reg[8]/C
                            (rising edge-triggered cell FDRE clocked by clk125_design_1_clk_wiz_0_0  {rise@0.000ns fall@4.000ns period=8.000ns})
  Destination:            design_1_i/HDMI_TX_0/U0/i_wrap/TMDS_0/i_GBox/sReg_reg[6]/D
                            (rising edge-triggered cell FDRE clocked by clk125_design_1_clk_wiz_0_0  {rise@0.000ns fall@4.000ns period=8.000ns})
  Path Group:             clk125_design_1_clk_wiz_0_0
  Path Type:              Hold (Min at Fast Process Corner)
  Requirement:            0.000ns  (clk125_design_1_clk_wiz_0_0 rise@0.000ns - clk125_design_1_clk_wiz_0_0 rise@0.000ns)
  Data Path Delay:        0.121ns  (logic 0.052ns (42.975%)  route 0.069ns (57.025%))
  Logic Levels:           1  (LUT6=1)
  Clock Path Skew:        0.020ns (DCD - SCD - CPR)
    Destination Clock Delay (DCD):    1.853ns
    Source Clock Delay      (SCD):    2.051ns
    Clock Pessimism Removal (CPR):    -0.218ns
  Clock Net Delay (Source):      1.045ns (routing 0.568ns, distribution 0.477ns)
  Clock Net Delay (Destination): 1.187ns (routing 0.637ns, distribution 0.550ns)

    Location             Delay type                Incr(ns)  Path(ns)    Netlist Resource(s)
  -------------------------------------------------------------------    -------------------
                         (clock clk125_design_1_clk_wiz_0_0 rise edge)
                                                      0.000     0.000 r  
    D7                                                0.000     0.000 r  clk_100mhz_clk_p (IN)
                         net (fo=0)                   0.079     0.079    design_1_i/clk_wiz_0/inst/clkin1_ibufds/I
    HPIOBDIFFINBUF_X0Y60 DIFFINBUF (Prop_DIFFINBUF_HPIOBDIFFINBUF_DIFF_IN_P_O)
                                                      0.295     0.374 r  design_1_i/clk_wiz_0/inst/clkin1_ibufds/DIFFINBUF_INST/O
                         net (fo=1, routed)           0.040     0.414    design_1_i/clk_wiz_0/inst/clkin1_ibufds/OUT
    D7                   IBUFCTRL (Prop_IBUFCTRL_HPIOB_M_I_O)
                                                      0.000     0.414 r  design_1_i/clk_wiz_0/inst/clkin1_ibufds/IBUFCTRL_INST/O
                         net (fo=1, routed)           0.196     0.610    design_1_i/clk_wiz_0/inst/clk_in1_design_1_clk_wiz_0_0
    MMCM_X0Y2            MMCME4_ADV (Prop_MMCM_CLKIN1_CLKOUT1)
                                                      0.230     0.840 r  design_1_i/clk_wiz_0/inst/mmcme4_adv_inst/CLKOUT1
                         net (fo=1, routed)           0.149     0.989    design_1_i/clk_wiz_0/inst/clk125_design_1_clk_wiz_0_0
    BUFGCE_X0Y54         BUFGCE (Prop_BUFCE_BUFGCE_I_O)
                                                      0.017     1.006 r  design_1_i/clk_wiz_0/inst/clkout2_buf/O
    X1Y0 (CLOCK_ROOT)    net (fo=53, routed)          1.045     2.051    design_1_i/HDMI_TX_0/U0/i_wrap/pxClkX5
    SLICE_X39Y17         FDRE                                         r  design_1_i/HDMI_TX_0/U0/i_wrap/TMDS_0/i_GBox/sReg_reg[8]/C
  -------------------------------------------------------------------    -------------------
    SLICE_X39Y17         FDRE (Prop_CFF_SLICEM_C_Q)
                                                      0.038     2.089 r  design_1_i/HDMI_TX_0/U0/i_wrap/TMDS_0/i_GBox/sReg_reg[8]/Q
                         net (fo=1, routed)           0.051     2.140    design_1_i/HDMI_TX_0/U0/i_wrap/TMDS_0/i_GBox/sReg_reg_n_0_[8]
    SLICE_X39Y16         LUT6 (Prop_A6LUT_SLICEM_I5_O)
                                                      0.014     2.154 r  design_1_i/HDMI_TX_0/U0/i_wrap/sReg[6]_i_1/O
                         net (fo=1, routed)           0.018     2.172    design_1_i/HDMI_TX_0/U0/i_wrap/sReg[6]_i_1_n_0
    SLICE_X39Y16         FDRE                                         r  design_1_i/HDMI_TX_0/U0/i_wrap/TMDS_0/i_GBox/sReg_reg[6]/D
  -------------------------------------------------------------------    -------------------

                         (clock clk125_design_1_clk_wiz_0_0 rise edge)
                                                      0.000     0.000 r  
    D7                                                0.000     0.000 r  clk_100mhz_clk_p (IN)
                         net (fo=0)                   0.100     0.100    design_1_i/clk_wiz_0/inst/clkin1_ibufds/I
    HPIOBDIFFINBUF_X0Y60 DIFFINBUF (Prop_DIFFINBUF_HPIOBDIFFINBUF_DIFF_IN_P_O)
                                                      0.400     0.500 r  design_1_i/clk_wiz_0/inst/clkin1_ibufds/DIFFINBUF_INST/O
                         net (fo=1, routed)           0.050     0.550    design_1_i/clk_wiz_0/inst/clkin1_ibufds/OUT
    D7                   IBUFCTRL (Prop_IBUFCTRL_HPIOB_M_I_O)
                                                      0.000     0.550 r  design_1_i/clk_wiz_0/inst/clkin1_ibufds/IBUFCTRL_INST/O
                         net (fo=1, routed)           0.222     0.772    design_1_i/clk_wiz_0/inst/clk_in1_design_1_clk_wiz_0_0
    MMCM_X0Y2            MMCME4_ADV (Prop_MMCM_CLKIN1_CLKOUT1)
                                                     -0.295     0.477 r  design_1_i/clk_wiz_0/inst/mmcme4_adv_inst/CLKOUT1
                         net (fo=1, routed)           0.170     0.647    design_1_i/clk_wiz_0/inst/clk125_design_1_clk_wiz_0_0
    BUFGCE_X0Y54         BUFGCE (Prop_BUFCE_BUFGCE_I_O)
                                                      0.019     0.666 r  design_1_i/clk_wiz_0/inst/clkout2_buf/O
    X1Y0 (CLOCK_ROOT)    net (fo=53, routed)          1.187     1.853    design_1_i/HDMI_TX_0/U0/i_wrap/pxClkX5
    SLICE_X39Y16         FDRE                                         r  design_1_i/HDMI_TX_0/U0/i_wrap/TMDS_0/i_GBox/sReg_reg[6]/C
                         clock pessimism              0.218     2.071    
    SLICE_X39Y16         FDRE (Hold_AFF_SLICEM_C_D)
                                                      0.046     2.117    design_1_i/HDMI_TX_0/U0/i_wrap/TMDS_0/i_GBox/sReg_reg[6]
  -------------------------------------------------------------------
                         required time                         -2.117    
                         arrival time                           2.172    
  -------------------------------------------------------------------
                         slack                                  0.055    

Slack (MET) :             0.061ns  (arrival time - required time)
  Source:                 design_1_i/HDMI_TX_0/U0/i_wrap/TMDS_3/i_GBox/cntMod5_reg[1]/C
                            (rising edge-triggered cell FDRE clocked by clk125_design_1_clk_wiz_0_0  {rise@0.000ns fall@4.000ns period=8.000ns})
  Destination:            design_1_i/HDMI_TX_0/U0/i_wrap/TMDS_3/i_GBox/cntMod5_reg[2]/D
                            (rising edge-triggered cell FDRE clocked by clk125_design_1_clk_wiz_0_0  {rise@0.000ns fall@4.000ns period=8.000ns})
  Path Group:             clk125_design_1_clk_wiz_0_0
  Path Type:              Hold (Min at Fast Process Corner)
  Requirement:            0.000ns  (clk125_design_1_clk_wiz_0_0 rise@0.000ns - clk125_design_1_clk_wiz_0_0 rise@0.000ns)
  Data Path Delay:        0.114ns  (logic 0.059ns (51.974%)  route 0.055ns (48.026%))
  Logic Levels:           1  (LUT3=1)
  Clock Path Skew:        0.006ns (DCD - SCD - CPR)
    Destination Clock Delay (DCD):    1.824ns
    Source Clock Delay      (SCD):    2.027ns
    Clock Pessimism Removal (CPR):    -0.208ns
  Clock Net Delay (Source):      1.021ns (routing 0.568ns, distribution 0.453ns)
  Clock Net Delay (Destination): 1.158ns (routing 0.637ns, distribution 0.521ns)

    Location             Delay type                Incr(ns)  Path(ns)    Netlist Resource(s)
  -------------------------------------------------------------------    -------------------
                         (clock clk125_design_1_clk_wiz_0_0 rise edge)
                                                      0.000     0.000 r  
    D7                                                0.000     0.000 r  clk_100mhz_clk_p (IN)
                         net (fo=0)                   0.079     0.079    design_1_i/clk_wiz_0/inst/clkin1_ibufds/I
    HPIOBDIFFINBUF_X0Y60 DIFFINBUF (Prop_DIFFINBUF_HPIOBDIFFINBUF_DIFF_IN_P_O)
                                                      0.295     0.374 r  design_1_i/clk_wiz_0/inst/clkin1_ibufds/DIFFINBUF_INST/O
                         net (fo=1, routed)           0.040     0.414    design_1_i/clk_wiz_0/inst/clkin1_ibufds/OUT
    D7                   IBUFCTRL (Prop_IBUFCTRL_HPIOB_M_I_O)
                                                      0.000     0.414 r  design_1_i/clk_wiz_0/inst/clkin1_ibufds/IBUFCTRL_INST/O
                         net (fo=1, routed)           0.196     0.610    design_1_i/clk_wiz_0/inst/clk_in1_design_1_clk_wiz_0_0
    MMCM_X0Y2            MMCME4_ADV (Prop_MMCM_CLKIN1_CLKOUT1)
                                                      0.230     0.840 r  design_1_i/clk_wiz_0/inst/mmcme4_adv_inst/CLKOUT1
                         net (fo=1, routed)           0.149     0.989    design_1_i/clk_wiz_0/inst/clk125_design_1_clk_wiz_0_0
    BUFGCE_X0Y54         BUFGCE (Prop_BUFCE_BUFGCE_I_O)
                                                      0.017     1.006 r  design_1_i/clk_wiz_0/inst/clkout2_buf/O
    X1Y0 (CLOCK_ROOT)    net (fo=53, routed)          1.021     2.027    design_1_i/HDMI_TX_0/U0/i_wrap/pxClkX5
    SLICE_X36Y24         FDRE                                         r  design_1_i/HDMI_TX_0/U0/i_wrap/TMDS_3/i_GBox/cntMod5_reg[1]/C
  -------------------------------------------------------------------    -------------------
    SLICE_X36Y24         FDRE (Prop_CFF_SLICEL_C_Q)
                                                      0.039     2.066 r  design_1_i/HDMI_TX_0/U0/i_wrap/TMDS_3/i_GBox/cntMod5_reg[1]/Q
                         net (fo=6, routed)           0.049     2.114    design_1_i/HDMI_TX_0/U0/i_wrap/TMDS_3/i_GBox/cntMod5_reg_n_0_[1]
    SLICE_X36Y24         LUT3 (Prop_C5LUT_SLICEL_I1_O)
                                                      0.020     2.134 r  design_1_i/HDMI_TX_0/U0/i_wrap/cntMod5[2]_i_2__2/O
                         net (fo=1, routed)           0.006     2.140    design_1_i/HDMI_TX_0/U0/i_wrap/cntMod5[2]_i_2__2_n_0
    SLICE_X36Y24         FDRE                                         r  design_1_i/HDMI_TX_0/U0/i_wrap/TMDS_3/i_GBox/cntMod5_reg[2]/D
  -------------------------------------------------------------------    -------------------

                         (clock clk125_design_1_clk_wiz_0_0 rise edge)
                                                      0.000     0.000 r  
    D7                                                0.000     0.000 r  clk_100mhz_clk_p (IN)
                         net (fo=0)                   0.100     0.100    design_1_i/clk_wiz_0/inst/clkin1_ibufds/I
    HPIOBDIFFINBUF_X0Y60 DIFFINBUF (Prop_DIFFINBUF_HPIOBDIFFINBUF_DIFF_IN_P_O)
                                                      0.400     0.500 r  design_1_i/clk_wiz_0/inst/clkin1_ibufds/DIFFINBUF_INST/O
                         net (fo=1, routed)           0.050     0.550    design_1_i/clk_wiz_0/inst/clkin1_ibufds/OUT
    D7                   IBUFCTRL (Prop_IBUFCTRL_HPIOB_M_I_O)
                                                      0.000     0.550 r  design_1_i/clk_wiz_0/inst/clkin1_ibufds/IBUFCTRL_INST/O
                         net (fo=1, routed)           0.222     0.772    design_1_i/clk_wiz_0/inst/clk_in1_design_1_clk_wiz_0_0
    MMCM_X0Y2            MMCME4_ADV (Prop_MMCM_CLKIN1_CLKOUT1)
                                                     -0.295     0.477 r  design_1_i/clk_wiz_0/inst/mmcme4_adv_inst/CLKOUT1
                         net (fo=1, routed)           0.170     0.647    design_1_i/clk_wiz_0/inst/clk125_design_1_clk_wiz_0_0
    BUFGCE_X0Y54         BUFGCE (Prop_BUFCE_BUFGCE_I_O)
                                                      0.019     0.666 r  design_1_i/clk_wiz_0/inst/clkout2_buf/O
    X1Y0 (CLOCK_ROOT)    net (fo=53, routed)          1.158     1.824    design_1_i/HDMI_TX_0/U0/i_wrap/pxClkX5
    SLICE_X36Y24         FDRE                                         r  design_1_i/HDMI_TX_0/U0/i_wrap/TMDS_3/i_GBox/cntMod5_reg[2]/C
                         clock pessimism              0.208     2.033    
    SLICE_X36Y24         FDRE (Hold_CFF2_SLICEL_C_D)
                                                      0.047     2.080    design_1_i/HDMI_TX_0/U0/i_wrap/TMDS_3/i_GBox/cntMod5_reg[2]
  -------------------------------------------------------------------
                         required time                         -2.080    
                         arrival time                           2.140    
  -------------------------------------------------------------------
                         slack                                  0.061    

Slack (MET) :             0.063ns  (arrival time - required time)
  Source:                 design_1_i/HDMI_TX_0/U0/i_wrap/TMDS_3/i_GBox/cntMod5_reg[1]/C
                            (rising edge-triggered cell FDRE clocked by clk125_design_1_clk_wiz_0_0  {rise@0.000ns fall@4.000ns period=8.000ns})
  Destination:            design_1_i/HDMI_TX_0/U0/i_wrap/TMDS_3/i_GBox/sReg_reg[3]/D
                            (rising edge-triggered cell FDRE clocked by clk125_design_1_clk_wiz_0_0  {rise@0.000ns fall@4.000ns period=8.000ns})
  Path Group:             clk125_design_1_clk_wiz_0_0
  Path Type:              Hold (Min at Fast Process Corner)
  Requirement:            0.000ns  (clk125_design_1_clk_wiz_0_0 rise@0.000ns - clk125_design_1_clk_wiz_0_0 rise@0.000ns)
  Data Path Delay:        0.126ns  (logic 0.071ns (56.565%)  route 0.055ns (43.435%))
  Logic Levels:           1  (LUT3=1)
  Clock Path Skew:        0.016ns (DCD - SCD - CPR)
    Destination Clock Delay (DCD):    1.828ns
    Source Clock Delay      (SCD):    2.027ns
    Clock Pessimism Removal (CPR):    -0.214ns
  Clock Net Delay (Source):      1.021ns (routing 0.568ns, distribution 0.453ns)
  Clock Net Delay (Destination): 1.162ns (routing 0.637ns, distribution 0.525ns)

    Location             Delay type                Incr(ns)  Path(ns)    Netlist Resource(s)
  -------------------------------------------------------------------    -------------------
                         (clock clk125_design_1_clk_wiz_0_0 rise edge)
                                                      0.000     0.000 r  
    D7                                                0.000     0.000 r  clk_100mhz_clk_p (IN)
                         net (fo=0)                   0.079     0.079    design_1_i/clk_wiz_0/inst/clkin1_ibufds/I
    HPIOBDIFFINBUF_X0Y60 DIFFINBUF (Prop_DIFFINBUF_HPIOBDIFFINBUF_DIFF_IN_P_O)
                                                      0.295     0.374 r  design_1_i/clk_wiz_0/inst/clkin1_ibufds/DIFFINBUF_INST/O
                         net (fo=1, routed)           0.040     0.414    design_1_i/clk_wiz_0/inst/clkin1_ibufds/OUT
    D7                   IBUFCTRL (Prop_IBUFCTRL_HPIOB_M_I_O)
                                                      0.000     0.414 r  design_1_i/clk_wiz_0/inst/clkin1_ibufds/IBUFCTRL_INST/O
                         net (fo=1, routed)           0.196     0.610    design_1_i/clk_wiz_0/inst/clk_in1_design_1_clk_wiz_0_0
    MMCM_X0Y2            MMCME4_ADV (Prop_MMCM_CLKIN1_CLKOUT1)
                                                      0.230     0.840 r  design_1_i/clk_wiz_0/inst/mmcme4_adv_inst/CLKOUT1
                         net (fo=1, routed)           0.149     0.989    design_1_i/clk_wiz_0/inst/clk125_design_1_clk_wiz_0_0
    BUFGCE_X0Y54         BUFGCE (Prop_BUFCE_BUFGCE_I_O)
                                                      0.017     1.006 r  design_1_i/clk_wiz_0/inst/clkout2_buf/O
    X1Y0 (CLOCK_ROOT)    net (fo=53, routed)          1.021     2.027    design_1_i/HDMI_TX_0/U0/i_wrap/pxClkX5
    SLICE_X36Y24         FDRE                                         r  design_1_i/HDMI_TX_0/U0/i_wrap/TMDS_3/i_GBox/cntMod5_reg[1]/C
  -------------------------------------------------------------------    -------------------
    SLICE_X36Y24         FDRE (Prop_CFF_SLICEL_C_Q)
                                                      0.039     2.066 r  design_1_i/HDMI_TX_0/U0/i_wrap/TMDS_3/i_GBox/cntMod5_reg[1]/Q
                         net (fo=6, routed)           0.049     2.114    design_1_i/HDMI_TX_0/U0/i_wrap/TMDS_3/i_GBox/cntMod5_reg_n_0_[1]
    SLICE_X36Y24         LUT3 (Prop_H5LUT_SLICEL_I1_O)
                                                      0.032     2.146 r  design_1_i/HDMI_TX_0/U0/i_wrap/sReg[3]_i_1__2/O
                         net (fo=1, routed)           0.006     2.152    design_1_i/HDMI_TX_0/U0/i_wrap/sReg[3]_i_1__2_n_0
    SLICE_X36Y24         FDRE                                         r  design_1_i/HDMI_TX_0/U0/i_wrap/TMDS_3/i_GBox/sReg_reg[3]/D
  -------------------------------------------------------------------    -------------------

                         (clock clk125_design_1_clk_wiz_0_0 rise edge)
                                                      0.000     0.000 r  
    D7                                                0.000     0.000 r  clk_100mhz_clk_p (IN)
                         net (fo=0)                   0.100     0.100    design_1_i/clk_wiz_0/inst/clkin1_ibufds/I
    HPIOBDIFFINBUF_X0Y60 DIFFINBUF (Prop_DIFFINBUF_HPIOBDIFFINBUF_DIFF_IN_P_O)
                                                      0.400     0.500 r  design_1_i/clk_wiz_0/inst/clkin1_ibufds/DIFFINBUF_INST/O
                         net (fo=1, routed)           0.050     0.550    design_1_i/clk_wiz_0/inst/clkin1_ibufds/OUT
    D7                   IBUFCTRL (Prop_IBUFCTRL_HPIOB_M_I_O)
                                                      0.000     0.550 r  design_1_i/clk_wiz_0/inst/clkin1_ibufds/IBUFCTRL_INST/O
                         net (fo=1, routed)           0.222     0.772    design_1_i/clk_wiz_0/inst/clk_in1_design_1_clk_wiz_0_0
    MMCM_X0Y2            MMCME4_ADV (Prop_MMCM_CLKIN1_CLKOUT1)
                                                     -0.295     0.477 r  design_1_i/clk_wiz_0/inst/mmcme4_adv_inst/CLKOUT1
                         net (fo=1, routed)           0.170     0.647    design_1_i/clk_wiz_0/inst/clk125_design_1_clk_wiz_0_0
    BUFGCE_X0Y54         BUFGCE (Prop_BUFCE_BUFGCE_I_O)
                                                      0.019     0.666 r  design_1_i/clk_wiz_0/inst/clkout2_buf/O
    X1Y0 (CLOCK_ROOT)    net (fo=53, routed)          1.162     1.828    design_1_i/HDMI_TX_0/U0/i_wrap/pxClkX5
    SLICE_X36Y24         FDRE                                         r  design_1_i/HDMI_TX_0/U0/i_wrap/TMDS_3/i_GBox/sReg_reg[3]/C
                         clock pessimism              0.214     2.042    
    SLICE_X36Y24         FDRE (Hold_HFF2_SLICEL_C_D)
                                                      0.047     2.089    design_1_i/HDMI_TX_0/U0/i_wrap/TMDS_3/i_GBox/sReg_reg[3]
  -------------------------------------------------------------------
                         required time                         -2.089    
                         arrival time                           2.152    
  -------------------------------------------------------------------
                         slack                                  0.063    

Slack (MET) :             0.064ns  (arrival time - required time)
  Source:                 design_1_i/HDMI_TX_0/U0/i_wrap/TMDS_0/i_GBox/cntMod5_reg[1]/C
                            (rising edge-triggered cell FDRE clocked by clk125_design_1_clk_wiz_0_0  {rise@0.000ns fall@4.000ns period=8.000ns})
  Destination:            design_1_i/HDMI_TX_0/U0/i_wrap/TMDS_0/i_GBox/sReg_reg[8]/D
                            (rising edge-triggered cell FDRE clocked by clk125_design_1_clk_wiz_0_0  {rise@0.000ns fall@4.000ns period=8.000ns})
  Path Group:             clk125_design_1_clk_wiz_0_0
  Path Type:              Hold (Min at Fast Process Corner)
  Requirement:            0.000ns  (clk125_design_1_clk_wiz_0_0 rise@0.000ns - clk125_design_1_clk_wiz_0_0 rise@0.000ns)
  Data Path Delay:        0.131ns  (logic 0.052ns (39.836%)  route 0.079ns (60.164%))
  Logic Levels:           1  (LUT6=1)
  Clock Path Skew:        0.020ns (DCD - SCD - CPR)
    Destination Clock Delay (DCD):    1.853ns
    Source Clock Delay      (SCD):    2.051ns
    Clock Pessimism Removal (CPR):    -0.218ns
  Clock Net Delay (Source):      1.045ns (routing 0.568ns, distribution 0.477ns)
  Clock Net Delay (Destination): 1.187ns (routing 0.637ns, distribution 0.550ns)

    Location             Delay type                Incr(ns)  Path(ns)    Netlist Resource(s)
  -------------------------------------------------------------------    -------------------
                         (clock clk125_design_1_clk_wiz_0_0 rise edge)
                                                      0.000     0.000 r  
    D7                                                0.000     0.000 r  clk_100mhz_clk_p (IN)
                         net (fo=0)                   0.079     0.079    design_1_i/clk_wiz_0/inst/clkin1_ibufds/I
    HPIOBDIFFINBUF_X0Y60 DIFFINBUF (Prop_DIFFINBUF_HPIOBDIFFINBUF_DIFF_IN_P_O)
                                                      0.295     0.374 r  design_1_i/clk_wiz_0/inst/clkin1_ibufds/DIFFINBUF_INST/O
                         net (fo=1, routed)           0.040     0.414    design_1_i/clk_wiz_0/inst/clkin1_ibufds/OUT
    D7                   IBUFCTRL (Prop_IBUFCTRL_HPIOB_M_I_O)
                                                      0.000     0.414 r  design_1_i/clk_wiz_0/inst/clkin1_ibufds/IBUFCTRL_INST/O
                         net (fo=1, routed)           0.196     0.610    design_1_i/clk_wiz_0/inst/clk_in1_design_1_clk_wiz_0_0
    MMCM_X0Y2            MMCME4_ADV (Prop_MMCM_CLKIN1_CLKOUT1)
                                                      0.230     0.840 r  design_1_i/clk_wiz_0/inst/mmcme4_adv_inst/CLKOUT1
                         net (fo=1, routed)           0.149     0.989    design_1_i/clk_wiz_0/inst/clk125_design_1_clk_wiz_0_0
    BUFGCE_X0Y54         BUFGCE (Prop_BUFCE_BUFGCE_I_O)
                                                      0.017     1.006 r  design_1_i/clk_wiz_0/inst/clkout2_buf/O
    X1Y0 (CLOCK_ROOT)    net (fo=53, routed)          1.045     2.051    design_1_i/HDMI_TX_0/U0/i_wrap/pxClkX5
    SLICE_X39Y18         FDRE                                         r  design_1_i/HDMI_TX_0/U0/i_wrap/TMDS_0/i_GBox/cntMod5_reg[1]/C
  -------------------------------------------------------------------    -------------------
    SLICE_X39Y18         FDRE (Prop_CFF_SLICEM_C_Q)
                                                      0.038     2.089 r  design_1_i/HDMI_TX_0/U0/i_wrap/TMDS_0/i_GBox/cntMod5_reg[1]/Q
                         net (fo=10, routed)          0.055     2.144    design_1_i/HDMI_TX_0/U0/i_wrap/TMDS_0/i_GBox/cntMod5_reg_n_0_[1]
    SLICE_X39Y17         LUT6 (Prop_C6LUT_SLICEM_I1_O)
                                                      0.014     2.158 r  design_1_i/HDMI_TX_0/U0/i_wrap/sReg[8]_i_1/O
                         net (fo=1, routed)           0.024     2.182    design_1_i/HDMI_TX_0/U0/i_wrap/sReg[8]_i_1_n_0
    SLICE_X39Y17         FDRE                                         r  design_1_i/HDMI_TX_0/U0/i_wrap/TMDS_0/i_GBox/sReg_reg[8]/D
  -------------------------------------------------------------------    -------------------

                         (clock clk125_design_1_clk_wiz_0_0 rise edge)
                                                      0.000     0.000 r  
    D7                                                0.000     0.000 r  clk_100mhz_clk_p (IN)
                         net (fo=0)                   0.100     0.100    design_1_i/clk_wiz_0/inst/clkin1_ibufds/I
    HPIOBDIFFINBUF_X0Y60 DIFFINBUF (Prop_DIFFINBUF_HPIOBDIFFINBUF_DIFF_IN_P_O)
                                                      0.400     0.500 r  design_1_i/clk_wiz_0/inst/clkin1_ibufds/DIFFINBUF_INST/O
                         net (fo=1, routed)           0.050     0.550    design_1_i/clk_wiz_0/inst/clkin1_ibufds/OUT
    D7                   IBUFCTRL (Prop_IBUFCTRL_HPIOB_M_I_O)
                                                      0.000     0.550 r  design_1_i/clk_wiz_0/inst/clkin1_ibufds/IBUFCTRL_INST/O
                         net (fo=1, routed)           0.222     0.772    design_1_i/clk_wiz_0/inst/clk_in1_design_1_clk_wiz_0_0
    MMCM_X0Y2            MMCME4_ADV (Prop_MMCM_CLKIN1_CLKOUT1)
                                                     -0.295     0.477 r  design_1_i/clk_wiz_0/inst/mmcme4_adv_inst/CLKOUT1
                         net (fo=1, routed)           0.170     0.647    design_1_i/clk_wiz_0/inst/clk125_design_1_clk_wiz_0_0
    BUFGCE_X0Y54         BUFGCE (Prop_BUFCE_BUFGCE_I_O)
                                                      0.019     0.666 r  design_1_i/clk_wiz_0/inst/clkout2_buf/O
    X1Y0 (CLOCK_ROOT)    net (fo=53, routed)          1.187     1.853    design_1_i/HDMI_TX_0/U0/i_wrap/pxClkX5
    SLICE_X39Y17         FDRE                                         r  design_1_i/HDMI_TX_0/U0/i_wrap/TMDS_0/i_GBox/sReg_reg[8]/C
                         clock pessimism              0.218     2.071    
    SLICE_X39Y17         FDRE (Hold_CFF_SLICEM_C_D)
                                                      0.046     2.117    design_1_i/HDMI_TX_0/U0/i_wrap/TMDS_0/i_GBox/sReg_reg[8]
  -------------------------------------------------------------------
                         required time                         -2.117    
                         arrival time                           2.182    
  -------------------------------------------------------------------
                         slack                                  0.064    

Slack (MET) :             0.065ns  (arrival time - required time)
  Source:                 design_1_i/HDMI_TX_0/U0/i_wrap/TMDS_2/i_GBox/cntMod5_reg[1]/C
                            (rising edge-triggered cell FDRE clocked by clk125_design_1_clk_wiz_0_0  {rise@0.000ns fall@4.000ns period=8.000ns})
  Destination:            design_1_i/HDMI_TX_0/U0/i_wrap/TMDS_2/i_GBox/cntMod5_reg[2]/D
                            (rising edge-triggered cell FDRE clocked by clk125_design_1_clk_wiz_0_0  {rise@0.000ns fall@4.000ns period=8.000ns})
  Path Group:             clk125_design_1_clk_wiz_0_0
  Path Type:              Hold (Min at Fast Process Corner)
  Requirement:            0.000ns  (clk125_design_1_clk_wiz_0_0 rise@0.000ns - clk125_design_1_clk_wiz_0_0 rise@0.000ns)
  Data Path Delay:        0.118ns  (logic 0.059ns (49.995%)  route 0.059ns (50.005%))
  Logic Levels:           1  (LUT3=1)
  Clock Path Skew:        0.006ns (DCD - SCD - CPR)
    Destination Clock Delay (DCD):    1.833ns
    Source Clock Delay      (SCD):    2.035ns
    Clock Pessimism Removal (CPR):    -0.207ns
  Clock Net Delay (Source):      1.029ns (routing 0.568ns, distribution 0.461ns)
  Clock Net Delay (Destination): 1.167ns (routing 0.637ns, distribution 0.530ns)

    Location             Delay type                Incr(ns)  Path(ns)    Netlist Resource(s)
  -------------------------------------------------------------------    -------------------
                         (clock clk125_design_1_clk_wiz_0_0 rise edge)
                                                      0.000     0.000 r  
    D7                                                0.000     0.000 r  clk_100mhz_clk_p (IN)
                         net (fo=0)                   0.079     0.079    design_1_i/clk_wiz_0/inst/clkin1_ibufds/I
    HPIOBDIFFINBUF_X0Y60 DIFFINBUF (Prop_DIFFINBUF_HPIOBDIFFINBUF_DIFF_IN_P_O)
                                                      0.295     0.374 r  design_1_i/clk_wiz_0/inst/clkin1_ibufds/DIFFINBUF_INST/O
                         net (fo=1, routed)           0.040     0.414    design_1_i/clk_wiz_0/inst/clkin1_ibufds/OUT
    D7                   IBUFCTRL (Prop_IBUFCTRL_HPIOB_M_I_O)
                                                      0.000     0.414 r  design_1_i/clk_wiz_0/inst/clkin1_ibufds/IBUFCTRL_INST/O
                         net (fo=1, routed)           0.196     0.610    design_1_i/clk_wiz_0/inst/clk_in1_design_1_clk_wiz_0_0
    MMCM_X0Y2            MMCME4_ADV (Prop_MMCM_CLKIN1_CLKOUT1)
                                                      0.230     0.840 r  design_1_i/clk_wiz_0/inst/mmcme4_adv_inst/CLKOUT1
                         net (fo=1, routed)           0.149     0.989    design_1_i/clk_wiz_0/inst/clk125_design_1_clk_wiz_0_0
    BUFGCE_X0Y54         BUFGCE (Prop_BUFCE_BUFGCE_I_O)
                                                      0.017     1.006 r  design_1_i/clk_wiz_0/inst/clkout2_buf/O
    X1Y0 (CLOCK_ROOT)    net (fo=53, routed)          1.029     2.035    design_1_i/HDMI_TX_0/U0/i_wrap/pxClkX5
    SLICE_X36Y3          FDRE                                         r  design_1_i/HDMI_TX_0/U0/i_wrap/TMDS_2/i_GBox/cntMod5_reg[1]/C
  -------------------------------------------------------------------    -------------------
    SLICE_X36Y3          FDRE (Prop_CFF_SLICEL_C_Q)
                                                      0.039     2.074 r  design_1_i/HDMI_TX_0/U0/i_wrap/TMDS_2/i_GBox/cntMod5_reg[1]/Q
                         net (fo=9, routed)           0.053     2.127    design_1_i/HDMI_TX_0/U0/i_wrap/TMDS_2/i_GBox/cntMod5_reg_n_0_[1]
    SLICE_X36Y3          LUT3 (Prop_C5LUT_SLICEL_I1_O)
                                                      0.020     2.147 r  design_1_i/HDMI_TX_0/U0/i_wrap/cntMod5[2]_i_2__1/O
                         net (fo=1, routed)           0.006     2.153    design_1_i/HDMI_TX_0/U0/i_wrap/cntMod5[2]_i_2__1_n_0
    SLICE_X36Y3          FDRE                                         r  design_1_i/HDMI_TX_0/U0/i_wrap/TMDS_2/i_GBox/cntMod5_reg[2]/D
  -------------------------------------------------------------------    -------------------

                         (clock clk125_design_1_clk_wiz_0_0 rise edge)
                                                      0.000     0.000 r  
    D7                                                0.000     0.000 r  clk_100mhz_clk_p (IN)
                         net (fo=0)                   0.100     0.100    design_1_i/clk_wiz_0/inst/clkin1_ibufds/I
    HPIOBDIFFINBUF_X0Y60 DIFFINBUF (Prop_DIFFINBUF_HPIOBDIFFINBUF_DIFF_IN_P_O)
                                                      0.400     0.500 r  design_1_i/clk_wiz_0/inst/clkin1_ibufds/DIFFINBUF_INST/O
                         net (fo=1, routed)           0.050     0.550    design_1_i/clk_wiz_0/inst/clkin1_ibufds/OUT
    D7                   IBUFCTRL (Prop_IBUFCTRL_HPIOB_M_I_O)
                                                      0.000     0.550 r  design_1_i/clk_wiz_0/inst/clkin1_ibufds/IBUFCTRL_INST/O
                         net (fo=1, routed)           0.222     0.772    design_1_i/clk_wiz_0/inst/clk_in1_design_1_clk_wiz_0_0
    MMCM_X0Y2            MMCME4_ADV (Prop_MMCM_CLKIN1_CLKOUT1)
                                                     -0.295     0.477 r  design_1_i/clk_wiz_0/inst/mmcme4_adv_inst/CLKOUT1
                         net (fo=1, routed)           0.170     0.647    design_1_i/clk_wiz_0/inst/clk125_design_1_clk_wiz_0_0
    BUFGCE_X0Y54         BUFGCE (Prop_BUFCE_BUFGCE_I_O)
                                                      0.019     0.666 r  design_1_i/clk_wiz_0/inst/clkout2_buf/O
    X1Y0 (CLOCK_ROOT)    net (fo=53, routed)          1.167     1.833    design_1_i/HDMI_TX_0/U0/i_wrap/pxClkX5
    SLICE_X36Y3          FDRE                                         r  design_1_i/HDMI_TX_0/U0/i_wrap/TMDS_2/i_GBox/cntMod5_reg[2]/C
                         clock pessimism              0.207     2.041    
    SLICE_X36Y3          FDRE (Hold_CFF2_SLICEL_C_D)
                                                      0.047     2.088    design_1_i/HDMI_TX_0/U0/i_wrap/TMDS_2/i_GBox/cntMod5_reg[2]
  -------------------------------------------------------------------
                         required time                         -2.088    
                         arrival time                           2.153    
  -------------------------------------------------------------------
                         slack                                  0.065    

Slack (MET) :             0.066ns  (arrival time - required time)
  Source:                 design_1_i/HDMI_TX_0/U0/i_wrap/TMDS_0/i_GBox/sReg_reg[6]/C
                            (rising edge-triggered cell FDRE clocked by clk125_design_1_clk_wiz_0_0  {rise@0.000ns fall@4.000ns period=8.000ns})
  Destination:            design_1_i/HDMI_TX_0/U0/i_wrap/TMDS_0/i_GBox/sReg_reg[4]/D
                            (rising edge-triggered cell FDRE clocked by clk125_design_1_clk_wiz_0_0  {rise@0.000ns fall@4.000ns period=8.000ns})
  Path Group:             clk125_design_1_clk_wiz_0_0
  Path Type:              Hold (Min at Fast Process Corner)
  Requirement:            0.000ns  (clk125_design_1_clk_wiz_0_0 rise@0.000ns - clk125_design_1_clk_wiz_0_0 rise@0.000ns)
  Data Path Delay:        0.118ns  (logic 0.052ns (44.068%)  route 0.066ns (55.932%))
  Logic Levels:           1  (LUT6=1)
  Clock Path Skew:        0.006ns (DCD - SCD - CPR)
    Destination Clock Delay (DCD):    1.853ns
    Source Clock Delay      (SCD):    2.052ns
    Clock Pessimism Removal (CPR):    -0.205ns
  Clock Net Delay (Source):      1.046ns (routing 0.568ns, distribution 0.478ns)
  Clock Net Delay (Destination): 1.187ns (routing 0.637ns, distribution 0.550ns)

    Location             Delay type                Incr(ns)  Path(ns)    Netlist Resource(s)
  -------------------------------------------------------------------    -------------------
                         (clock clk125_design_1_clk_wiz_0_0 rise edge)
                                                      0.000     0.000 r  
    D7                                                0.000     0.000 r  clk_100mhz_clk_p (IN)
                         net (fo=0)                   0.079     0.079    design_1_i/clk_wiz_0/inst/clkin1_ibufds/I
    HPIOBDIFFINBUF_X0Y60 DIFFINBUF (Prop_DIFFINBUF_HPIOBDIFFINBUF_DIFF_IN_P_O)
                                                      0.295     0.374 r  design_1_i/clk_wiz_0/inst/clkin1_ibufds/DIFFINBUF_INST/O
                         net (fo=1, routed)           0.040     0.414    design_1_i/clk_wiz_0/inst/clkin1_ibufds/OUT
    D7                   IBUFCTRL (Prop_IBUFCTRL_HPIOB_M_I_O)
                                                      0.000     0.414 r  design_1_i/clk_wiz_0/inst/clkin1_ibufds/IBUFCTRL_INST/O
                         net (fo=1, routed)           0.196     0.610    design_1_i/clk_wiz_0/inst/clk_in1_design_1_clk_wiz_0_0
    MMCM_X0Y2            MMCME4_ADV (Prop_MMCM_CLKIN1_CLKOUT1)
                                                      0.230     0.840 r  design_1_i/clk_wiz_0/inst/mmcme4_adv_inst/CLKOUT1
                         net (fo=1, routed)           0.149     0.989    design_1_i/clk_wiz_0/inst/clk125_design_1_clk_wiz_0_0
    BUFGCE_X0Y54         BUFGCE (Prop_BUFCE_BUFGCE_I_O)
                                                      0.017     1.006 r  design_1_i/clk_wiz_0/inst/clkout2_buf/O
    X1Y0 (CLOCK_ROOT)    net (fo=53, routed)          1.046     2.052    design_1_i/HDMI_TX_0/U0/i_wrap/pxClkX5
    SLICE_X39Y16         FDRE                                         r  design_1_i/HDMI_TX_0/U0/i_wrap/TMDS_0/i_GBox/sReg_reg[6]/C
  -------------------------------------------------------------------    -------------------
    SLICE_X39Y16         FDRE (Prop_AFF_SLICEM_C_Q)
                                                      0.038     2.090 r  design_1_i/HDMI_TX_0/U0/i_wrap/TMDS_0/i_GBox/sReg_reg[6]/Q
                         net (fo=1, routed)           0.045     2.135    design_1_i/HDMI_TX_0/U0/i_wrap/TMDS_0/i_GBox/sReg_reg_n_0_[6]
    SLICE_X39Y16         LUT6 (Prop_B6LUT_SLICEM_I5_O)
                                                      0.014     2.149 r  design_1_i/HDMI_TX_0/U0/i_wrap/sReg[4]_i_1/O
                         net (fo=1, routed)           0.021     2.170    design_1_i/HDMI_TX_0/U0/i_wrap/sReg[4]_i_1_n_0
    SLICE_X39Y16         FDRE                                         r  design_1_i/HDMI_TX_0/U0/i_wrap/TMDS_0/i_GBox/sReg_reg[4]/D
  -------------------------------------------------------------------    -------------------

                         (clock clk125_design_1_clk_wiz_0_0 rise edge)
                                                      0.000     0.000 r  
    D7                                                0.000     0.000 r  clk_100mhz_clk_p (IN)
                         net (fo=0)                   0.100     0.100    design_1_i/clk_wiz_0/inst/clkin1_ibufds/I
    HPIOBDIFFINBUF_X0Y60 DIFFINBUF (Prop_DIFFINBUF_HPIOBDIFFINBUF_DIFF_IN_P_O)
                                                      0.400     0.500 r  design_1_i/clk_wiz_0/inst/clkin1_ibufds/DIFFINBUF_INST/O
                         net (fo=1, routed)           0.050     0.550    design_1_i/clk_wiz_0/inst/clkin1_ibufds/OUT
    D7                   IBUFCTRL (Prop_IBUFCTRL_HPIOB_M_I_O)
                                                      0.000     0.550 r  design_1_i/clk_wiz_0/inst/clkin1_ibufds/IBUFCTRL_INST/O
                         net (fo=1, routed)           0.222     0.772    design_1_i/clk_wiz_0/inst/clk_in1_design_1_clk_wiz_0_0
    MMCM_X0Y2            MMCME4_ADV (Prop_MMCM_CLKIN1_CLKOUT1)
                                                     -0.295     0.477 r  design_1_i/clk_wiz_0/inst/mmcme4_adv_inst/CLKOUT1
                         net (fo=1, routed)           0.170     0.647    design_1_i/clk_wiz_0/inst/clk125_design_1_clk_wiz_0_0
    BUFGCE_X0Y54         BUFGCE (Prop_BUFCE_BUFGCE_I_O)
                                                      0.019     0.666 r  design_1_i/clk_wiz_0/inst/clkout2_buf/O
    X1Y0 (CLOCK_ROOT)    net (fo=53, routed)          1.187     1.853    design_1_i/HDMI_TX_0/U0/i_wrap/pxClkX5
    SLICE_X39Y16         FDRE                                         r  design_1_i/HDMI_TX_0/U0/i_wrap/TMDS_0/i_GBox/sReg_reg[4]/C
                         clock pessimism              0.205     2.058    
    SLICE_X39Y16         FDRE (Hold_BFF_SLICEM_C_D)
                                                      0.046     2.104    design_1_i/HDMI_TX_0/U0/i_wrap/TMDS_0/i_GBox/sReg_reg[4]
  -------------------------------------------------------------------
                         required time                         -2.104    
                         arrival time                           2.170    
  -------------------------------------------------------------------
                         slack                                  0.066    

Slack (MET) :             0.067ns  (arrival time - required time)
  Source:                 design_1_i/HDMI_TX_0/U0/i_wrap/TMDS_2/i_GBox/sReg_reg[7]/C
                            (rising edge-triggered cell FDRE clocked by clk125_design_1_clk_wiz_0_0  {rise@0.000ns fall@4.000ns period=8.000ns})
  Destination:            design_1_i/HDMI_TX_0/U0/i_wrap/TMDS_2/i_GBox/sReg_reg[5]/D
                            (rising edge-triggered cell FDRE clocked by clk125_design_1_clk_wiz_0_0  {rise@0.000ns fall@4.000ns period=8.000ns})
  Path Group:             clk125_design_1_clk_wiz_0_0
  Path Type:              Hold (Min at Fast Process Corner)
  Requirement:            0.000ns  (clk125_design_1_clk_wiz_0_0 rise@0.000ns - clk125_design_1_clk_wiz_0_0 rise@0.000ns)
  Data Path Delay:        0.119ns  (logic 0.079ns (66.387%)  route 0.040ns (33.613%))
  Logic Levels:           1  (LUT5=1)
  Clock Path Skew:        0.006ns (DCD - SCD - CPR)
    Destination Clock Delay (DCD):    1.833ns
    Source Clock Delay      (SCD):    2.034ns
    Clock Pessimism Removal (CPR):    -0.207ns
  Clock Net Delay (Source):      1.028ns (routing 0.568ns, distribution 0.460ns)
  Clock Net Delay (Destination): 1.167ns (routing 0.637ns, distribution 0.530ns)

    Location             Delay type                Incr(ns)  Path(ns)    Netlist Resource(s)
  -------------------------------------------------------------------    -------------------
                         (clock clk125_design_1_clk_wiz_0_0 rise edge)
                                                      0.000     0.000 r  
    D7                                                0.000     0.000 r  clk_100mhz_clk_p (IN)
                         net (fo=0)                   0.079     0.079    design_1_i/clk_wiz_0/inst/clkin1_ibufds/I
    HPIOBDIFFINBUF_X0Y60 DIFFINBUF (Prop_DIFFINBUF_HPIOBDIFFINBUF_DIFF_IN_P_O)
                                                      0.295     0.374 r  design_1_i/clk_wiz_0/inst/clkin1_ibufds/DIFFINBUF_INST/O
                         net (fo=1, routed)           0.040     0.414    design_1_i/clk_wiz_0/inst/clkin1_ibufds/OUT
    D7                   IBUFCTRL (Prop_IBUFCTRL_HPIOB_M_I_O)
                                                      0.000     0.414 r  design_1_i/clk_wiz_0/inst/clkin1_ibufds/IBUFCTRL_INST/O
                         net (fo=1, routed)           0.196     0.610    design_1_i/clk_wiz_0/inst/clk_in1_design_1_clk_wiz_0_0
    MMCM_X0Y2            MMCME4_ADV (Prop_MMCM_CLKIN1_CLKOUT1)
                                                      0.230     0.840 r  design_1_i/clk_wiz_0/inst/mmcme4_adv_inst/CLKOUT1
                         net (fo=1, routed)           0.149     0.989    design_1_i/clk_wiz_0/inst/clk125_design_1_clk_wiz_0_0
    BUFGCE_X0Y54         BUFGCE (Prop_BUFCE_BUFGCE_I_O)
                                                      0.017     1.006 r  design_1_i/clk_wiz_0/inst/clkout2_buf/O
    X1Y0 (CLOCK_ROOT)    net (fo=53, routed)          1.028     2.034    design_1_i/HDMI_TX_0/U0/i_wrap/pxClkX5
    SLICE_X36Y4          FDRE                                         r  design_1_i/HDMI_TX_0/U0/i_wrap/TMDS_2/i_GBox/sReg_reg[7]/C
  -------------------------------------------------------------------    -------------------
    SLICE_X36Y4          FDRE (Prop_FFF_SLICEL_C_Q)
                                                      0.039     2.073 r  design_1_i/HDMI_TX_0/U0/i_wrap/TMDS_2/i_GBox/sReg_reg[7]/Q
                         net (fo=1, routed)           0.024     2.097    design_1_i/HDMI_TX_0/U0/i_wrap/TMDS_2/i_GBox/sReg_reg_n_0_[7]
    SLICE_X36Y4          LUT5 (Prop_G6LUT_SLICEL_I4_O)
                                                      0.040     2.137 r  design_1_i/HDMI_TX_0/U0/i_wrap/sReg[5]_i_1__1/O
                         net (fo=1, routed)           0.016     2.153    design_1_i/HDMI_TX_0/U0/i_wrap/sReg[5]_i_1__1_n_0
    SLICE_X36Y4          FDRE                                         r  design_1_i/HDMI_TX_0/U0/i_wrap/TMDS_2/i_GBox/sReg_reg[5]/D
  -------------------------------------------------------------------    -------------------

                         (clock clk125_design_1_clk_wiz_0_0 rise edge)
                                                      0.000     0.000 r  
    D7                                                0.000     0.000 r  clk_100mhz_clk_p (IN)
                         net (fo=0)                   0.100     0.100    design_1_i/clk_wiz_0/inst/clkin1_ibufds/I
    HPIOBDIFFINBUF_X0Y60 DIFFINBUF (Prop_DIFFINBUF_HPIOBDIFFINBUF_DIFF_IN_P_O)
                                                      0.400     0.500 r  design_1_i/clk_wiz_0/inst/clkin1_ibufds/DIFFINBUF_INST/O
                         net (fo=1, routed)           0.050     0.550    design_1_i/clk_wiz_0/inst/clkin1_ibufds/OUT
    D7                   IBUFCTRL (Prop_IBUFCTRL_HPIOB_M_I_O)
                                                      0.000     0.550 r  design_1_i/clk_wiz_0/inst/clkin1_ibufds/IBUFCTRL_INST/O
                         net (fo=1, routed)           0.222     0.772    design_1_i/clk_wiz_0/inst/clk_in1_design_1_clk_wiz_0_0
    MMCM_X0Y2            MMCME4_ADV (Prop_MMCM_CLKIN1_CLKOUT1)
                                                     -0.295     0.477 r  design_1_i/clk_wiz_0/inst/mmcme4_adv_inst/CLKOUT1
                         net (fo=1, routed)           0.170     0.647    design_1_i/clk_wiz_0/inst/clk125_design_1_clk_wiz_0_0
    BUFGCE_X0Y54         BUFGCE (Prop_BUFCE_BUFGCE_I_O)
                                                      0.019     0.666 r  design_1_i/clk_wiz_0/inst/clkout2_buf/O
    X1Y0 (CLOCK_ROOT)    net (fo=53, routed)          1.167     1.833    design_1_i/HDMI_TX_0/U0/i_wrap/pxClkX5
    SLICE_X36Y4          FDRE                                         r  design_1_i/HDMI_TX_0/U0/i_wrap/TMDS_2/i_GBox/sReg_reg[5]/C
                         clock pessimism              0.207     2.040    
    SLICE_X36Y4          FDRE (Hold_GFF_SLICEL_C_D)
                                                      0.046     2.086    design_1_i/HDMI_TX_0/U0/i_wrap/TMDS_2/i_GBox/sReg_reg[5]
  -------------------------------------------------------------------
                         required time                         -2.086    
                         arrival time                           2.153    
  -------------------------------------------------------------------
                         slack                                  0.067    





Pulse Width Checks
--------------------------------------------------------------------------------------
Clock Name:         clk125_design_1_clk_wiz_0_0
Waveform(ns):       { 0.000 4.000 }
Period(ns):         8.000
Sources:            { design_1_i/clk_wiz_0/inst/mmcme4_adv_inst/CLKOUT1 }

Check Type        Corner  Lib Pin             Reference Pin  Required(ns)  Actual(ns)  Slack(ns)  Location          Pin
Min Period        n/a     OSERDESE3/CLK       n/a            8.000         8.000       0.000      HDIOLOGIC_M_X1Y3  design_1_i/HDMI_TX_0/U0/i_wrap/TMDS_0/i_ODDRE_N/CLK
Min Period        n/a     OSERDESE3/CLK       n/a            8.000         8.000       0.000      HDIOLOGIC_S_X1Y3  design_1_i/HDMI_TX_0/U0/i_wrap/TMDS_0/i_ODDRE_P/CLK
Min Period        n/a     OSERDESE3/CLK       n/a            8.000         8.000       0.000      HDIOLOGIC_M_X1Y2  design_1_i/HDMI_TX_0/U0/i_wrap/TMDS_1/i_ODDRE_N/CLK
Min Period        n/a     OSERDESE3/CLK       n/a            8.000         8.000       0.000      HDIOLOGIC_S_X1Y2  design_1_i/HDMI_TX_0/U0/i_wrap/TMDS_1/i_ODDRE_P/CLK
Min Period        n/a     OSERDESE3/CLK       n/a            8.000         8.000       0.000      HDIOLOGIC_S_X1Y1  design_1_i/HDMI_TX_0/U0/i_wrap/TMDS_2/i_ODDRE_N/CLK
Min Period        n/a     OSERDESE3/CLK       n/a            8.000         8.000       0.000      HDIOLOGIC_M_X1Y1  design_1_i/HDMI_TX_0/U0/i_wrap/TMDS_2/i_ODDRE_P/CLK
Min Period        n/a     OSERDESE3/CLK       n/a            8.000         8.000       0.000      HDIOLOGIC_M_X1Y5  design_1_i/HDMI_TX_0/U0/i_wrap/TMDS_3/i_ODDRE_N/CLK
Min Period        n/a     OSERDESE3/CLK       n/a            8.000         8.000       0.000      HDIOLOGIC_S_X1Y5  design_1_i/HDMI_TX_0/U0/i_wrap/TMDS_3/i_ODDRE_P/CLK
Min Period        n/a     BUFGCE/I            n/a            1.290         8.000       6.710      BUFGCE_X0Y54      design_1_i/clk_wiz_0/inst/clkout2_buf/I
Min Period        n/a     MMCME4_ADV/CLKOUT1  n/a            1.071         8.000       6.929      MMCM_X0Y2         design_1_i/clk_wiz_0/inst/mmcme4_adv_inst/CLKOUT1
Low Pulse Width   Slow    OSERDESE3/CLK       n/a            4.000         4.000       0.000      HDIOLOGIC_M_X1Y3  design_1_i/HDMI_TX_0/U0/i_wrap/TMDS_0/i_ODDRE_N/CLK
Low Pulse Width   Fast    OSERDESE3/CLK       n/a            4.000         4.000       0.000      HDIOLOGIC_M_X1Y3  design_1_i/HDMI_TX_0/U0/i_wrap/TMDS_0/i_ODDRE_N/CLK
Low Pulse Width   Slow    OSERDESE3/CLK       n/a            4.000         4.000       0.000      HDIOLOGIC_S_X1Y3  design_1_i/HDMI_TX_0/U0/i_wrap/TMDS_0/i_ODDRE_P/CLK
Low Pulse Width   Fast    OSERDESE3/CLK       n/a            4.000         4.000       0.000      HDIOLOGIC_S_X1Y3  design_1_i/HDMI_TX_0/U0/i_wrap/TMDS_0/i_ODDRE_P/CLK
Low Pulse Width   Slow    OSERDESE3/CLK       n/a            4.000         4.000       0.000      HDIOLOGIC_M_X1Y2  design_1_i/HDMI_TX_0/U0/i_wrap/TMDS_1/i_ODDRE_N/CLK
Low Pulse Width   Fast    OSERDESE3/CLK       n/a            4.000         4.000       0.000      HDIOLOGIC_M_X1Y2  design_1_i/HDMI_TX_0/U0/i_wrap/TMDS_1/i_ODDRE_N/CLK
Low Pulse Width   Slow    OSERDESE3/CLK       n/a            4.000         4.000       0.000      HDIOLOGIC_S_X1Y2  design_1_i/HDMI_TX_0/U0/i_wrap/TMDS_1/i_ODDRE_P/CLK
Low Pulse Width   Fast    OSERDESE3/CLK       n/a            4.000         4.000       0.000      HDIOLOGIC_S_X1Y2  design_1_i/HDMI_TX_0/U0/i_wrap/TMDS_1/i_ODDRE_P/CLK
Low Pulse Width   Slow    OSERDESE3/CLK       n/a            4.000         4.000       0.000      HDIOLOGIC_S_X1Y1  design_1_i/HDMI_TX_0/U0/i_wrap/TMDS_2/i_ODDRE_N/CLK
Low Pulse Width   Fast    OSERDESE3/CLK       n/a            4.000         4.000       0.000      HDIOLOGIC_S_X1Y1  design_1_i/HDMI_TX_0/U0/i_wrap/TMDS_2/i_ODDRE_N/CLK
High Pulse Width  Slow    OSERDESE3/CLK       n/a            4.000         4.000       0.000      HDIOLOGIC_M_X1Y3  design_1_i/HDMI_TX_0/U0/i_wrap/TMDS_0/i_ODDRE_N/CLK
High Pulse Width  Fast    OSERDESE3/CLK       n/a            4.000         4.000       0.000      HDIOLOGIC_M_X1Y3  design_1_i/HDMI_TX_0/U0/i_wrap/TMDS_0/i_ODDRE_N/CLK
High Pulse Width  Slow    OSERDESE3/CLK       n/a            4.000         4.000       0.000      HDIOLOGIC_S_X1Y3  design_1_i/HDMI_TX_0/U0/i_wrap/TMDS_0/i_ODDRE_P/CLK
High Pulse Width  Fast    OSERDESE3/CLK       n/a            4.000         4.000       0.000      HDIOLOGIC_S_X1Y3  design_1_i/HDMI_TX_0/U0/i_wrap/TMDS_0/i_ODDRE_P/CLK
High Pulse Width  Slow    OSERDESE3/CLK       n/a            4.000         4.000       0.000      HDIOLOGIC_M_X1Y2  design_1_i/HDMI_TX_0/U0/i_wrap/TMDS_1/i_ODDRE_N/CLK
High Pulse Width  Fast    OSERDESE3/CLK       n/a            4.000         4.000       0.000      HDIOLOGIC_M_X1Y2  design_1_i/HDMI_TX_0/U0/i_wrap/TMDS_1/i_ODDRE_N/CLK
High Pulse Width  Slow    OSERDESE3/CLK       n/a            4.000         4.000       0.000      HDIOLOGIC_S_X1Y2  design_1_i/HDMI_TX_0/U0/i_wrap/TMDS_1/i_ODDRE_P/CLK
High Pulse Width  Fast    OSERDESE3/CLK       n/a            4.000         4.000       0.000      HDIOLOGIC_S_X1Y2  design_1_i/HDMI_TX_0/U0/i_wrap/TMDS_1/i_ODDRE_P/CLK
High Pulse Width  Slow    OSERDESE3/CLK       n/a            4.000         4.000       0.000      HDIOLOGIC_S_X1Y1  design_1_i/HDMI_TX_0/U0/i_wrap/TMDS_2/i_ODDRE_N/CLK
High Pulse Width  Fast    OSERDESE3/CLK       n/a            4.000         4.000       0.000      HDIOLOGIC_S_X1Y1  design_1_i/HDMI_TX_0/U0/i_wrap/TMDS_2/i_ODDRE_N/CLK



---------------------------------------------------------------------------------------------------
From Clock:  clk25_design_1_clk_wiz_0_0
  To Clock:  clk25_design_1_clk_wiz_0_0

Setup :            0  Failing Endpoints,  Worst Slack       31.910ns,  Total Violation        0.000ns
Hold  :            0  Failing Endpoints,  Worst Slack        0.042ns,  Total Violation        0.000ns
PW    :            0  Failing Endpoints,  Worst Slack       19.725ns,  Total Violation        0.000ns
---------------------------------------------------------------------------------------------------


Max Delay Paths
--------------------------------------------------------------------------------------
Slack (MET) :             31.910ns  (required time - arrival time)
  Source:                 design_1_i/VideoTiming_0/inst/cntY_reg[9]/C
                            (rising edge-triggered cell FDRE clocked by clk25_design_1_clk_wiz_0_0  {rise@0.000ns fall@20.000ns period=40.000ns})
  Destination:            design_1_i/HDMI_TX_0/U0/i_wrap/TMDS_2/i_Enc/qD_reg[3]/D
                            (rising edge-triggered cell FDRE clocked by clk25_design_1_clk_wiz_0_0  {rise@0.000ns fall@20.000ns period=40.000ns})
  Path Group:             clk25_design_1_clk_wiz_0_0
  Path Type:              Setup (Max at Slow Process Corner)
  Requirement:            40.000ns  (clk25_design_1_clk_wiz_0_0 rise@40.000ns - clk25_design_1_clk_wiz_0_0 rise@0.000ns)
  Data Path Delay:        7.989ns  (logic 1.125ns (14.081%)  route 6.864ns (85.919%))
  Logic Levels:           10  (LUT2=2 LUT4=1 LUT6=7)
  Clock Path Skew:        -0.044ns (DCD - SCD + CPR)
    Destination Clock Delay (DCD):    3.698ns = ( 43.698 - 40.000 ) 
    Source Clock Delay      (SCD):    3.362ns
    Clock Pessimism Removal (CPR):    -0.380ns
  Clock Uncertainty:      0.082ns  ((TSJ^2 + DJ^2)^1/2) / 2 + PE
    Total System Jitter     (TSJ):    0.071ns
    Discrete Jitter          (DJ):    0.148ns
    Phase Error              (PE):    0.000ns
  Clock Net Delay (Source):      2.054ns (routing 1.172ns, distribution 0.882ns)
  Clock Net Delay (Destination): 1.859ns (routing 1.063ns, distribution 0.796ns)

    Location             Delay type                Incr(ns)  Path(ns)    Netlist Resource(s)
  -------------------------------------------------------------------    -------------------
                         (clock clk25_design_1_clk_wiz_0_0 rise edge)
                                                      0.000     0.000 r  
    D7                                                0.000     0.000 r  clk_100mhz_clk_p (IN)
                         net (fo=0)                   0.100     0.100    design_1_i/clk_wiz_0/inst/clkin1_ibufds/I
    HPIOBDIFFINBUF_X0Y60 DIFFINBUF (Prop_DIFFINBUF_HPIOBDIFFINBUF_DIFF_IN_P_O)
                                                      0.629     0.729 r  design_1_i/clk_wiz_0/inst/clkin1_ibufds/DIFFINBUF_INST/O
                         net (fo=1, routed)           0.050     0.779    design_1_i/clk_wiz_0/inst/clkin1_ibufds/OUT
    D7                   IBUFCTRL (Prop_IBUFCTRL_HPIOB_M_I_O)
                                                      0.000     0.779 r  design_1_i/clk_wiz_0/inst/clkin1_ibufds/IBUFCTRL_INST/O
                         net (fo=1, routed)           0.384     1.163    design_1_i/clk_wiz_0/inst/clk_in1_design_1_clk_wiz_0_0
    MMCM_X0Y2            MMCME4_ADV (Prop_MMCM_CLKIN1_CLKOUT0)
                                                     -0.127     1.036 r  design_1_i/clk_wiz_0/inst/mmcme4_adv_inst/CLKOUT0
                         net (fo=1, routed)           0.244     1.280    design_1_i/clk_wiz_0/inst/clk25_design_1_clk_wiz_0_0
    BUFGCE_X0Y68         BUFGCE (Prop_BUFCE_BUFGCE_I_O)
                                                      0.028     1.308 r  design_1_i/clk_wiz_0/inst/clkout1_buf/O
    X0Y0 (CLOCK_ROOT)    net (fo=99, routed)          2.054     3.362    design_1_i/VideoTiming_0/inst/pixClk
    SLICE_X32Y21         FDRE                                         r  design_1_i/VideoTiming_0/inst/cntY_reg[9]/C
  -------------------------------------------------------------------    -------------------
    SLICE_X32Y21         FDRE (Prop_EFF_SLICEL_C_Q)
                                                      0.079     3.441 f  design_1_i/VideoTiming_0/inst/cntY_reg[9]/Q
                         net (fo=106, routed)         1.976     5.417    design_1_i/ImgGen_0/inst/PosY[9]
    SLICE_X23Y14         LUT6 (Prop_H6LUT_SLICEL_I0_O)
                                                      0.150     5.567 r  design_1_i/ImgGen_0/inst/R[5]_INST_0_i_33/O
                         net (fo=12, routed)          0.223     5.790    design_1_i/ImgGen_0/inst/R[5]_INST_0_i_33_n_0
    SLICE_X22Y13         LUT4 (Prop_C6LUT_SLICEL_I3_O)
                                                      0.088     5.878 r  design_1_i/ImgGen_0/inst/R[5]_INST_0_i_21/O
                         net (fo=10, routed)          0.256     6.134    design_1_i/ImgGen_0/inst/R[5]_INST_0_i_21_n_0
    SLICE_X22Y16         LUT6 (Prop_E6LUT_SLICEL_I0_O)
                                                      0.123     6.257 r  design_1_i/ImgGen_0/inst/R[5]_INST_0_i_8/O
                         net (fo=463, routed)         1.896     8.153    design_1_i/ImgGen_0/inst/PosX_5_sn_1
    SLICE_X30Y17         LUT6 (Prop_F6LUT_SLICEL_I0_O)
                                                      0.049     8.202 f  design_1_i/ImgGen_0/inst/R[7]_INST_0_i_70/O
                         net (fo=3, routed)           0.058     8.260    design_1_i/ImgGen_0/inst/R[7]_INST_0_i_70_n_0
    SLICE_X30Y17         LUT6 (Prop_B6LUT_SLICEL_I5_O)
                                                      0.148     8.408 r  design_1_i/ImgGen_0/inst/R[6]_INST_0_i_93/O
                         net (fo=1, routed)           0.088     8.496    design_1_i/ImgGen_0/inst/R[6]_INST_0_i_93_n_0
    SLICE_X30Y18         LUT6 (Prop_H6LUT_SLICEL_I1_O)
                                                      0.099     8.595 r  design_1_i/ImgGen_0/inst/R[6]_INST_0_i_32/O
                         net (fo=11, routed)          0.986     9.581    design_1_i/ImgGen_0/inst/PosX[4]_8
    SLICE_X36Y9          LUT2 (Prop_D6LUT_SLICEL_I1_O)
                                                      0.122     9.703 f  design_1_i/ImgGen_0/inst/B[0]_INST_0_i_4/O
                         net (fo=3, routed)           0.463    10.167    design_1_i/ImgGen_0/inst/R[6]_INST_0_i_32_0
    SLICE_X31Y11         LUT2 (Prop_H6LUT_SLICEM_I1_O)
                                                      0.090    10.257 f  design_1_i/ImgGen_0/inst/R[0]_INST_0_i_7/O
                         net (fo=1, routed)           0.193    10.450    design_1_i/ImgGen_0/inst/R[0]_INST_0_i_7_n_0
    SLICE_X31Y10         LUT6 (Prop_D6LUT_SLICEM_I2_O)
                                                      0.088    10.538 r  design_1_i/ImgGen_0/inst/R[0]_INST_0_i_2/O
                         net (fo=1, routed)           0.088    10.626    design_1_i/ImgGen_0/inst/R[0]_INST_0_i_2_n_0
    SLICE_X30Y10         LUT6 (Prop_G6LUT_SLICEL_I1_O)
                                                      0.089    10.715 r  design_1_i/ImgGen_0/inst/R[0]_INST_0/O
                         net (fo=2, routed)           0.637    11.352    design_1_i/HDMI_TX_0/U0/i_wrap/R[3]
    SLICE_X36Y6          FDRE                                         r  design_1_i/HDMI_TX_0/U0/i_wrap/TMDS_2/i_Enc/qD_reg[3]/D
  -------------------------------------------------------------------    -------------------

                         (clock clk25_design_1_clk_wiz_0_0 rise edge)
                                                     40.000    40.000 r  
    D7                                                0.000    40.000 r  clk_100mhz_clk_p (IN)
                         net (fo=0)                   0.079    40.079    design_1_i/clk_wiz_0/inst/clkin1_ibufds/I
    HPIOBDIFFINBUF_X0Y60 DIFFINBUF (Prop_DIFFINBUF_HPIOBDIFFINBUF_DIFF_IN_P_O)
                                                      0.519    40.598 r  design_1_i/clk_wiz_0/inst/clkin1_ibufds/DIFFINBUF_INST/O
                         net (fo=1, routed)           0.040    40.638    design_1_i/clk_wiz_0/inst/clkin1_ibufds/OUT
    D7                   IBUFCTRL (Prop_IBUFCTRL_HPIOB_M_I_O)
                                                      0.000    40.638 r  design_1_i/clk_wiz_0/inst/clkin1_ibufds/IBUFCTRL_INST/O
                         net (fo=1, routed)           0.333    40.971    design_1_i/clk_wiz_0/inst/clk_in1_design_1_clk_wiz_0_0
    MMCM_X0Y2            MMCME4_ADV (Prop_MMCM_CLKIN1_CLKOUT0)
                                                      0.630    41.601 r  design_1_i/clk_wiz_0/inst/mmcme4_adv_inst/CLKOUT0
                         net (fo=1, routed)           0.214    41.815    design_1_i/clk_wiz_0/inst/clk25_design_1_clk_wiz_0_0
    BUFGCE_X0Y68         BUFGCE (Prop_BUFCE_BUFGCE_I_O)
                                                      0.024    41.839 r  design_1_i/clk_wiz_0/inst/clkout1_buf/O
    X0Y0 (CLOCK_ROOT)    net (fo=99, routed)          1.859    43.698    design_1_i/HDMI_TX_0/U0/i_wrap/pxClk
    SLICE_X36Y6          FDRE                                         r  design_1_i/HDMI_TX_0/U0/i_wrap/TMDS_2/i_Enc/qD_reg[3]/C
                         clock pessimism             -0.380    43.319    
                         clock uncertainty           -0.082    43.237    
    SLICE_X36Y6          FDRE (Setup_EFF2_SLICEL_C_D)
                                                      0.025    43.262    design_1_i/HDMI_TX_0/U0/i_wrap/TMDS_2/i_Enc/qD_reg[3]
  -------------------------------------------------------------------
                         required time                         43.262    
                         arrival time                         -11.352    
  -------------------------------------------------------------------
                         slack                                 31.910    

Slack (MET) :             31.961ns  (required time - arrival time)
  Source:                 design_1_i/VideoTiming_0/inst/cntY_reg[9]/C
                            (rising edge-triggered cell FDRE clocked by clk25_design_1_clk_wiz_0_0  {rise@0.000ns fall@20.000ns period=40.000ns})
  Destination:            design_1_i/HDMI_TX_0/U0/i_wrap/TMDS_1/i_Enc/qD_reg[0]/D
                            (rising edge-triggered cell FDRE clocked by clk25_design_1_clk_wiz_0_0  {rise@0.000ns fall@20.000ns period=40.000ns})
  Path Group:             clk25_design_1_clk_wiz_0_0
  Path Type:              Setup (Max at Slow Process Corner)
  Requirement:            40.000ns  (clk25_design_1_clk_wiz_0_0 rise@40.000ns - clk25_design_1_clk_wiz_0_0 rise@0.000ns)
  Data Path Delay:        7.933ns  (logic 1.017ns (12.819%)  route 6.916ns (87.181%))
  Logic Levels:           9  (LUT2=1 LUT4=1 LUT6=7)
  Clock Path Skew:        -0.049ns (DCD - SCD + CPR)
    Destination Clock Delay (DCD):    3.693ns = ( 43.693 - 40.000 ) 
    Source Clock Delay      (SCD):    3.362ns
    Clock Pessimism Removal (CPR):    -0.380ns
  Clock Uncertainty:      0.082ns  ((TSJ^2 + DJ^2)^1/2) / 2 + PE
    Total System Jitter     (TSJ):    0.071ns
    Discrete Jitter          (DJ):    0.148ns
    Phase Error              (PE):    0.000ns
  Clock Net Delay (Source):      2.054ns (routing 1.172ns, distribution 0.882ns)
  Clock Net Delay (Destination): 1.854ns (routing 1.063ns, distribution 0.791ns)

    Location             Delay type                Incr(ns)  Path(ns)    Netlist Resource(s)
  -------------------------------------------------------------------    -------------------
                         (clock clk25_design_1_clk_wiz_0_0 rise edge)
                                                      0.000     0.000 r  
    D7                                                0.000     0.000 r  clk_100mhz_clk_p (IN)
                         net (fo=0)                   0.100     0.100    design_1_i/clk_wiz_0/inst/clkin1_ibufds/I
    HPIOBDIFFINBUF_X0Y60 DIFFINBUF (Prop_DIFFINBUF_HPIOBDIFFINBUF_DIFF_IN_P_O)
                                                      0.629     0.729 r  design_1_i/clk_wiz_0/inst/clkin1_ibufds/DIFFINBUF_INST/O
                         net (fo=1, routed)           0.050     0.779    design_1_i/clk_wiz_0/inst/clkin1_ibufds/OUT
    D7                   IBUFCTRL (Prop_IBUFCTRL_HPIOB_M_I_O)
                                                      0.000     0.779 r  design_1_i/clk_wiz_0/inst/clkin1_ibufds/IBUFCTRL_INST/O
                         net (fo=1, routed)           0.384     1.163    design_1_i/clk_wiz_0/inst/clk_in1_design_1_clk_wiz_0_0
    MMCM_X0Y2            MMCME4_ADV (Prop_MMCM_CLKIN1_CLKOUT0)
                                                     -0.127     1.036 r  design_1_i/clk_wiz_0/inst/mmcme4_adv_inst/CLKOUT0
                         net (fo=1, routed)           0.244     1.280    design_1_i/clk_wiz_0/inst/clk25_design_1_clk_wiz_0_0
    BUFGCE_X0Y68         BUFGCE (Prop_BUFCE_BUFGCE_I_O)
                                                      0.028     1.308 r  design_1_i/clk_wiz_0/inst/clkout1_buf/O
    X0Y0 (CLOCK_ROOT)    net (fo=99, routed)          2.054     3.362    design_1_i/VideoTiming_0/inst/pixClk
    SLICE_X32Y21         FDRE                                         r  design_1_i/VideoTiming_0/inst/cntY_reg[9]/C
  -------------------------------------------------------------------    -------------------
    SLICE_X32Y21         FDRE (Prop_EFF_SLICEL_C_Q)
                                                      0.079     3.441 f  design_1_i/VideoTiming_0/inst/cntY_reg[9]/Q
                         net (fo=106, routed)         1.976     5.417    design_1_i/ImgGen_0/inst/PosY[9]
    SLICE_X23Y14         LUT6 (Prop_H6LUT_SLICEL_I0_O)
                                                      0.150     5.567 r  design_1_i/ImgGen_0/inst/R[5]_INST_0_i_33/O
                         net (fo=12, routed)          0.223     5.790    design_1_i/ImgGen_0/inst/R[5]_INST_0_i_33_n_0
    SLICE_X22Y13         LUT4 (Prop_C6LUT_SLICEL_I3_O)
                                                      0.088     5.878 r  design_1_i/ImgGen_0/inst/R[5]_INST_0_i_21/O
                         net (fo=10, routed)          0.256     6.134    design_1_i/ImgGen_0/inst/R[5]_INST_0_i_21_n_0
    SLICE_X22Y16         LUT6 (Prop_E6LUT_SLICEL_I0_O)
                                                      0.123     6.257 r  design_1_i/ImgGen_0/inst/R[5]_INST_0_i_8/O
                         net (fo=463, routed)         1.896     8.153    design_1_i/ImgGen_0/inst/PosX_5_sn_1
    SLICE_X30Y17         LUT6 (Prop_F6LUT_SLICEL_I0_O)
                                                      0.049     8.202 f  design_1_i/ImgGen_0/inst/R[7]_INST_0_i_70/O
                         net (fo=3, routed)           0.058     8.260    design_1_i/ImgGen_0/inst/R[7]_INST_0_i_70_n_0
    SLICE_X30Y17         LUT6 (Prop_B6LUT_SLICEL_I5_O)
                                                      0.148     8.408 r  design_1_i/ImgGen_0/inst/R[6]_INST_0_i_93/O
                         net (fo=1, routed)           0.088     8.496    design_1_i/ImgGen_0/inst/R[6]_INST_0_i_93_n_0
    SLICE_X30Y18         LUT6 (Prop_H6LUT_SLICEL_I1_O)
                                                      0.099     8.595 r  design_1_i/ImgGen_0/inst/R[6]_INST_0_i_32/O
                         net (fo=11, routed)          0.986     9.581    design_1_i/ImgGen_0/inst/PosX[4]_8
    SLICE_X36Y9          LUT2 (Prop_D6LUT_SLICEL_I1_O)
                                                      0.122     9.703 f  design_1_i/ImgGen_0/inst/B[0]_INST_0_i_4/O
                         net (fo=3, routed)           0.380    10.084    design_1_i/ImgGen_0/inst_n_114
    SLICE_X30Y10         LUT6 (Prop_C6LUT_SLICEL_I5_O)
                                                      0.123    10.207 r  design_1_i/ImgGen_0/B[0]_INST_0_i_1/O
                         net (fo=1, routed)           0.041    10.248    design_1_i/ImgGen_0/B[0]_INST_0_i_1_n_0
    SLICE_X30Y10         LUT6 (Prop_D6LUT_SLICEL_I3_O)
                                                      0.036    10.284 r  design_1_i/ImgGen_0/B[0]_INST_0/O
                         net (fo=4, routed)           1.012    11.296    design_1_i/HDMI_TX_0/U0/i_wrap/G[0]
    SLICE_X36Y16         FDRE                                         r  design_1_i/HDMI_TX_0/U0/i_wrap/TMDS_1/i_Enc/qD_reg[0]/D
  -------------------------------------------------------------------    -------------------

                         (clock clk25_design_1_clk_wiz_0_0 rise edge)
                                                     40.000    40.000 r  
    D7                                                0.000    40.000 r  clk_100mhz_clk_p (IN)
                         net (fo=0)                   0.079    40.079    design_1_i/clk_wiz_0/inst/clkin1_ibufds/I
    HPIOBDIFFINBUF_X0Y60 DIFFINBUF (Prop_DIFFINBUF_HPIOBDIFFINBUF_DIFF_IN_P_O)
                                                      0.519    40.598 r  design_1_i/clk_wiz_0/inst/clkin1_ibufds/DIFFINBUF_INST/O
                         net (fo=1, routed)           0.040    40.638    design_1_i/clk_wiz_0/inst/clkin1_ibufds/OUT
    D7                   IBUFCTRL (Prop_IBUFCTRL_HPIOB_M_I_O)
                                                      0.000    40.638 r  design_1_i/clk_wiz_0/inst/clkin1_ibufds/IBUFCTRL_INST/O
                         net (fo=1, routed)           0.333    40.971    design_1_i/clk_wiz_0/inst/clk_in1_design_1_clk_wiz_0_0
    MMCM_X0Y2            MMCME4_ADV (Prop_MMCM_CLKIN1_CLKOUT0)
                                                      0.630    41.601 r  design_1_i/clk_wiz_0/inst/mmcme4_adv_inst/CLKOUT0
                         net (fo=1, routed)           0.214    41.815    design_1_i/clk_wiz_0/inst/clk25_design_1_clk_wiz_0_0
    BUFGCE_X0Y68         BUFGCE (Prop_BUFCE_BUFGCE_I_O)
                                                      0.024    41.839 r  design_1_i/clk_wiz_0/inst/clkout1_buf/O
    X0Y0 (CLOCK_ROOT)    net (fo=99, routed)          1.854    43.693    design_1_i/HDMI_TX_0/U0/i_wrap/pxClk
    SLICE_X36Y16         FDRE                                         r  design_1_i/HDMI_TX_0/U0/i_wrap/TMDS_1/i_Enc/qD_reg[0]/C
                         clock pessimism             -0.380    43.314    
                         clock uncertainty           -0.082    43.232    
    SLICE_X36Y16         FDRE (Setup_FFF2_SLICEL_C_D)
                                                      0.025    43.257    design_1_i/HDMI_TX_0/U0/i_wrap/TMDS_1/i_Enc/qD_reg[0]
  -------------------------------------------------------------------
                         required time                         43.257    
                         arrival time                         -11.296    
  -------------------------------------------------------------------
                         slack                                 31.961    

Slack (MET) :             31.984ns  (required time - arrival time)
  Source:                 design_1_i/VideoTiming_0/inst/cntY_reg[9]/C
                            (rising edge-triggered cell FDRE clocked by clk25_design_1_clk_wiz_0_0  {rise@0.000ns fall@20.000ns period=40.000ns})
  Destination:            design_1_i/HDMI_TX_0/U0/i_wrap/TMDS_1/i_Enc/qD_reg[7]/D
                            (rising edge-triggered cell FDRE clocked by clk25_design_1_clk_wiz_0_0  {rise@0.000ns fall@20.000ns period=40.000ns})
  Path Group:             clk25_design_1_clk_wiz_0_0
  Path Type:              Setup (Max at Slow Process Corner)
  Requirement:            40.000ns  (clk25_design_1_clk_wiz_0_0 rise@40.000ns - clk25_design_1_clk_wiz_0_0 rise@0.000ns)
  Data Path Delay:        7.916ns  (logic 1.225ns (15.475%)  route 6.691ns (84.525%))
  Logic Levels:           10  (LUT2=1 LUT4=1 LUT5=1 LUT6=7)
  Clock Path Skew:        -0.043ns (DCD - SCD + CPR)
    Destination Clock Delay (DCD):    3.699ns = ( 43.699 - 40.000 ) 
    Source Clock Delay      (SCD):    3.362ns
    Clock Pessimism Removal (CPR):    -0.380ns
  Clock Uncertainty:      0.082ns  ((TSJ^2 + DJ^2)^1/2) / 2 + PE
    Total System Jitter     (TSJ):    0.071ns
    Discrete Jitter          (DJ):    0.148ns
    Phase Error              (PE):    0.000ns
  Clock Net Delay (Source):      2.054ns (routing 1.172ns, distribution 0.882ns)
  Clock Net Delay (Destination): 1.860ns (routing 1.063ns, distribution 0.797ns)

    Location             Delay type                Incr(ns)  Path(ns)    Netlist Resource(s)
  -------------------------------------------------------------------    -------------------
                         (clock clk25_design_1_clk_wiz_0_0 rise edge)
                                                      0.000     0.000 r  
    D7                                                0.000     0.000 r  clk_100mhz_clk_p (IN)
                         net (fo=0)                   0.100     0.100    design_1_i/clk_wiz_0/inst/clkin1_ibufds/I
    HPIOBDIFFINBUF_X0Y60 DIFFINBUF (Prop_DIFFINBUF_HPIOBDIFFINBUF_DIFF_IN_P_O)
                                                      0.629     0.729 r  design_1_i/clk_wiz_0/inst/clkin1_ibufds/DIFFINBUF_INST/O
                         net (fo=1, routed)           0.050     0.779    design_1_i/clk_wiz_0/inst/clkin1_ibufds/OUT
    D7                   IBUFCTRL (Prop_IBUFCTRL_HPIOB_M_I_O)
                                                      0.000     0.779 r  design_1_i/clk_wiz_0/inst/clkin1_ibufds/IBUFCTRL_INST/O
                         net (fo=1, routed)           0.384     1.163    design_1_i/clk_wiz_0/inst/clk_in1_design_1_clk_wiz_0_0
    MMCM_X0Y2            MMCME4_ADV (Prop_MMCM_CLKIN1_CLKOUT0)
                                                     -0.127     1.036 r  design_1_i/clk_wiz_0/inst/mmcme4_adv_inst/CLKOUT0
                         net (fo=1, routed)           0.244     1.280    design_1_i/clk_wiz_0/inst/clk25_design_1_clk_wiz_0_0
    BUFGCE_X0Y68         BUFGCE (Prop_BUFCE_BUFGCE_I_O)
                                                      0.028     1.308 r  design_1_i/clk_wiz_0/inst/clkout1_buf/O
    X0Y0 (CLOCK_ROOT)    net (fo=99, routed)          2.054     3.362    design_1_i/VideoTiming_0/inst/pixClk
    SLICE_X32Y21         FDRE                                         r  design_1_i/VideoTiming_0/inst/cntY_reg[9]/C
  -------------------------------------------------------------------    -------------------
    SLICE_X32Y21         FDRE (Prop_EFF_SLICEL_C_Q)
                                                      0.079     3.441 f  design_1_i/VideoTiming_0/inst/cntY_reg[9]/Q
                         net (fo=106, routed)         1.976     5.417    design_1_i/ImgGen_0/inst/PosY[9]
    SLICE_X23Y14         LUT6 (Prop_H6LUT_SLICEL_I0_O)
                                                      0.150     5.567 r  design_1_i/ImgGen_0/inst/R[5]_INST_0_i_33/O
                         net (fo=12, routed)          0.223     5.790    design_1_i/ImgGen_0/inst/R[5]_INST_0_i_33_n_0
    SLICE_X22Y13         LUT4 (Prop_C6LUT_SLICEL_I3_O)
                                                      0.088     5.878 r  design_1_i/ImgGen_0/inst/R[5]_INST_0_i_21/O
                         net (fo=10, routed)          0.256     6.134    design_1_i/ImgGen_0/inst/R[5]_INST_0_i_21_n_0
    SLICE_X22Y16         LUT6 (Prop_E6LUT_SLICEL_I0_O)
                                                      0.123     6.257 r  design_1_i/ImgGen_0/inst/R[5]_INST_0_i_8/O
                         net (fo=463, routed)         1.896     8.153    design_1_i/ImgGen_0/inst/PosX_5_sn_1
    SLICE_X30Y17         LUT6 (Prop_F6LUT_SLICEL_I0_O)
                                                      0.049     8.202 r  design_1_i/ImgGen_0/inst/R[7]_INST_0_i_70/O
                         net (fo=3, routed)           0.058     8.260    design_1_i/ImgGen_0/inst/R[7]_INST_0_i_70_n_0
    SLICE_X30Y17         LUT6 (Prop_B6LUT_SLICEL_I5_O)
                                                      0.148     8.408 f  design_1_i/ImgGen_0/inst/R[6]_INST_0_i_93/O
                         net (fo=1, routed)           0.088     8.496    design_1_i/ImgGen_0/inst/R[6]_INST_0_i_93_n_0
    SLICE_X30Y18         LUT6 (Prop_H6LUT_SLICEL_I1_O)
                                                      0.099     8.595 f  design_1_i/ImgGen_0/inst/R[6]_INST_0_i_32/O
                         net (fo=11, routed)          0.342     8.937    design_1_i/ImgGen_0/inst/PosX[4]_8
    SLICE_X34Y16         LUT5 (Prop_D5LUT_SLICEM_I4_O)
                                                      0.066     9.003 f  design_1_i/ImgGen_0/inst/R[7]_INST_0_i_29/O
                         net (fo=1, routed)           0.285     9.288    design_1_i/ImgGen_0/inst/R[7]_INST_0_i_29_n_0
    SLICE_X32Y15         LUT6 (Prop_F6LUT_SLICEL_I1_O)
                                                      0.148     9.436 r  design_1_i/ImgGen_0/inst/R[7]_INST_0_i_7/O
                         net (fo=1, routed)           0.420     9.856    design_1_i/ImgGen_0/inst/R[7]_INST_0_i_7_n_0
    SLICE_X34Y11         LUT6 (Prop_H6LUT_SLICEM_I5_O)
                                                      0.152    10.008 r  design_1_i/ImgGen_0/inst/R[7]_INST_0_i_1/O
                         net (fo=2, routed)           0.315    10.323    design_1_i/ImgGen_0/inst_n_16
    SLICE_X36Y9          LUT2 (Prop_F6LUT_SLICEL_I0_O)
                                                      0.123    10.446 r  design_1_i/ImgGen_0/B[7]_INST_0/O
                         net (fo=2, routed)           0.833    11.278    design_1_i/HDMI_TX_0/U0/i_wrap/G[7]
    SLICE_X37Y16         FDRE                                         r  design_1_i/HDMI_TX_0/U0/i_wrap/TMDS_1/i_Enc/qD_reg[7]/D
  -------------------------------------------------------------------    -------------------

                         (clock clk25_design_1_clk_wiz_0_0 rise edge)
                                                     40.000    40.000 r  
    D7                                                0.000    40.000 r  clk_100mhz_clk_p (IN)
                         net (fo=0)                   0.079    40.079    design_1_i/clk_wiz_0/inst/clkin1_ibufds/I
    HPIOBDIFFINBUF_X0Y60 DIFFINBUF (Prop_DIFFINBUF_HPIOBDIFFINBUF_DIFF_IN_P_O)
                                                      0.519    40.598 r  design_1_i/clk_wiz_0/inst/clkin1_ibufds/DIFFINBUF_INST/O
                         net (fo=1, routed)           0.040    40.638    design_1_i/clk_wiz_0/inst/clkin1_ibufds/OUT
    D7                   IBUFCTRL (Prop_IBUFCTRL_HPIOB_M_I_O)
                                                      0.000    40.638 r  design_1_i/clk_wiz_0/inst/clkin1_ibufds/IBUFCTRL_INST/O
                         net (fo=1, routed)           0.333    40.971    design_1_i/clk_wiz_0/inst/clk_in1_design_1_clk_wiz_0_0
    MMCM_X0Y2            MMCME4_ADV (Prop_MMCM_CLKIN1_CLKOUT0)
                                                      0.630    41.601 r  design_1_i/clk_wiz_0/inst/mmcme4_adv_inst/CLKOUT0
                         net (fo=1, routed)           0.214    41.815    design_1_i/clk_wiz_0/inst/clk25_design_1_clk_wiz_0_0
    BUFGCE_X0Y68         BUFGCE (Prop_BUFCE_BUFGCE_I_O)
                                                      0.024    41.839 r  design_1_i/clk_wiz_0/inst/clkout1_buf/O
    X0Y0 (CLOCK_ROOT)    net (fo=99, routed)          1.860    43.699    design_1_i/HDMI_TX_0/U0/i_wrap/pxClk
    SLICE_X37Y16         FDRE                                         r  design_1_i/HDMI_TX_0/U0/i_wrap/TMDS_1/i_Enc/qD_reg[7]/C
                         clock pessimism             -0.380    43.320    
                         clock uncertainty           -0.082    43.238    
    SLICE_X37Y16         FDRE (Setup_EFF_SLICEM_C_D)
                                                      0.025    43.263    design_1_i/HDMI_TX_0/U0/i_wrap/TMDS_1/i_Enc/qD_reg[7]
  -------------------------------------------------------------------
                         required time                         43.263    
                         arrival time                         -11.278    
  -------------------------------------------------------------------
                         slack                                 31.984    

Slack (MET) :             31.994ns  (required time - arrival time)
  Source:                 design_1_i/VideoTiming_0/inst/cntY_reg[9]/C
                            (rising edge-triggered cell FDRE clocked by clk25_design_1_clk_wiz_0_0  {rise@0.000ns fall@20.000ns period=40.000ns})
  Destination:            design_1_i/HDMI_TX_0/U0/i_wrap/TMDS_2/i_Enc/qD_reg[0]/D
                            (rising edge-triggered cell FDRE clocked by clk25_design_1_clk_wiz_0_0  {rise@0.000ns fall@20.000ns period=40.000ns})
  Path Group:             clk25_design_1_clk_wiz_0_0
  Path Type:              Setup (Max at Slow Process Corner)
  Requirement:            40.000ns  (clk25_design_1_clk_wiz_0_0 rise@40.000ns - clk25_design_1_clk_wiz_0_0 rise@0.000ns)
  Data Path Delay:        7.905ns  (logic 1.125ns (14.231%)  route 6.780ns (85.769%))
  Logic Levels:           10  (LUT2=2 LUT4=1 LUT6=7)
  Clock Path Skew:        -0.044ns (DCD - SCD + CPR)
    Destination Clock Delay (DCD):    3.698ns = ( 43.698 - 40.000 ) 
    Source Clock Delay      (SCD):    3.362ns
    Clock Pessimism Removal (CPR):    -0.380ns
  Clock Uncertainty:      0.082ns  ((TSJ^2 + DJ^2)^1/2) / 2 + PE
    Total System Jitter     (TSJ):    0.071ns
    Discrete Jitter          (DJ):    0.148ns
    Phase Error              (PE):    0.000ns
  Clock Net Delay (Source):      2.054ns (routing 1.172ns, distribution 0.882ns)
  Clock Net Delay (Destination): 1.859ns (routing 1.063ns, distribution 0.796ns)

    Location             Delay type                Incr(ns)  Path(ns)    Netlist Resource(s)
  -------------------------------------------------------------------    -------------------
                         (clock clk25_design_1_clk_wiz_0_0 rise edge)
                                                      0.000     0.000 r  
    D7                                                0.000     0.000 r  clk_100mhz_clk_p (IN)
                         net (fo=0)                   0.100     0.100    design_1_i/clk_wiz_0/inst/clkin1_ibufds/I
    HPIOBDIFFINBUF_X0Y60 DIFFINBUF (Prop_DIFFINBUF_HPIOBDIFFINBUF_DIFF_IN_P_O)
                                                      0.629     0.729 r  design_1_i/clk_wiz_0/inst/clkin1_ibufds/DIFFINBUF_INST/O
                         net (fo=1, routed)           0.050     0.779    design_1_i/clk_wiz_0/inst/clkin1_ibufds/OUT
    D7                   IBUFCTRL (Prop_IBUFCTRL_HPIOB_M_I_O)
                                                      0.000     0.779 r  design_1_i/clk_wiz_0/inst/clkin1_ibufds/IBUFCTRL_INST/O
                         net (fo=1, routed)           0.384     1.163    design_1_i/clk_wiz_0/inst/clk_in1_design_1_clk_wiz_0_0
    MMCM_X0Y2            MMCME4_ADV (Prop_MMCM_CLKIN1_CLKOUT0)
                                                     -0.127     1.036 r  design_1_i/clk_wiz_0/inst/mmcme4_adv_inst/CLKOUT0
                         net (fo=1, routed)           0.244     1.280    design_1_i/clk_wiz_0/inst/clk25_design_1_clk_wiz_0_0
    BUFGCE_X0Y68         BUFGCE (Prop_BUFCE_BUFGCE_I_O)
                                                      0.028     1.308 r  design_1_i/clk_wiz_0/inst/clkout1_buf/O
    X0Y0 (CLOCK_ROOT)    net (fo=99, routed)          2.054     3.362    design_1_i/VideoTiming_0/inst/pixClk
    SLICE_X32Y21         FDRE                                         r  design_1_i/VideoTiming_0/inst/cntY_reg[9]/C
  -------------------------------------------------------------------    -------------------
    SLICE_X32Y21         FDRE (Prop_EFF_SLICEL_C_Q)
                                                      0.079     3.441 f  design_1_i/VideoTiming_0/inst/cntY_reg[9]/Q
                         net (fo=106, routed)         1.976     5.417    design_1_i/ImgGen_0/inst/PosY[9]
    SLICE_X23Y14         LUT6 (Prop_H6LUT_SLICEL_I0_O)
                                                      0.150     5.567 r  design_1_i/ImgGen_0/inst/R[5]_INST_0_i_33/O
                         net (fo=12, routed)          0.223     5.790    design_1_i/ImgGen_0/inst/R[5]_INST_0_i_33_n_0
    SLICE_X22Y13         LUT4 (Prop_C6LUT_SLICEL_I3_O)
                                                      0.088     5.878 r  design_1_i/ImgGen_0/inst/R[5]_INST_0_i_21/O
                         net (fo=10, routed)          0.256     6.134    design_1_i/ImgGen_0/inst/R[5]_INST_0_i_21_n_0
    SLICE_X22Y16         LUT6 (Prop_E6LUT_SLICEL_I0_O)
                                                      0.123     6.257 r  design_1_i/ImgGen_0/inst/R[5]_INST_0_i_8/O
                         net (fo=463, routed)         1.896     8.153    design_1_i/ImgGen_0/inst/PosX_5_sn_1
    SLICE_X30Y17         LUT6 (Prop_F6LUT_SLICEL_I0_O)
                                                      0.049     8.202 f  design_1_i/ImgGen_0/inst/R[7]_INST_0_i_70/O
                         net (fo=3, routed)           0.058     8.260    design_1_i/ImgGen_0/inst/R[7]_INST_0_i_70_n_0
    SLICE_X30Y17         LUT6 (Prop_B6LUT_SLICEL_I5_O)
                                                      0.148     8.408 r  design_1_i/ImgGen_0/inst/R[6]_INST_0_i_93/O
                         net (fo=1, routed)           0.088     8.496    design_1_i/ImgGen_0/inst/R[6]_INST_0_i_93_n_0
    SLICE_X30Y18         LUT6 (Prop_H6LUT_SLICEL_I1_O)
                                                      0.099     8.595 r  design_1_i/ImgGen_0/inst/R[6]_INST_0_i_32/O
                         net (fo=11, routed)          0.986     9.581    design_1_i/ImgGen_0/inst/PosX[4]_8
    SLICE_X36Y9          LUT2 (Prop_D6LUT_SLICEL_I1_O)
                                                      0.122     9.703 f  design_1_i/ImgGen_0/inst/B[0]_INST_0_i_4/O
                         net (fo=3, routed)           0.463    10.167    design_1_i/ImgGen_0/inst/R[6]_INST_0_i_32_0
    SLICE_X31Y11         LUT2 (Prop_H6LUT_SLICEM_I1_O)
                                                      0.090    10.257 f  design_1_i/ImgGen_0/inst/R[0]_INST_0_i_7/O
                         net (fo=1, routed)           0.193    10.450    design_1_i/ImgGen_0/inst/R[0]_INST_0_i_7_n_0
    SLICE_X31Y10         LUT6 (Prop_D6LUT_SLICEM_I2_O)
                                                      0.088    10.538 r  design_1_i/ImgGen_0/inst/R[0]_INST_0_i_2/O
                         net (fo=1, routed)           0.088    10.626    design_1_i/ImgGen_0/inst/R[0]_INST_0_i_2_n_0
    SLICE_X30Y10         LUT6 (Prop_G6LUT_SLICEL_I1_O)
                                                      0.089    10.715 r  design_1_i/ImgGen_0/inst/R[0]_INST_0/O
                         net (fo=2, routed)           0.553    11.268    design_1_i/HDMI_TX_0/U0/i_wrap/R[0]
    SLICE_X36Y6          FDRE                                         r  design_1_i/HDMI_TX_0/U0/i_wrap/TMDS_2/i_Enc/qD_reg[0]/D
  -------------------------------------------------------------------    -------------------

                         (clock clk25_design_1_clk_wiz_0_0 rise edge)
                                                     40.000    40.000 r  
    D7                                                0.000    40.000 r  clk_100mhz_clk_p (IN)
                         net (fo=0)                   0.079    40.079    design_1_i/clk_wiz_0/inst/clkin1_ibufds/I
    HPIOBDIFFINBUF_X0Y60 DIFFINBUF (Prop_DIFFINBUF_HPIOBDIFFINBUF_DIFF_IN_P_O)
                                                      0.519    40.598 r  design_1_i/clk_wiz_0/inst/clkin1_ibufds/DIFFINBUF_INST/O
                         net (fo=1, routed)           0.040    40.638    design_1_i/clk_wiz_0/inst/clkin1_ibufds/OUT
    D7                   IBUFCTRL (Prop_IBUFCTRL_HPIOB_M_I_O)
                                                      0.000    40.638 r  design_1_i/clk_wiz_0/inst/clkin1_ibufds/IBUFCTRL_INST/O
                         net (fo=1, routed)           0.333    40.971    design_1_i/clk_wiz_0/inst/clk_in1_design_1_clk_wiz_0_0
    MMCM_X0Y2            MMCME4_ADV (Prop_MMCM_CLKIN1_CLKOUT0)
                                                      0.630    41.601 r  design_1_i/clk_wiz_0/inst/mmcme4_adv_inst/CLKOUT0
                         net (fo=1, routed)           0.214    41.815    design_1_i/clk_wiz_0/inst/clk25_design_1_clk_wiz_0_0
    BUFGCE_X0Y68         BUFGCE (Prop_BUFCE_BUFGCE_I_O)
                                                      0.024    41.839 r  design_1_i/clk_wiz_0/inst/clkout1_buf/O
    X0Y0 (CLOCK_ROOT)    net (fo=99, routed)          1.859    43.698    design_1_i/HDMI_TX_0/U0/i_wrap/pxClk
    SLICE_X36Y6          FDRE                                         r  design_1_i/HDMI_TX_0/U0/i_wrap/TMDS_2/i_Enc/qD_reg[0]/C
                         clock pessimism             -0.380    43.319    
                         clock uncertainty           -0.082    43.237    
    SLICE_X36Y6          FDRE (Setup_EFF_SLICEL_C_D)
                                                      0.025    43.262    design_1_i/HDMI_TX_0/U0/i_wrap/TMDS_2/i_Enc/qD_reg[0]
  -------------------------------------------------------------------
                         required time                         43.262    
                         arrival time                         -11.268    
  -------------------------------------------------------------------
                         slack                                 31.994    

Slack (MET) :             32.020ns  (required time - arrival time)
  Source:                 design_1_i/VideoTiming_0/inst/cntY_reg[9]/C
                            (rising edge-triggered cell FDRE clocked by clk25_design_1_clk_wiz_0_0  {rise@0.000ns fall@20.000ns period=40.000ns})
  Destination:            design_1_i/HDMI_TX_0/U0/i_wrap/TMDS_1/i_Enc/qD_reg[6]/D
                            (rising edge-triggered cell FDRE clocked by clk25_design_1_clk_wiz_0_0  {rise@0.000ns fall@20.000ns period=40.000ns})
  Path Group:             clk25_design_1_clk_wiz_0_0
  Path Type:              Setup (Max at Slow Process Corner)
  Requirement:            40.000ns  (clk25_design_1_clk_wiz_0_0 rise@40.000ns - clk25_design_1_clk_wiz_0_0 rise@0.000ns)
  Data Path Delay:        7.878ns  (logic 1.169ns (14.838%)  route 6.709ns (85.162%))
  Logic Levels:           10  (LUT3=1 LUT5=2 LUT6=7)
  Clock Path Skew:        -0.045ns (DCD - SCD + CPR)
    Destination Clock Delay (DCD):    3.697ns = ( 43.697 - 40.000 ) 
    Source Clock Delay      (SCD):    3.362ns
    Clock Pessimism Removal (CPR):    -0.380ns
  Clock Uncertainty:      0.082ns  ((TSJ^2 + DJ^2)^1/2) / 2 + PE
    Total System Jitter     (TSJ):    0.071ns
    Discrete Jitter          (DJ):    0.148ns
    Phase Error              (PE):    0.000ns
  Clock Net Delay (Source):      2.054ns (routing 1.172ns, distribution 0.882ns)
  Clock Net Delay (Destination): 1.858ns (routing 1.063ns, distribution 0.795ns)

    Location             Delay type                Incr(ns)  Path(ns)    Netlist Resource(s)
  -------------------------------------------------------------------    -------------------
                         (clock clk25_design_1_clk_wiz_0_0 rise edge)
                                                      0.000     0.000 r  
    D7                                                0.000     0.000 r  clk_100mhz_clk_p (IN)
                         net (fo=0)                   0.100     0.100    design_1_i/clk_wiz_0/inst/clkin1_ibufds/I
    HPIOBDIFFINBUF_X0Y60 DIFFINBUF (Prop_DIFFINBUF_HPIOBDIFFINBUF_DIFF_IN_P_O)
                                                      0.629     0.729 r  design_1_i/clk_wiz_0/inst/clkin1_ibufds/DIFFINBUF_INST/O
                         net (fo=1, routed)           0.050     0.779    design_1_i/clk_wiz_0/inst/clkin1_ibufds/OUT
    D7                   IBUFCTRL (Prop_IBUFCTRL_HPIOB_M_I_O)
                                                      0.000     0.779 r  design_1_i/clk_wiz_0/inst/clkin1_ibufds/IBUFCTRL_INST/O
                         net (fo=1, routed)           0.384     1.163    design_1_i/clk_wiz_0/inst/clk_in1_design_1_clk_wiz_0_0
    MMCM_X0Y2            MMCME4_ADV (Prop_MMCM_CLKIN1_CLKOUT0)
                                                     -0.127     1.036 r  design_1_i/clk_wiz_0/inst/mmcme4_adv_inst/CLKOUT0
                         net (fo=1, routed)           0.244     1.280    design_1_i/clk_wiz_0/inst/clk25_design_1_clk_wiz_0_0
    BUFGCE_X0Y68         BUFGCE (Prop_BUFCE_BUFGCE_I_O)
                                                      0.028     1.308 r  design_1_i/clk_wiz_0/inst/clkout1_buf/O
    X0Y0 (CLOCK_ROOT)    net (fo=99, routed)          2.054     3.362    design_1_i/VideoTiming_0/inst/pixClk
    SLICE_X32Y21         FDRE                                         r  design_1_i/VideoTiming_0/inst/cntY_reg[9]/C
  -------------------------------------------------------------------    -------------------
    SLICE_X32Y21         FDRE (Prop_EFF_SLICEL_C_Q)
                                                      0.079     3.441 f  design_1_i/VideoTiming_0/inst/cntY_reg[9]/Q
                         net (fo=106, routed)         1.976     5.417    design_1_i/ImgGen_0/inst/PosY[9]
    SLICE_X23Y14         LUT6 (Prop_H6LUT_SLICEL_I0_O)
                                                      0.150     5.567 r  design_1_i/ImgGen_0/inst/R[5]_INST_0_i_33/O
                         net (fo=12, routed)          0.330     5.898    design_1_i/ImgGen_0/inst/R[5]_INST_0_i_33_n_0
    SLICE_X21Y11         LUT5 (Prop_E6LUT_SLICEL_I2_O)
                                                      0.051     5.949 r  design_1_i/ImgGen_0/inst/R[5]_INST_0_i_27/O
                         net (fo=35, routed)          0.438     6.387    design_1_i/ImgGen_0/inst/R[5]_INST_0_i_27_n_0
    SLICE_X23Y15         LUT6 (Prop_E6LUT_SLICEL_I3_O)
                                                      0.147     6.534 r  design_1_i/ImgGen_0/inst/R[6]_INST_0_i_75/O
                         net (fo=40, routed)          0.332     6.866    design_1_i/ImgGen_0/inst/R[6]_INST_0_i_75_n_0
    SLICE_X21Y13         LUT5 (Prop_B5LUT_SLICEL_I2_O)
                                                      0.073     6.939 r  design_1_i/ImgGen_0/inst/R[5]_INST_0_i_17/O
                         net (fo=105, routed)         1.421     8.360    design_1_i/ImgGen_0/inst/PosY_1_sn_1
    SLICE_X30Y11         LUT3 (Prop_D5LUT_SLICEL_I0_O)
                                                      0.133     8.493 r  design_1_i/ImgGen_0/inst/R[6]_INST_0_i_63/O
                         net (fo=1, routed)           0.225     8.718    design_1_i/ImgGen_0/inst/R[6]_INST_0_i_63_n_0
    SLICE_X26Y11         LUT6 (Prop_A6LUT_SLICEL_I5_O)
                                                      0.050     8.768 r  design_1_i/ImgGen_0/inst/R[6]_INST_0_i_19/O
                         net (fo=1, routed)           0.245     9.013    design_1_i/ImgGen_0/inst/R[6]_INST_0_i_19_n_0
    SLICE_X27Y4          LUT6 (Prop_F6LUT_SLICEL_I0_O)
                                                      0.123     9.136 r  design_1_i/ImgGen_0/inst/R[6]_INST_0_i_5/O
                         net (fo=3, routed)           0.372     9.508    design_1_i/ImgGen_0/inst_n_126
    SLICE_X29Y6          LUT6 (Prop_B6LUT_SLICEM_I5_O)
                                                      0.149     9.657 r  design_1_i/ImgGen_0/B[6]_INST_0_i_6/O
                         net (fo=1, routed)           0.086     9.743    design_1_i/ImgGen_0/B[6]_INST_0_i_6_n_0
    SLICE_X29Y7          LUT6 (Prop_B6LUT_SLICEM_I5_O)
                                                      0.089     9.832 r  design_1_i/ImgGen_0/B[6]_INST_0_i_2/O
                         net (fo=1, routed)           0.209    10.041    design_1_i/ImgGen_0/B[6]_INST_0_i_2_n_0
    SLICE_X29Y7          LUT6 (Prop_H6LUT_SLICEM_I3_O)
                                                      0.125    10.166 r  design_1_i/ImgGen_0/B[6]_INST_0/O
                         net (fo=2, routed)           1.075    11.241    design_1_i/HDMI_TX_0/U0/i_wrap/G[6]
    SLICE_X36Y10         FDRE                                         r  design_1_i/HDMI_TX_0/U0/i_wrap/TMDS_1/i_Enc/qD_reg[6]/D
  -------------------------------------------------------------------    -------------------

                         (clock clk25_design_1_clk_wiz_0_0 rise edge)
                                                     40.000    40.000 r  
    D7                                                0.000    40.000 r  clk_100mhz_clk_p (IN)
                         net (fo=0)                   0.079    40.079    design_1_i/clk_wiz_0/inst/clkin1_ibufds/I
    HPIOBDIFFINBUF_X0Y60 DIFFINBUF (Prop_DIFFINBUF_HPIOBDIFFINBUF_DIFF_IN_P_O)
                                                      0.519    40.598 r  design_1_i/clk_wiz_0/inst/clkin1_ibufds/DIFFINBUF_INST/O
                         net (fo=1, routed)           0.040    40.638    design_1_i/clk_wiz_0/inst/clkin1_ibufds/OUT
    D7                   IBUFCTRL (Prop_IBUFCTRL_HPIOB_M_I_O)
                                                      0.000    40.638 r  design_1_i/clk_wiz_0/inst/clkin1_ibufds/IBUFCTRL_INST/O
                         net (fo=1, routed)           0.333    40.971    design_1_i/clk_wiz_0/inst/clk_in1_design_1_clk_wiz_0_0
    MMCM_X0Y2            MMCME4_ADV (Prop_MMCM_CLKIN1_CLKOUT0)
                                                      0.630    41.601 r  design_1_i/clk_wiz_0/inst/mmcme4_adv_inst/CLKOUT0
                         net (fo=1, routed)           0.214    41.815    design_1_i/clk_wiz_0/inst/clk25_design_1_clk_wiz_0_0
    BUFGCE_X0Y68         BUFGCE (Prop_BUFCE_BUFGCE_I_O)
                                                      0.024    41.839 r  design_1_i/clk_wiz_0/inst/clkout1_buf/O
    X0Y0 (CLOCK_ROOT)    net (fo=99, routed)          1.858    43.697    design_1_i/HDMI_TX_0/U0/i_wrap/pxClk
    SLICE_X36Y10         FDRE                                         r  design_1_i/HDMI_TX_0/U0/i_wrap/TMDS_1/i_Enc/qD_reg[6]/C
                         clock pessimism             -0.380    43.318    
                         clock uncertainty           -0.082    43.236    
    SLICE_X36Y10         FDRE (Setup_FFF_SLICEL_C_D)
                                                      0.025    43.261    design_1_i/HDMI_TX_0/U0/i_wrap/TMDS_1/i_Enc/qD_reg[6]
  -------------------------------------------------------------------
                         required time                         43.261    
                         arrival time                         -11.241    
  -------------------------------------------------------------------
                         slack                                 32.020    

Slack (MET) :             32.147ns  (required time - arrival time)
  Source:                 design_1_i/VideoTiming_0/inst/cntY_reg[9]/C
                            (rising edge-triggered cell FDRE clocked by clk25_design_1_clk_wiz_0_0  {rise@0.000ns fall@20.000ns period=40.000ns})
  Destination:            design_1_i/HDMI_TX_0/U0/i_wrap/TMDS_0/i_Enc/qD_reg[4]/D
                            (rising edge-triggered cell FDRE clocked by clk25_design_1_clk_wiz_0_0  {rise@0.000ns fall@20.000ns period=40.000ns})
  Path Group:             clk25_design_1_clk_wiz_0_0
  Path Type:              Setup (Max at Slow Process Corner)
  Requirement:            40.000ns  (clk25_design_1_clk_wiz_0_0 rise@40.000ns - clk25_design_1_clk_wiz_0_0 rise@0.000ns)
  Data Path Delay:        7.748ns  (logic 1.186ns (15.308%)  route 6.562ns (84.692%))
  Logic Levels:           9  (LUT4=1 LUT5=1 LUT6=7)
  Clock Path Skew:        -0.049ns (DCD - SCD + CPR)
    Destination Clock Delay (DCD):    3.693ns = ( 43.693 - 40.000 ) 
    Source Clock Delay      (SCD):    3.362ns
    Clock Pessimism Removal (CPR):    -0.380ns
  Clock Uncertainty:      0.082ns  ((TSJ^2 + DJ^2)^1/2) / 2 + PE
    Total System Jitter     (TSJ):    0.071ns
    Discrete Jitter          (DJ):    0.148ns
    Phase Error              (PE):    0.000ns
  Clock Net Delay (Source):      2.054ns (routing 1.172ns, distribution 0.882ns)
  Clock Net Delay (Destination): 1.854ns (routing 1.063ns, distribution 0.791ns)

    Location             Delay type                Incr(ns)  Path(ns)    Netlist Resource(s)
  -------------------------------------------------------------------    -------------------
                         (clock clk25_design_1_clk_wiz_0_0 rise edge)
                                                      0.000     0.000 r  
    D7                                                0.000     0.000 r  clk_100mhz_clk_p (IN)
                         net (fo=0)                   0.100     0.100    design_1_i/clk_wiz_0/inst/clkin1_ibufds/I
    HPIOBDIFFINBUF_X0Y60 DIFFINBUF (Prop_DIFFINBUF_HPIOBDIFFINBUF_DIFF_IN_P_O)
                                                      0.629     0.729 r  design_1_i/clk_wiz_0/inst/clkin1_ibufds/DIFFINBUF_INST/O
                         net (fo=1, routed)           0.050     0.779    design_1_i/clk_wiz_0/inst/clkin1_ibufds/OUT
    D7                   IBUFCTRL (Prop_IBUFCTRL_HPIOB_M_I_O)
                                                      0.000     0.779 r  design_1_i/clk_wiz_0/inst/clkin1_ibufds/IBUFCTRL_INST/O
                         net (fo=1, routed)           0.384     1.163    design_1_i/clk_wiz_0/inst/clk_in1_design_1_clk_wiz_0_0
    MMCM_X0Y2            MMCME4_ADV (Prop_MMCM_CLKIN1_CLKOUT0)
                                                     -0.127     1.036 r  design_1_i/clk_wiz_0/inst/mmcme4_adv_inst/CLKOUT0
                         net (fo=1, routed)           0.244     1.280    design_1_i/clk_wiz_0/inst/clk25_design_1_clk_wiz_0_0
    BUFGCE_X0Y68         BUFGCE (Prop_BUFCE_BUFGCE_I_O)
                                                      0.028     1.308 r  design_1_i/clk_wiz_0/inst/clkout1_buf/O
    X0Y0 (CLOCK_ROOT)    net (fo=99, routed)          2.054     3.362    design_1_i/VideoTiming_0/inst/pixClk
    SLICE_X32Y21         FDRE                                         r  design_1_i/VideoTiming_0/inst/cntY_reg[9]/C
  -------------------------------------------------------------------    -------------------
    SLICE_X32Y21         FDRE (Prop_EFF_SLICEL_C_Q)
                                                      0.079     3.441 f  design_1_i/VideoTiming_0/inst/cntY_reg[9]/Q
                         net (fo=106, routed)         1.976     5.417    design_1_i/ImgGen_0/inst/PosY[9]
    SLICE_X23Y14         LUT6 (Prop_H6LUT_SLICEL_I0_O)
                                                      0.150     5.567 r  design_1_i/ImgGen_0/inst/R[5]_INST_0_i_33/O
                         net (fo=12, routed)          0.223     5.790    design_1_i/ImgGen_0/inst/R[5]_INST_0_i_33_n_0
    SLICE_X22Y13         LUT4 (Prop_C6LUT_SLICEL_I3_O)
                                                      0.088     5.878 r  design_1_i/ImgGen_0/inst/R[5]_INST_0_i_21/O
                         net (fo=10, routed)          0.256     6.134    design_1_i/ImgGen_0/inst/R[5]_INST_0_i_21_n_0
    SLICE_X22Y16         LUT6 (Prop_E6LUT_SLICEL_I0_O)
                                                      0.123     6.257 f  design_1_i/ImgGen_0/inst/R[5]_INST_0_i_8/O
                         net (fo=463, routed)         1.977     8.234    design_1_i/ImgGen_0/inst/PosX_5_sn_1
    SLICE_X33Y1          LUT5 (Prop_D5LUT_SLICEL_I4_O)
                                                      0.110     8.344 r  design_1_i/ImgGen_0/inst/R[6]_INST_0_i_188/O
                         net (fo=1, routed)           0.172     8.516    design_1_i/ImgGen_0/inst/R[6]_INST_0_i_188_n_0
    SLICE_X33Y2          LUT6 (Prop_G6LUT_SLICEL_I0_O)
                                                      0.123     8.639 r  design_1_i/ImgGen_0/inst/R[6]_INST_0_i_90/O
                         net (fo=1, routed)           0.182     8.821    design_1_i/ImgGen_0/inst/R[6]_INST_0_i_90_n_0
    SLICE_X33Y2          LUT6 (Prop_D6LUT_SLICEL_I4_O)
                                                      0.122     8.943 r  design_1_i/ImgGen_0/inst/R[6]_INST_0_i_31/O
                         net (fo=7, routed)           0.440     9.383    design_1_i/ImgGen_0/inst/PosX[5]_4
    SLICE_X31Y8          LUT6 (Prop_D6LUT_SLICEM_I1_O)
                                                      0.122     9.505 r  design_1_i/ImgGen_0/inst/R[4]_INST_0_i_12/O
                         net (fo=1, routed)           0.052     9.557    design_1_i/ImgGen_0/inst/R[4]_INST_0_i_12_n_0
    SLICE_X31Y8          LUT6 (Prop_C6LUT_SLICEM_I4_O)
                                                      0.145     9.702 r  design_1_i/ImgGen_0/inst/R[4]_INST_0_i_2/O
                         net (fo=2, routed)           0.187     9.889    design_1_i/ImgGen_0/inst_n_18
    SLICE_X30Y8          LUT6 (Prop_H6LUT_SLICEL_I3_O)
                                                      0.124    10.013 r  design_1_i/ImgGen_0/B[4]_INST_0/O
                         net (fo=2, routed)           1.097    11.110    design_1_i/HDMI_TX_0/U0/i_wrap/B[4]
    SLICE_X36Y16         FDRE                                         r  design_1_i/HDMI_TX_0/U0/i_wrap/TMDS_0/i_Enc/qD_reg[4]/D
  -------------------------------------------------------------------    -------------------

                         (clock clk25_design_1_clk_wiz_0_0 rise edge)
                                                     40.000    40.000 r  
    D7                                                0.000    40.000 r  clk_100mhz_clk_p (IN)
                         net (fo=0)                   0.079    40.079    design_1_i/clk_wiz_0/inst/clkin1_ibufds/I
    HPIOBDIFFINBUF_X0Y60 DIFFINBUF (Prop_DIFFINBUF_HPIOBDIFFINBUF_DIFF_IN_P_O)
                                                      0.519    40.598 r  design_1_i/clk_wiz_0/inst/clkin1_ibufds/DIFFINBUF_INST/O
                         net (fo=1, routed)           0.040    40.638    design_1_i/clk_wiz_0/inst/clkin1_ibufds/OUT
    D7                   IBUFCTRL (Prop_IBUFCTRL_HPIOB_M_I_O)
                                                      0.000    40.638 r  design_1_i/clk_wiz_0/inst/clkin1_ibufds/IBUFCTRL_INST/O
                         net (fo=1, routed)           0.333    40.971    design_1_i/clk_wiz_0/inst/clk_in1_design_1_clk_wiz_0_0
    MMCM_X0Y2            MMCME4_ADV (Prop_MMCM_CLKIN1_CLKOUT0)
                                                      0.630    41.601 r  design_1_i/clk_wiz_0/inst/mmcme4_adv_inst/CLKOUT0
                         net (fo=1, routed)           0.214    41.815    design_1_i/clk_wiz_0/inst/clk25_design_1_clk_wiz_0_0
    BUFGCE_X0Y68         BUFGCE (Prop_BUFCE_BUFGCE_I_O)
                                                      0.024    41.839 r  design_1_i/clk_wiz_0/inst/clkout1_buf/O
    X0Y0 (CLOCK_ROOT)    net (fo=99, routed)          1.854    43.693    design_1_i/HDMI_TX_0/U0/i_wrap/pxClk
    SLICE_X36Y16         FDRE                                         r  design_1_i/HDMI_TX_0/U0/i_wrap/TMDS_0/i_Enc/qD_reg[4]/C
                         clock pessimism             -0.380    43.314    
                         clock uncertainty           -0.082    43.232    
    SLICE_X36Y16         FDRE (Setup_FFF_SLICEL_C_D)
                                                      0.025    43.257    design_1_i/HDMI_TX_0/U0/i_wrap/TMDS_0/i_Enc/qD_reg[4]
  -------------------------------------------------------------------
                         required time                         43.257    
                         arrival time                         -11.110    
  -------------------------------------------------------------------
                         slack                                 32.147    

Slack (MET) :             32.181ns  (required time - arrival time)
  Source:                 design_1_i/VideoTiming_0/inst/cntY_reg[9]/C
                            (rising edge-triggered cell FDRE clocked by clk25_design_1_clk_wiz_0_0  {rise@0.000ns fall@20.000ns period=40.000ns})
  Destination:            design_1_i/HDMI_TX_0/U0/i_wrap/TMDS_0/i_Enc/qD_reg[7]/D
                            (rising edge-triggered cell FDRE clocked by clk25_design_1_clk_wiz_0_0  {rise@0.000ns fall@20.000ns period=40.000ns})
  Path Group:             clk25_design_1_clk_wiz_0_0
  Path Type:              Setup (Max at Slow Process Corner)
  Requirement:            40.000ns  (clk25_design_1_clk_wiz_0_0 rise@40.000ns - clk25_design_1_clk_wiz_0_0 rise@0.000ns)
  Data Path Delay:        7.757ns  (logic 1.225ns (15.792%)  route 6.532ns (84.208%))
  Logic Levels:           10  (LUT2=1 LUT4=1 LUT5=1 LUT6=7)
  Clock Path Skew:        -0.005ns (DCD - SCD + CPR)
    Destination Clock Delay (DCD):    3.737ns = ( 43.737 - 40.000 ) 
    Source Clock Delay      (SCD):    3.362ns
    Clock Pessimism Removal (CPR):    -0.380ns
  Clock Uncertainty:      0.082ns  ((TSJ^2 + DJ^2)^1/2) / 2 + PE
    Total System Jitter     (TSJ):    0.071ns
    Discrete Jitter          (DJ):    0.148ns
    Phase Error              (PE):    0.000ns
  Clock Net Delay (Source):      2.054ns (routing 1.172ns, distribution 0.882ns)
  Clock Net Delay (Destination): 1.898ns (routing 1.063ns, distribution 0.835ns)

    Location             Delay type                Incr(ns)  Path(ns)    Netlist Resource(s)
  -------------------------------------------------------------------    -------------------
                         (clock clk25_design_1_clk_wiz_0_0 rise edge)
                                                      0.000     0.000 r  
    D7                                                0.000     0.000 r  clk_100mhz_clk_p (IN)
                         net (fo=0)                   0.100     0.100    design_1_i/clk_wiz_0/inst/clkin1_ibufds/I
    HPIOBDIFFINBUF_X0Y60 DIFFINBUF (Prop_DIFFINBUF_HPIOBDIFFINBUF_DIFF_IN_P_O)
                                                      0.629     0.729 r  design_1_i/clk_wiz_0/inst/clkin1_ibufds/DIFFINBUF_INST/O
                         net (fo=1, routed)           0.050     0.779    design_1_i/clk_wiz_0/inst/clkin1_ibufds/OUT
    D7                   IBUFCTRL (Prop_IBUFCTRL_HPIOB_M_I_O)
                                                      0.000     0.779 r  design_1_i/clk_wiz_0/inst/clkin1_ibufds/IBUFCTRL_INST/O
                         net (fo=1, routed)           0.384     1.163    design_1_i/clk_wiz_0/inst/clk_in1_design_1_clk_wiz_0_0
    MMCM_X0Y2            MMCME4_ADV (Prop_MMCM_CLKIN1_CLKOUT0)
                                                     -0.127     1.036 r  design_1_i/clk_wiz_0/inst/mmcme4_adv_inst/CLKOUT0
                         net (fo=1, routed)           0.244     1.280    design_1_i/clk_wiz_0/inst/clk25_design_1_clk_wiz_0_0
    BUFGCE_X0Y68         BUFGCE (Prop_BUFCE_BUFGCE_I_O)
                                                      0.028     1.308 r  design_1_i/clk_wiz_0/inst/clkout1_buf/O
    X0Y0 (CLOCK_ROOT)    net (fo=99, routed)          2.054     3.362    design_1_i/VideoTiming_0/inst/pixClk
    SLICE_X32Y21         FDRE                                         r  design_1_i/VideoTiming_0/inst/cntY_reg[9]/C
  -------------------------------------------------------------------    -------------------
    SLICE_X32Y21         FDRE (Prop_EFF_SLICEL_C_Q)
                                                      0.079     3.441 f  design_1_i/VideoTiming_0/inst/cntY_reg[9]/Q
                         net (fo=106, routed)         1.976     5.417    design_1_i/ImgGen_0/inst/PosY[9]
    SLICE_X23Y14         LUT6 (Prop_H6LUT_SLICEL_I0_O)
                                                      0.150     5.567 r  design_1_i/ImgGen_0/inst/R[5]_INST_0_i_33/O
                         net (fo=12, routed)          0.223     5.790    design_1_i/ImgGen_0/inst/R[5]_INST_0_i_33_n_0
    SLICE_X22Y13         LUT4 (Prop_C6LUT_SLICEL_I3_O)
                                                      0.088     5.878 r  design_1_i/ImgGen_0/inst/R[5]_INST_0_i_21/O
                         net (fo=10, routed)          0.256     6.134    design_1_i/ImgGen_0/inst/R[5]_INST_0_i_21_n_0
    SLICE_X22Y16         LUT6 (Prop_E6LUT_SLICEL_I0_O)
                                                      0.123     6.257 r  design_1_i/ImgGen_0/inst/R[5]_INST_0_i_8/O
                         net (fo=463, routed)         1.896     8.153    design_1_i/ImgGen_0/inst/PosX_5_sn_1
    SLICE_X30Y17         LUT6 (Prop_F6LUT_SLICEL_I0_O)
                                                      0.049     8.202 r  design_1_i/ImgGen_0/inst/R[7]_INST_0_i_70/O
                         net (fo=3, routed)           0.058     8.260    design_1_i/ImgGen_0/inst/R[7]_INST_0_i_70_n_0
    SLICE_X30Y17         LUT6 (Prop_B6LUT_SLICEL_I5_O)
                                                      0.148     8.408 f  design_1_i/ImgGen_0/inst/R[6]_INST_0_i_93/O
                         net (fo=1, routed)           0.088     8.496    design_1_i/ImgGen_0/inst/R[6]_INST_0_i_93_n_0
    SLICE_X30Y18         LUT6 (Prop_H6LUT_SLICEL_I1_O)
                                                      0.099     8.595 f  design_1_i/ImgGen_0/inst/R[6]_INST_0_i_32/O
                         net (fo=11, routed)          0.342     8.937    design_1_i/ImgGen_0/inst/PosX[4]_8
    SLICE_X34Y16         LUT5 (Prop_D5LUT_SLICEM_I4_O)
                                                      0.066     9.003 f  design_1_i/ImgGen_0/inst/R[7]_INST_0_i_29/O
                         net (fo=1, routed)           0.285     9.288    design_1_i/ImgGen_0/inst/R[7]_INST_0_i_29_n_0
    SLICE_X32Y15         LUT6 (Prop_F6LUT_SLICEL_I1_O)
                                                      0.148     9.436 r  design_1_i/ImgGen_0/inst/R[7]_INST_0_i_7/O
                         net (fo=1, routed)           0.420     9.856    design_1_i/ImgGen_0/inst/R[7]_INST_0_i_7_n_0
    SLICE_X34Y11         LUT6 (Prop_H6LUT_SLICEM_I5_O)
                                                      0.152    10.008 r  design_1_i/ImgGen_0/inst/R[7]_INST_0_i_1/O
                         net (fo=2, routed)           0.315    10.323    design_1_i/ImgGen_0/inst_n_16
    SLICE_X36Y9          LUT2 (Prop_F6LUT_SLICEL_I0_O)
                                                      0.123    10.446 r  design_1_i/ImgGen_0/B[7]_INST_0/O
                         net (fo=2, routed)           0.674    11.119    design_1_i/HDMI_TX_0/U0/i_wrap/B[7]
    SLICE_X38Y15         FDRE                                         r  design_1_i/HDMI_TX_0/U0/i_wrap/TMDS_0/i_Enc/qD_reg[7]/D
  -------------------------------------------------------------------    -------------------

                         (clock clk25_design_1_clk_wiz_0_0 rise edge)
                                                     40.000    40.000 r  
    D7                                                0.000    40.000 r  clk_100mhz_clk_p (IN)
                         net (fo=0)                   0.079    40.079    design_1_i/clk_wiz_0/inst/clkin1_ibufds/I
    HPIOBDIFFINBUF_X0Y60 DIFFINBUF (Prop_DIFFINBUF_HPIOBDIFFINBUF_DIFF_IN_P_O)
                                                      0.519    40.598 r  design_1_i/clk_wiz_0/inst/clkin1_ibufds/DIFFINBUF_INST/O
                         net (fo=1, routed)           0.040    40.638    design_1_i/clk_wiz_0/inst/clkin1_ibufds/OUT
    D7                   IBUFCTRL (Prop_IBUFCTRL_HPIOB_M_I_O)
                                                      0.000    40.638 r  design_1_i/clk_wiz_0/inst/clkin1_ibufds/IBUFCTRL_INST/O
                         net (fo=1, routed)           0.333    40.971    design_1_i/clk_wiz_0/inst/clk_in1_design_1_clk_wiz_0_0
    MMCM_X0Y2            MMCME4_ADV (Prop_MMCM_CLKIN1_CLKOUT0)
                                                      0.630    41.601 r  design_1_i/clk_wiz_0/inst/mmcme4_adv_inst/CLKOUT0
                         net (fo=1, routed)           0.214    41.815    design_1_i/clk_wiz_0/inst/clk25_design_1_clk_wiz_0_0
    BUFGCE_X0Y68         BUFGCE (Prop_BUFCE_BUFGCE_I_O)
                                                      0.024    41.839 r  design_1_i/clk_wiz_0/inst/clkout1_buf/O
    X0Y0 (CLOCK_ROOT)    net (fo=99, routed)          1.898    43.737    design_1_i/HDMI_TX_0/U0/i_wrap/pxClk
    SLICE_X38Y15         FDRE                                         r  design_1_i/HDMI_TX_0/U0/i_wrap/TMDS_0/i_Enc/qD_reg[7]/C
                         clock pessimism             -0.380    43.357    
                         clock uncertainty           -0.082    43.275    
    SLICE_X38Y15         FDRE (Setup_EFF_SLICEL_C_D)
                                                      0.025    43.300    design_1_i/HDMI_TX_0/U0/i_wrap/TMDS_0/i_Enc/qD_reg[7]
  -------------------------------------------------------------------
                         required time                         43.300    
                         arrival time                         -11.119    
  -------------------------------------------------------------------
                         slack                                 32.181    

Slack (MET) :             32.287ns  (required time - arrival time)
  Source:                 design_1_i/VideoTiming_0/inst/cntY_reg[9]/C
                            (rising edge-triggered cell FDRE clocked by clk25_design_1_clk_wiz_0_0  {rise@0.000ns fall@20.000ns period=40.000ns})
  Destination:            design_1_i/HDMI_TX_0/U0/i_wrap/TMDS_1/i_Enc/qD_reg[4]/D
                            (rising edge-triggered cell FDRE clocked by clk25_design_1_clk_wiz_0_0  {rise@0.000ns fall@20.000ns period=40.000ns})
  Path Group:             clk25_design_1_clk_wiz_0_0
  Path Type:              Setup (Max at Slow Process Corner)
  Requirement:            40.000ns  (clk25_design_1_clk_wiz_0_0 rise@40.000ns - clk25_design_1_clk_wiz_0_0 rise@0.000ns)
  Data Path Delay:        7.607ns  (logic 1.186ns (15.591%)  route 6.421ns (84.409%))
  Logic Levels:           9  (LUT4=1 LUT5=1 LUT6=7)
  Clock Path Skew:        -0.049ns (DCD - SCD + CPR)
    Destination Clock Delay (DCD):    3.693ns = ( 43.693 - 40.000 ) 
    Source Clock Delay      (SCD):    3.362ns
    Clock Pessimism Removal (CPR):    -0.380ns
  Clock Uncertainty:      0.082ns  ((TSJ^2 + DJ^2)^1/2) / 2 + PE
    Total System Jitter     (TSJ):    0.071ns
    Discrete Jitter          (DJ):    0.148ns
    Phase Error              (PE):    0.000ns
  Clock Net Delay (Source):      2.054ns (routing 1.172ns, distribution 0.882ns)
  Clock Net Delay (Destination): 1.854ns (routing 1.063ns, distribution 0.791ns)

    Location             Delay type                Incr(ns)  Path(ns)    Netlist Resource(s)
  -------------------------------------------------------------------    -------------------
                         (clock clk25_design_1_clk_wiz_0_0 rise edge)
                                                      0.000     0.000 r  
    D7                                                0.000     0.000 r  clk_100mhz_clk_p (IN)
                         net (fo=0)                   0.100     0.100    design_1_i/clk_wiz_0/inst/clkin1_ibufds/I
    HPIOBDIFFINBUF_X0Y60 DIFFINBUF (Prop_DIFFINBUF_HPIOBDIFFINBUF_DIFF_IN_P_O)
                                                      0.629     0.729 r  design_1_i/clk_wiz_0/inst/clkin1_ibufds/DIFFINBUF_INST/O
                         net (fo=1, routed)           0.050     0.779    design_1_i/clk_wiz_0/inst/clkin1_ibufds/OUT
    D7                   IBUFCTRL (Prop_IBUFCTRL_HPIOB_M_I_O)
                                                      0.000     0.779 r  design_1_i/clk_wiz_0/inst/clkin1_ibufds/IBUFCTRL_INST/O
                         net (fo=1, routed)           0.384     1.163    design_1_i/clk_wiz_0/inst/clk_in1_design_1_clk_wiz_0_0
    MMCM_X0Y2            MMCME4_ADV (Prop_MMCM_CLKIN1_CLKOUT0)
                                                     -0.127     1.036 r  design_1_i/clk_wiz_0/inst/mmcme4_adv_inst/CLKOUT0
                         net (fo=1, routed)           0.244     1.280    design_1_i/clk_wiz_0/inst/clk25_design_1_clk_wiz_0_0
    BUFGCE_X0Y68         BUFGCE (Prop_BUFCE_BUFGCE_I_O)
                                                      0.028     1.308 r  design_1_i/clk_wiz_0/inst/clkout1_buf/O
    X0Y0 (CLOCK_ROOT)    net (fo=99, routed)          2.054     3.362    design_1_i/VideoTiming_0/inst/pixClk
    SLICE_X32Y21         FDRE                                         r  design_1_i/VideoTiming_0/inst/cntY_reg[9]/C
  -------------------------------------------------------------------    -------------------
    SLICE_X32Y21         FDRE (Prop_EFF_SLICEL_C_Q)
                                                      0.079     3.441 f  design_1_i/VideoTiming_0/inst/cntY_reg[9]/Q
                         net (fo=106, routed)         1.976     5.417    design_1_i/ImgGen_0/inst/PosY[9]
    SLICE_X23Y14         LUT6 (Prop_H6LUT_SLICEL_I0_O)
                                                      0.150     5.567 r  design_1_i/ImgGen_0/inst/R[5]_INST_0_i_33/O
                         net (fo=12, routed)          0.223     5.790    design_1_i/ImgGen_0/inst/R[5]_INST_0_i_33_n_0
    SLICE_X22Y13         LUT4 (Prop_C6LUT_SLICEL_I3_O)
                                                      0.088     5.878 r  design_1_i/ImgGen_0/inst/R[5]_INST_0_i_21/O
                         net (fo=10, routed)          0.256     6.134    design_1_i/ImgGen_0/inst/R[5]_INST_0_i_21_n_0
    SLICE_X22Y16         LUT6 (Prop_E6LUT_SLICEL_I0_O)
                                                      0.123     6.257 f  design_1_i/ImgGen_0/inst/R[5]_INST_0_i_8/O
                         net (fo=463, routed)         1.977     8.234    design_1_i/ImgGen_0/inst/PosX_5_sn_1
    SLICE_X33Y1          LUT5 (Prop_D5LUT_SLICEL_I4_O)
                                                      0.110     8.344 r  design_1_i/ImgGen_0/inst/R[6]_INST_0_i_188/O
                         net (fo=1, routed)           0.172     8.516    design_1_i/ImgGen_0/inst/R[6]_INST_0_i_188_n_0
    SLICE_X33Y2          LUT6 (Prop_G6LUT_SLICEL_I0_O)
                                                      0.123     8.639 r  design_1_i/ImgGen_0/inst/R[6]_INST_0_i_90/O
                         net (fo=1, routed)           0.182     8.821    design_1_i/ImgGen_0/inst/R[6]_INST_0_i_90_n_0
    SLICE_X33Y2          LUT6 (Prop_D6LUT_SLICEL_I4_O)
                                                      0.122     8.943 r  design_1_i/ImgGen_0/inst/R[6]_INST_0_i_31/O
                         net (fo=7, routed)           0.440     9.383    design_1_i/ImgGen_0/inst/PosX[5]_4
    SLICE_X31Y8          LUT6 (Prop_D6LUT_SLICEM_I1_O)
                                                      0.122     9.505 r  design_1_i/ImgGen_0/inst/R[4]_INST_0_i_12/O
                         net (fo=1, routed)           0.052     9.557    design_1_i/ImgGen_0/inst/R[4]_INST_0_i_12_n_0
    SLICE_X31Y8          LUT6 (Prop_C6LUT_SLICEM_I4_O)
                                                      0.145     9.702 r  design_1_i/ImgGen_0/inst/R[4]_INST_0_i_2/O
                         net (fo=2, routed)           0.187     9.889    design_1_i/ImgGen_0/inst_n_18
    SLICE_X30Y8          LUT6 (Prop_H6LUT_SLICEL_I3_O)
                                                      0.124    10.013 r  design_1_i/ImgGen_0/B[4]_INST_0/O
                         net (fo=2, routed)           0.956    10.969    design_1_i/HDMI_TX_0/U0/i_wrap/G[4]
    SLICE_X36Y16         FDRE                                         r  design_1_i/HDMI_TX_0/U0/i_wrap/TMDS_1/i_Enc/qD_reg[4]/D
  -------------------------------------------------------------------    -------------------

                         (clock clk25_design_1_clk_wiz_0_0 rise edge)
                                                     40.000    40.000 r  
    D7                                                0.000    40.000 r  clk_100mhz_clk_p (IN)
                         net (fo=0)                   0.079    40.079    design_1_i/clk_wiz_0/inst/clkin1_ibufds/I
    HPIOBDIFFINBUF_X0Y60 DIFFINBUF (Prop_DIFFINBUF_HPIOBDIFFINBUF_DIFF_IN_P_O)
                                                      0.519    40.598 r  design_1_i/clk_wiz_0/inst/clkin1_ibufds/DIFFINBUF_INST/O
                         net (fo=1, routed)           0.040    40.638    design_1_i/clk_wiz_0/inst/clkin1_ibufds/OUT
    D7                   IBUFCTRL (Prop_IBUFCTRL_HPIOB_M_I_O)
                                                      0.000    40.638 r  design_1_i/clk_wiz_0/inst/clkin1_ibufds/IBUFCTRL_INST/O
                         net (fo=1, routed)           0.333    40.971    design_1_i/clk_wiz_0/inst/clk_in1_design_1_clk_wiz_0_0
    MMCM_X0Y2            MMCME4_ADV (Prop_MMCM_CLKIN1_CLKOUT0)
                                                      0.630    41.601 r  design_1_i/clk_wiz_0/inst/mmcme4_adv_inst/CLKOUT0
                         net (fo=1, routed)           0.214    41.815    design_1_i/clk_wiz_0/inst/clk25_design_1_clk_wiz_0_0
    BUFGCE_X0Y68         BUFGCE (Prop_BUFCE_BUFGCE_I_O)
                                                      0.024    41.839 r  design_1_i/clk_wiz_0/inst/clkout1_buf/O
    X0Y0 (CLOCK_ROOT)    net (fo=99, routed)          1.854    43.693    design_1_i/HDMI_TX_0/U0/i_wrap/pxClk
    SLICE_X36Y16         FDRE                                         r  design_1_i/HDMI_TX_0/U0/i_wrap/TMDS_1/i_Enc/qD_reg[4]/C
                         clock pessimism             -0.380    43.314    
                         clock uncertainty           -0.082    43.232    
    SLICE_X36Y16         FDRE (Setup_HFF_SLICEL_C_D)
                                                      0.025    43.257    design_1_i/HDMI_TX_0/U0/i_wrap/TMDS_1/i_Enc/qD_reg[4]
  -------------------------------------------------------------------
                         required time                         43.257    
                         arrival time                         -10.969    
  -------------------------------------------------------------------
                         slack                                 32.287    

Slack (MET) :             32.359ns  (required time - arrival time)
  Source:                 design_1_i/VideoTiming_0/inst/cntY_reg[9]/C
                            (rising edge-triggered cell FDRE clocked by clk25_design_1_clk_wiz_0_0  {rise@0.000ns fall@20.000ns period=40.000ns})
  Destination:            design_1_i/HDMI_TX_0/U0/i_wrap/TMDS_0/i_Enc/qD_reg[0]/D
                            (rising edge-triggered cell FDRE clocked by clk25_design_1_clk_wiz_0_0  {rise@0.000ns fall@20.000ns period=40.000ns})
  Path Group:             clk25_design_1_clk_wiz_0_0
  Path Type:              Setup (Max at Slow Process Corner)
  Requirement:            40.000ns  (clk25_design_1_clk_wiz_0_0 rise@40.000ns - clk25_design_1_clk_wiz_0_0 rise@0.000ns)
  Data Path Delay:        7.541ns  (logic 1.017ns (13.487%)  route 6.524ns (86.513%))
  Logic Levels:           9  (LUT2=1 LUT4=1 LUT6=7)
  Clock Path Skew:        -0.044ns (DCD - SCD + CPR)
    Destination Clock Delay (DCD):    3.698ns = ( 43.698 - 40.000 ) 
    Source Clock Delay      (SCD):    3.362ns
    Clock Pessimism Removal (CPR):    -0.380ns
  Clock Uncertainty:      0.082ns  ((TSJ^2 + DJ^2)^1/2) / 2 + PE
    Total System Jitter     (TSJ):    0.071ns
    Discrete Jitter          (DJ):    0.148ns
    Phase Error              (PE):    0.000ns
  Clock Net Delay (Source):      2.054ns (routing 1.172ns, distribution 0.882ns)
  Clock Net Delay (Destination): 1.859ns (routing 1.063ns, distribution 0.796ns)

    Location             Delay type                Incr(ns)  Path(ns)    Netlist Resource(s)
  -------------------------------------------------------------------    -------------------
                         (clock clk25_design_1_clk_wiz_0_0 rise edge)
                                                      0.000     0.000 r  
    D7                                                0.000     0.000 r  clk_100mhz_clk_p (IN)
                         net (fo=0)                   0.100     0.100    design_1_i/clk_wiz_0/inst/clkin1_ibufds/I
    HPIOBDIFFINBUF_X0Y60 DIFFINBUF (Prop_DIFFINBUF_HPIOBDIFFINBUF_DIFF_IN_P_O)
                                                      0.629     0.729 r  design_1_i/clk_wiz_0/inst/clkin1_ibufds/DIFFINBUF_INST/O
                         net (fo=1, routed)           0.050     0.779    design_1_i/clk_wiz_0/inst/clkin1_ibufds/OUT
    D7                   IBUFCTRL (Prop_IBUFCTRL_HPIOB_M_I_O)
                                                      0.000     0.779 r  design_1_i/clk_wiz_0/inst/clkin1_ibufds/IBUFCTRL_INST/O
                         net (fo=1, routed)           0.384     1.163    design_1_i/clk_wiz_0/inst/clk_in1_design_1_clk_wiz_0_0
    MMCM_X0Y2            MMCME4_ADV (Prop_MMCM_CLKIN1_CLKOUT0)
                                                     -0.127     1.036 r  design_1_i/clk_wiz_0/inst/mmcme4_adv_inst/CLKOUT0
                         net (fo=1, routed)           0.244     1.280    design_1_i/clk_wiz_0/inst/clk25_design_1_clk_wiz_0_0
    BUFGCE_X0Y68         BUFGCE (Prop_BUFCE_BUFGCE_I_O)
                                                      0.028     1.308 r  design_1_i/clk_wiz_0/inst/clkout1_buf/O
    X0Y0 (CLOCK_ROOT)    net (fo=99, routed)          2.054     3.362    design_1_i/VideoTiming_0/inst/pixClk
    SLICE_X32Y21         FDRE                                         r  design_1_i/VideoTiming_0/inst/cntY_reg[9]/C
  -------------------------------------------------------------------    -------------------
    SLICE_X32Y21         FDRE (Prop_EFF_SLICEL_C_Q)
                                                      0.079     3.441 f  design_1_i/VideoTiming_0/inst/cntY_reg[9]/Q
                         net (fo=106, routed)         1.976     5.417    design_1_i/ImgGen_0/inst/PosY[9]
    SLICE_X23Y14         LUT6 (Prop_H6LUT_SLICEL_I0_O)
                                                      0.150     5.567 r  design_1_i/ImgGen_0/inst/R[5]_INST_0_i_33/O
                         net (fo=12, routed)          0.223     5.790    design_1_i/ImgGen_0/inst/R[5]_INST_0_i_33_n_0
    SLICE_X22Y13         LUT4 (Prop_C6LUT_SLICEL_I3_O)
                                                      0.088     5.878 r  design_1_i/ImgGen_0/inst/R[5]_INST_0_i_21/O
                         net (fo=10, routed)          0.256     6.134    design_1_i/ImgGen_0/inst/R[5]_INST_0_i_21_n_0
    SLICE_X22Y16         LUT6 (Prop_E6LUT_SLICEL_I0_O)
                                                      0.123     6.257 r  design_1_i/ImgGen_0/inst/R[5]_INST_0_i_8/O
                         net (fo=463, routed)         1.896     8.153    design_1_i/ImgGen_0/inst/PosX_5_sn_1
    SLICE_X30Y17         LUT6 (Prop_F6LUT_SLICEL_I0_O)
                                                      0.049     8.202 f  design_1_i/ImgGen_0/inst/R[7]_INST_0_i_70/O
                         net (fo=3, routed)           0.058     8.260    design_1_i/ImgGen_0/inst/R[7]_INST_0_i_70_n_0
    SLICE_X30Y17         LUT6 (Prop_B6LUT_SLICEL_I5_O)
                                                      0.148     8.408 r  design_1_i/ImgGen_0/inst/R[6]_INST_0_i_93/O
                         net (fo=1, routed)           0.088     8.496    design_1_i/ImgGen_0/inst/R[6]_INST_0_i_93_n_0
    SLICE_X30Y18         LUT6 (Prop_H6LUT_SLICEL_I1_O)
                                                      0.099     8.595 r  design_1_i/ImgGen_0/inst/R[6]_INST_0_i_32/O
                         net (fo=11, routed)          0.986     9.581    design_1_i/ImgGen_0/inst/PosX[4]_8
    SLICE_X36Y9          LUT2 (Prop_D6LUT_SLICEL_I1_O)
                                                      0.122     9.703 f  design_1_i/ImgGen_0/inst/B[0]_INST_0_i_4/O
                         net (fo=3, routed)           0.380    10.084    design_1_i/ImgGen_0/inst_n_114
    SLICE_X30Y10         LUT6 (Prop_C6LUT_SLICEL_I5_O)
                                                      0.123    10.207 r  design_1_i/ImgGen_0/B[0]_INST_0_i_1/O
                         net (fo=1, routed)           0.041    10.248    design_1_i/ImgGen_0/B[0]_INST_0_i_1_n_0
    SLICE_X30Y10         LUT6 (Prop_D6LUT_SLICEL_I3_O)
                                                      0.036    10.284 r  design_1_i/ImgGen_0/B[0]_INST_0/O
                         net (fo=4, routed)           0.620    10.903    design_1_i/HDMI_TX_0/U0/i_wrap/B[0]
    SLICE_X37Y17         FDRE                                         r  design_1_i/HDMI_TX_0/U0/i_wrap/TMDS_0/i_Enc/qD_reg[0]/D
  -------------------------------------------------------------------    -------------------

                         (clock clk25_design_1_clk_wiz_0_0 rise edge)
                                                     40.000    40.000 r  
    D7                                                0.000    40.000 r  clk_100mhz_clk_p (IN)
                         net (fo=0)                   0.079    40.079    design_1_i/clk_wiz_0/inst/clkin1_ibufds/I
    HPIOBDIFFINBUF_X0Y60 DIFFINBUF (Prop_DIFFINBUF_HPIOBDIFFINBUF_DIFF_IN_P_O)
                                                      0.519    40.598 r  design_1_i/clk_wiz_0/inst/clkin1_ibufds/DIFFINBUF_INST/O
                         net (fo=1, routed)           0.040    40.638    design_1_i/clk_wiz_0/inst/clkin1_ibufds/OUT
    D7                   IBUFCTRL (Prop_IBUFCTRL_HPIOB_M_I_O)
                                                      0.000    40.638 r  design_1_i/clk_wiz_0/inst/clkin1_ibufds/IBUFCTRL_INST/O
                         net (fo=1, routed)           0.333    40.971    design_1_i/clk_wiz_0/inst/clk_in1_design_1_clk_wiz_0_0
    MMCM_X0Y2            MMCME4_ADV (Prop_MMCM_CLKIN1_CLKOUT0)
                                                      0.630    41.601 r  design_1_i/clk_wiz_0/inst/mmcme4_adv_inst/CLKOUT0
                         net (fo=1, routed)           0.214    41.815    design_1_i/clk_wiz_0/inst/clk25_design_1_clk_wiz_0_0
    BUFGCE_X0Y68         BUFGCE (Prop_BUFCE_BUFGCE_I_O)
                                                      0.024    41.839 r  design_1_i/clk_wiz_0/inst/clkout1_buf/O
    X0Y0 (CLOCK_ROOT)    net (fo=99, routed)          1.859    43.698    design_1_i/HDMI_TX_0/U0/i_wrap/pxClk
    SLICE_X37Y17         FDRE                                         r  design_1_i/HDMI_TX_0/U0/i_wrap/TMDS_0/i_Enc/qD_reg[0]/C
                         clock pessimism             -0.380    43.319    
                         clock uncertainty           -0.082    43.237    
    SLICE_X37Y17         FDRE (Setup_EFF_SLICEM_C_D)
                                                      0.025    43.262    design_1_i/HDMI_TX_0/U0/i_wrap/TMDS_0/i_Enc/qD_reg[0]
  -------------------------------------------------------------------
                         required time                         43.262    
                         arrival time                         -10.903    
  -------------------------------------------------------------------
                         slack                                 32.359    

Slack (MET) :             32.389ns  (required time - arrival time)
  Source:                 design_1_i/VideoTiming_0/inst/cntY_reg[9]/C
                            (rising edge-triggered cell FDRE clocked by clk25_design_1_clk_wiz_0_0  {rise@0.000ns fall@20.000ns period=40.000ns})
  Destination:            design_1_i/HDMI_TX_0/U0/i_wrap/TMDS_0/i_Enc/qD_reg[3]/D
                            (rising edge-triggered cell FDRE clocked by clk25_design_1_clk_wiz_0_0  {rise@0.000ns fall@20.000ns period=40.000ns})
  Path Group:             clk25_design_1_clk_wiz_0_0
  Path Type:              Setup (Max at Slow Process Corner)
  Requirement:            40.000ns  (clk25_design_1_clk_wiz_0_0 rise@40.000ns - clk25_design_1_clk_wiz_0_0 rise@0.000ns)
  Data Path Delay:        7.511ns  (logic 1.017ns (13.541%)  route 6.494ns (86.459%))
  Logic Levels:           9  (LUT2=1 LUT4=1 LUT6=7)
  Clock Path Skew:        -0.044ns (DCD - SCD + CPR)
    Destination Clock Delay (DCD):    3.698ns = ( 43.698 - 40.000 ) 
    Source Clock Delay      (SCD):    3.362ns
    Clock Pessimism Removal (CPR):    -0.380ns
  Clock Uncertainty:      0.082ns  ((TSJ^2 + DJ^2)^1/2) / 2 + PE
    Total System Jitter     (TSJ):    0.071ns
    Discrete Jitter          (DJ):    0.148ns
    Phase Error              (PE):    0.000ns
  Clock Net Delay (Source):      2.054ns (routing 1.172ns, distribution 0.882ns)
  Clock Net Delay (Destination): 1.859ns (routing 1.063ns, distribution 0.796ns)

    Location             Delay type                Incr(ns)  Path(ns)    Netlist Resource(s)
  -------------------------------------------------------------------    -------------------
                         (clock clk25_design_1_clk_wiz_0_0 rise edge)
                                                      0.000     0.000 r  
    D7                                                0.000     0.000 r  clk_100mhz_clk_p (IN)
                         net (fo=0)                   0.100     0.100    design_1_i/clk_wiz_0/inst/clkin1_ibufds/I
    HPIOBDIFFINBUF_X0Y60 DIFFINBUF (Prop_DIFFINBUF_HPIOBDIFFINBUF_DIFF_IN_P_O)
                                                      0.629     0.729 r  design_1_i/clk_wiz_0/inst/clkin1_ibufds/DIFFINBUF_INST/O
                         net (fo=1, routed)           0.050     0.779    design_1_i/clk_wiz_0/inst/clkin1_ibufds/OUT
    D7                   IBUFCTRL (Prop_IBUFCTRL_HPIOB_M_I_O)
                                                      0.000     0.779 r  design_1_i/clk_wiz_0/inst/clkin1_ibufds/IBUFCTRL_INST/O
                         net (fo=1, routed)           0.384     1.163    design_1_i/clk_wiz_0/inst/clk_in1_design_1_clk_wiz_0_0
    MMCM_X0Y2            MMCME4_ADV (Prop_MMCM_CLKIN1_CLKOUT0)
                                                     -0.127     1.036 r  design_1_i/clk_wiz_0/inst/mmcme4_adv_inst/CLKOUT0
                         net (fo=1, routed)           0.244     1.280    design_1_i/clk_wiz_0/inst/clk25_design_1_clk_wiz_0_0
    BUFGCE_X0Y68         BUFGCE (Prop_BUFCE_BUFGCE_I_O)
                                                      0.028     1.308 r  design_1_i/clk_wiz_0/inst/clkout1_buf/O
    X0Y0 (CLOCK_ROOT)    net (fo=99, routed)          2.054     3.362    design_1_i/VideoTiming_0/inst/pixClk
    SLICE_X32Y21         FDRE                                         r  design_1_i/VideoTiming_0/inst/cntY_reg[9]/C
  -------------------------------------------------------------------    -------------------
    SLICE_X32Y21         FDRE (Prop_EFF_SLICEL_C_Q)
                                                      0.079     3.441 f  design_1_i/VideoTiming_0/inst/cntY_reg[9]/Q
                         net (fo=106, routed)         1.976     5.417    design_1_i/ImgGen_0/inst/PosY[9]
    SLICE_X23Y14         LUT6 (Prop_H6LUT_SLICEL_I0_O)
                                                      0.150     5.567 r  design_1_i/ImgGen_0/inst/R[5]_INST_0_i_33/O
                         net (fo=12, routed)          0.223     5.790    design_1_i/ImgGen_0/inst/R[5]_INST_0_i_33_n_0
    SLICE_X22Y13         LUT4 (Prop_C6LUT_SLICEL_I3_O)
                                                      0.088     5.878 r  design_1_i/ImgGen_0/inst/R[5]_INST_0_i_21/O
                         net (fo=10, routed)          0.256     6.134    design_1_i/ImgGen_0/inst/R[5]_INST_0_i_21_n_0
    SLICE_X22Y16         LUT6 (Prop_E6LUT_SLICEL_I0_O)
                                                      0.123     6.257 r  design_1_i/ImgGen_0/inst/R[5]_INST_0_i_8/O
                         net (fo=463, routed)         1.896     8.153    design_1_i/ImgGen_0/inst/PosX_5_sn_1
    SLICE_X30Y17         LUT6 (Prop_F6LUT_SLICEL_I0_O)
                                                      0.049     8.202 f  design_1_i/ImgGen_0/inst/R[7]_INST_0_i_70/O
                         net (fo=3, routed)           0.058     8.260    design_1_i/ImgGen_0/inst/R[7]_INST_0_i_70_n_0
    SLICE_X30Y17         LUT6 (Prop_B6LUT_SLICEL_I5_O)
                                                      0.148     8.408 r  design_1_i/ImgGen_0/inst/R[6]_INST_0_i_93/O
                         net (fo=1, routed)           0.088     8.496    design_1_i/ImgGen_0/inst/R[6]_INST_0_i_93_n_0
    SLICE_X30Y18         LUT6 (Prop_H6LUT_SLICEL_I1_O)
                                                      0.099     8.595 r  design_1_i/ImgGen_0/inst/R[6]_INST_0_i_32/O
                         net (fo=11, routed)          0.986     9.581    design_1_i/ImgGen_0/inst/PosX[4]_8
    SLICE_X36Y9          LUT2 (Prop_D6LUT_SLICEL_I1_O)
                                                      0.122     9.703 f  design_1_i/ImgGen_0/inst/B[0]_INST_0_i_4/O
                         net (fo=3, routed)           0.380    10.084    design_1_i/ImgGen_0/inst_n_114
    SLICE_X30Y10         LUT6 (Prop_C6LUT_SLICEL_I5_O)
                                                      0.123    10.207 r  design_1_i/ImgGen_0/B[0]_INST_0_i_1/O
                         net (fo=1, routed)           0.041    10.248    design_1_i/ImgGen_0/B[0]_INST_0_i_1_n_0
    SLICE_X30Y10         LUT6 (Prop_D6LUT_SLICEL_I3_O)
                                                      0.036    10.284 r  design_1_i/ImgGen_0/B[0]_INST_0/O
                         net (fo=4, routed)           0.590    10.873    design_1_i/HDMI_TX_0/U0/i_wrap/B[3]
    SLICE_X37Y17         FDRE                                         r  design_1_i/HDMI_TX_0/U0/i_wrap/TMDS_0/i_Enc/qD_reg[3]/D
  -------------------------------------------------------------------    -------------------

                         (clock clk25_design_1_clk_wiz_0_0 rise edge)
                                                     40.000    40.000 r  
    D7                                                0.000    40.000 r  clk_100mhz_clk_p (IN)
                         net (fo=0)                   0.079    40.079    design_1_i/clk_wiz_0/inst/clkin1_ibufds/I
    HPIOBDIFFINBUF_X0Y60 DIFFINBUF (Prop_DIFFINBUF_HPIOBDIFFINBUF_DIFF_IN_P_O)
                                                      0.519    40.598 r  design_1_i/clk_wiz_0/inst/clkin1_ibufds/DIFFINBUF_INST/O
                         net (fo=1, routed)           0.040    40.638    design_1_i/clk_wiz_0/inst/clkin1_ibufds/OUT
    D7                   IBUFCTRL (Prop_IBUFCTRL_HPIOB_M_I_O)
                                                      0.000    40.638 r  design_1_i/clk_wiz_0/inst/clkin1_ibufds/IBUFCTRL_INST/O
                         net (fo=1, routed)           0.333    40.971    design_1_i/clk_wiz_0/inst/clk_in1_design_1_clk_wiz_0_0
    MMCM_X0Y2            MMCME4_ADV (Prop_MMCM_CLKIN1_CLKOUT0)
                                                      0.630    41.601 r  design_1_i/clk_wiz_0/inst/mmcme4_adv_inst/CLKOUT0
                         net (fo=1, routed)           0.214    41.815    design_1_i/clk_wiz_0/inst/clk25_design_1_clk_wiz_0_0
    BUFGCE_X0Y68         BUFGCE (Prop_BUFCE_BUFGCE_I_O)
                                                      0.024    41.839 r  design_1_i/clk_wiz_0/inst/clkout1_buf/O
    X0Y0 (CLOCK_ROOT)    net (fo=99, routed)          1.859    43.698    design_1_i/HDMI_TX_0/U0/i_wrap/pxClk
    SLICE_X37Y17         FDRE                                         r  design_1_i/HDMI_TX_0/U0/i_wrap/TMDS_0/i_Enc/qD_reg[3]/C
                         clock pessimism             -0.380    43.319    
                         clock uncertainty           -0.082    43.237    
    SLICE_X37Y17         FDRE (Setup_EFF2_SLICEM_C_D)
                                                      0.025    43.262    design_1_i/HDMI_TX_0/U0/i_wrap/TMDS_0/i_Enc/qD_reg[3]
  -------------------------------------------------------------------
                         required time                         43.262    
                         arrival time                         -10.873    
  -------------------------------------------------------------------
                         slack                                 32.389    





Min Delay Paths
--------------------------------------------------------------------------------------
Slack (MET) :             0.042ns  (arrival time - required time)
  Source:                 design_1_i/VideoTiming_0/inst/DE_Y_reg/C
                            (rising edge-triggered cell FDRE clocked by clk25_design_1_clk_wiz_0_0  {rise@0.000ns fall@20.000ns period=40.000ns})
  Destination:            design_1_i/VideoTiming_0/inst/DE_Y_reg/D
                            (rising edge-triggered cell FDRE clocked by clk25_design_1_clk_wiz_0_0  {rise@0.000ns fall@20.000ns period=40.000ns})
  Path Group:             clk25_design_1_clk_wiz_0_0
  Path Type:              Hold (Min at Fast Process Corner)
  Requirement:            0.000ns  (clk25_design_1_clk_wiz_0_0 rise@0.000ns - clk25_design_1_clk_wiz_0_0 rise@0.000ns)
  Data Path Delay:        0.094ns  (logic 0.054ns (57.390%)  route 0.040ns (42.610%))
  Logic Levels:           1  (LUT6=1)
  Clock Path Skew:        0.006ns (DCD - SCD - CPR)
    Destination Clock Delay (DCD):    1.947ns
    Source Clock Delay      (SCD):    2.139ns
    Clock Pessimism Removal (CPR):    -0.197ns
  Clock Net Delay (Source):      1.137ns (routing 0.640ns, distribution 0.497ns)
  Clock Net Delay (Destination): 1.286ns (routing 0.716ns, distribution 0.570ns)

    Location             Delay type                Incr(ns)  Path(ns)    Netlist Resource(s)
  -------------------------------------------------------------------    -------------------
                         (clock clk25_design_1_clk_wiz_0_0 rise edge)
                                                      0.000     0.000 r  
    D7                                                0.000     0.000 r  clk_100mhz_clk_p (IN)
                         net (fo=0)                   0.079     0.079    design_1_i/clk_wiz_0/inst/clkin1_ibufds/I
    HPIOBDIFFINBUF_X0Y60 DIFFINBUF (Prop_DIFFINBUF_HPIOBDIFFINBUF_DIFF_IN_P_O)
                                                      0.295     0.374 r  design_1_i/clk_wiz_0/inst/clkin1_ibufds/DIFFINBUF_INST/O
                         net (fo=1, routed)           0.040     0.414    design_1_i/clk_wiz_0/inst/clkin1_ibufds/OUT
    D7                   IBUFCTRL (Prop_IBUFCTRL_HPIOB_M_I_O)
                                                      0.000     0.414 r  design_1_i/clk_wiz_0/inst/clkin1_ibufds/IBUFCTRL_INST/O
                         net (fo=1, routed)           0.196     0.610    design_1_i/clk_wiz_0/inst/clk_in1_design_1_clk_wiz_0_0
    MMCM_X0Y2            MMCME4_ADV (Prop_MMCM_CLKIN1_CLKOUT0)
                                                      0.230     0.840 r  design_1_i/clk_wiz_0/inst/mmcme4_adv_inst/CLKOUT0
                         net (fo=1, routed)           0.145     0.985    design_1_i/clk_wiz_0/inst/clk25_design_1_clk_wiz_0_0
    BUFGCE_X0Y68         BUFGCE (Prop_BUFCE_BUFGCE_I_O)
                                                      0.017     1.002 r  design_1_i/clk_wiz_0/inst/clkout1_buf/O
    X0Y0 (CLOCK_ROOT)    net (fo=99, routed)          1.137     2.139    design_1_i/VideoTiming_0/inst/pixClk
    SLICE_X33Y21         FDRE                                         r  design_1_i/VideoTiming_0/inst/DE_Y_reg/C
  -------------------------------------------------------------------    -------------------
    SLICE_X33Y21         FDRE (Prop_BFF_SLICEL_C_Q)
                                                      0.039     2.178 r  design_1_i/VideoTiming_0/inst/DE_Y_reg/Q
                         net (fo=2, routed)           0.025     2.203    design_1_i/VideoTiming_0/inst/DE_Y
    SLICE_X33Y21         LUT6 (Prop_B6LUT_SLICEL_I4_O)
                                                      0.015     2.218 r  design_1_i/VideoTiming_0/inst/DE_Y_i_1/O
                         net (fo=1, routed)           0.015     2.233    design_1_i/VideoTiming_0/inst/DE_Y_i_1_n_0
    SLICE_X33Y21         FDRE                                         r  design_1_i/VideoTiming_0/inst/DE_Y_reg/D
  -------------------------------------------------------------------    -------------------

                         (clock clk25_design_1_clk_wiz_0_0 rise edge)
                                                      0.000     0.000 r  
    D7                                                0.000     0.000 r  clk_100mhz_clk_p (IN)
                         net (fo=0)                   0.100     0.100    design_1_i/clk_wiz_0/inst/clkin1_ibufds/I
    HPIOBDIFFINBUF_X0Y60 DIFFINBUF (Prop_DIFFINBUF_HPIOBDIFFINBUF_DIFF_IN_P_O)
                                                      0.400     0.500 r  design_1_i/clk_wiz_0/inst/clkin1_ibufds/DIFFINBUF_INST/O
                         net (fo=1, routed)           0.050     0.550    design_1_i/clk_wiz_0/inst/clkin1_ibufds/OUT
    D7                   IBUFCTRL (Prop_IBUFCTRL_HPIOB_M_I_O)
                                                      0.000     0.550 r  design_1_i/clk_wiz_0/inst/clkin1_ibufds/IBUFCTRL_INST/O
                         net (fo=1, routed)           0.222     0.772    design_1_i/clk_wiz_0/inst/clk_in1_design_1_clk_wiz_0_0
    MMCM_X0Y2            MMCME4_ADV (Prop_MMCM_CLKIN1_CLKOUT0)
                                                     -0.295     0.477 r  design_1_i/clk_wiz_0/inst/mmcme4_adv_inst/CLKOUT0
                         net (fo=1, routed)           0.165     0.642    design_1_i/clk_wiz_0/inst/clk25_design_1_clk_wiz_0_0
    BUFGCE_X0Y68         BUFGCE (Prop_BUFCE_BUFGCE_I_O)
                                                      0.019     0.661 r  design_1_i/clk_wiz_0/inst/clkout1_buf/O
    X0Y0 (CLOCK_ROOT)    net (fo=99, routed)          1.286     1.947    design_1_i/VideoTiming_0/inst/pixClk
    SLICE_X33Y21         FDRE                                         r  design_1_i/VideoTiming_0/inst/DE_Y_reg/C
                         clock pessimism              0.197     2.145    
    SLICE_X33Y21         FDRE (Hold_BFF_SLICEL_C_D)
                                                      0.046     2.191    design_1_i/VideoTiming_0/inst/DE_Y_reg
  -------------------------------------------------------------------
                         required time                         -2.191    
                         arrival time                           2.233    
  -------------------------------------------------------------------
                         slack                                  0.042    

Slack (MET) :             0.050ns  (arrival time - required time)
  Source:                 design_1_i/angle_encoder_1/inst/angle_reg_reg[4]/C
                            (rising edge-triggered cell FDRE clocked by clk25_design_1_clk_wiz_0_0  {rise@0.000ns fall@20.000ns period=40.000ns})
  Destination:            design_1_i/angle_encoder_1/inst/angle_reg_reg[4]/D
                            (rising edge-triggered cell FDRE clocked by clk25_design_1_clk_wiz_0_0  {rise@0.000ns fall@20.000ns period=40.000ns})
  Path Group:             clk25_design_1_clk_wiz_0_0
  Path Type:              Hold (Min at Fast Process Corner)
  Requirement:            0.000ns  (clk25_design_1_clk_wiz_0_0 rise@0.000ns - clk25_design_1_clk_wiz_0_0 rise@0.000ns)
  Data Path Delay:        0.102ns  (logic 0.054ns (53.137%)  route 0.048ns (46.863%))
  Logic Levels:           1  (LUT6=1)
  Clock Path Skew:        0.006ns (DCD - SCD - CPR)
    Destination Clock Delay (DCD):    1.911ns
    Source Clock Delay      (SCD):    2.105ns
    Clock Pessimism Removal (CPR):    -0.199ns
  Clock Net Delay (Source):      1.103ns (routing 0.640ns, distribution 0.463ns)
  Clock Net Delay (Destination): 1.250ns (routing 0.716ns, distribution 0.534ns)

    Location             Delay type                Incr(ns)  Path(ns)    Netlist Resource(s)
  -------------------------------------------------------------------    -------------------
                         (clock clk25_design_1_clk_wiz_0_0 rise edge)
                                                      0.000     0.000 r  
    D7                                                0.000     0.000 r  clk_100mhz_clk_p (IN)
                         net (fo=0)                   0.079     0.079    design_1_i/clk_wiz_0/inst/clkin1_ibufds/I
    HPIOBDIFFINBUF_X0Y60 DIFFINBUF (Prop_DIFFINBUF_HPIOBDIFFINBUF_DIFF_IN_P_O)
                                                      0.295     0.374 r  design_1_i/clk_wiz_0/inst/clkin1_ibufds/DIFFINBUF_INST/O
                         net (fo=1, routed)           0.040     0.414    design_1_i/clk_wiz_0/inst/clkin1_ibufds/OUT
    D7                   IBUFCTRL (Prop_IBUFCTRL_HPIOB_M_I_O)
                                                      0.000     0.414 r  design_1_i/clk_wiz_0/inst/clkin1_ibufds/IBUFCTRL_INST/O
                         net (fo=1, routed)           0.196     0.610    design_1_i/clk_wiz_0/inst/clk_in1_design_1_clk_wiz_0_0
    MMCM_X0Y2            MMCME4_ADV (Prop_MMCM_CLKIN1_CLKOUT0)
                                                      0.230     0.840 r  design_1_i/clk_wiz_0/inst/mmcme4_adv_inst/CLKOUT0
                         net (fo=1, routed)           0.145     0.985    design_1_i/clk_wiz_0/inst/clk25_design_1_clk_wiz_0_0
    BUFGCE_X0Y68         BUFGCE (Prop_BUFCE_BUFGCE_I_O)
                                                      0.017     1.002 r  design_1_i/clk_wiz_0/inst/clkout1_buf/O
    X0Y0 (CLOCK_ROOT)    net (fo=99, routed)          1.103     2.105    design_1_i/angle_encoder_1/inst/CLK
    SLICE_X22Y3          FDRE                                         r  design_1_i/angle_encoder_1/inst/angle_reg_reg[4]/C
  -------------------------------------------------------------------    -------------------
    SLICE_X22Y3          FDRE (Prop_HFF_SLICEL_C_Q)
                                                      0.039     2.144 r  design_1_i/angle_encoder_1/inst/angle_reg_reg[4]/Q
                         net (fo=18, routed)          0.031     2.175    design_1_i/angle_encoder_1/inst/ANG[3]
    SLICE_X22Y3          LUT6 (Prop_H6LUT_SLICEL_I1_O)
                                                      0.015     2.190 r  design_1_i/angle_encoder_1/inst/angle_reg[4]_i_3/O
                         net (fo=1, routed)           0.017     2.207    design_1_i/angle_encoder_1/inst/angle_reg[4]_i_3_n_0
    SLICE_X22Y3          FDRE                                         r  design_1_i/angle_encoder_1/inst/angle_reg_reg[4]/D
  -------------------------------------------------------------------    -------------------

                         (clock clk25_design_1_clk_wiz_0_0 rise edge)
                                                      0.000     0.000 r  
    D7                                                0.000     0.000 r  clk_100mhz_clk_p (IN)
                         net (fo=0)                   0.100     0.100    design_1_i/clk_wiz_0/inst/clkin1_ibufds/I
    HPIOBDIFFINBUF_X0Y60 DIFFINBUF (Prop_DIFFINBUF_HPIOBDIFFINBUF_DIFF_IN_P_O)
                                                      0.400     0.500 r  design_1_i/clk_wiz_0/inst/clkin1_ibufds/DIFFINBUF_INST/O
                         net (fo=1, routed)           0.050     0.550    design_1_i/clk_wiz_0/inst/clkin1_ibufds/OUT
    D7                   IBUFCTRL (Prop_IBUFCTRL_HPIOB_M_I_O)
                                                      0.000     0.550 r  design_1_i/clk_wiz_0/inst/clkin1_ibufds/IBUFCTRL_INST/O
                         net (fo=1, routed)           0.222     0.772    design_1_i/clk_wiz_0/inst/clk_in1_design_1_clk_wiz_0_0
    MMCM_X0Y2            MMCME4_ADV (Prop_MMCM_CLKIN1_CLKOUT0)
                                                     -0.295     0.477 r  design_1_i/clk_wiz_0/inst/mmcme4_adv_inst/CLKOUT0
                         net (fo=1, routed)           0.165     0.642    design_1_i/clk_wiz_0/inst/clk25_design_1_clk_wiz_0_0
    BUFGCE_X0Y68         BUFGCE (Prop_BUFCE_BUFGCE_I_O)
                                                      0.019     0.661 r  design_1_i/clk_wiz_0/inst/clkout1_buf/O
    X0Y0 (CLOCK_ROOT)    net (fo=99, routed)          1.250     1.911    design_1_i/angle_encoder_1/inst/CLK
    SLICE_X22Y3          FDRE                                         r  design_1_i/angle_encoder_1/inst/angle_reg_reg[4]/C
                         clock pessimism              0.199     2.111    
    SLICE_X22Y3          FDRE (Hold_HFF_SLICEL_C_D)
                                                      0.046     2.157    design_1_i/angle_encoder_1/inst/angle_reg_reg[4]
  -------------------------------------------------------------------
                         required time                         -2.157    
                         arrival time                           2.207    
  -------------------------------------------------------------------
                         slack                                  0.050    

Slack (MET) :             0.055ns  (arrival time - required time)
  Source:                 design_1_i/VideoTiming_0/inst/cntX_reg[4]/C
                            (rising edge-triggered cell FDRE clocked by clk25_design_1_clk_wiz_0_0  {rise@0.000ns fall@20.000ns period=40.000ns})
  Destination:            design_1_i/VideoTiming_0/inst/cntX_reg[5]/D
                            (rising edge-triggered cell FDRE clocked by clk25_design_1_clk_wiz_0_0  {rise@0.000ns fall@20.000ns period=40.000ns})
  Path Group:             clk25_design_1_clk_wiz_0_0
  Path Type:              Hold (Min at Fast Process Corner)
  Requirement:            0.000ns  (clk25_design_1_clk_wiz_0_0 rise@0.000ns - clk25_design_1_clk_wiz_0_0 rise@0.000ns)
  Data Path Delay:        0.108ns  (logic 0.061ns (56.370%)  route 0.047ns (43.630%))
  Logic Levels:           1  (LUT6=1)
  Clock Path Skew:        0.006ns (DCD - SCD - CPR)
    Destination Clock Delay (DCD):    1.946ns
    Source Clock Delay      (SCD):    2.137ns
    Clock Pessimism Removal (CPR):    -0.197ns
  Clock Net Delay (Source):      1.135ns (routing 0.640ns, distribution 0.495ns)
  Clock Net Delay (Destination): 1.285ns (routing 0.716ns, distribution 0.569ns)

    Location             Delay type                Incr(ns)  Path(ns)    Netlist Resource(s)
  -------------------------------------------------------------------    -------------------
                         (clock clk25_design_1_clk_wiz_0_0 rise edge)
                                                      0.000     0.000 r  
    D7                                                0.000     0.000 r  clk_100mhz_clk_p (IN)
                         net (fo=0)                   0.079     0.079    design_1_i/clk_wiz_0/inst/clkin1_ibufds/I
    HPIOBDIFFINBUF_X0Y60 DIFFINBUF (Prop_DIFFINBUF_HPIOBDIFFINBUF_DIFF_IN_P_O)
                                                      0.295     0.374 r  design_1_i/clk_wiz_0/inst/clkin1_ibufds/DIFFINBUF_INST/O
                         net (fo=1, routed)           0.040     0.414    design_1_i/clk_wiz_0/inst/clkin1_ibufds/OUT
    D7                   IBUFCTRL (Prop_IBUFCTRL_HPIOB_M_I_O)
                                                      0.000     0.414 r  design_1_i/clk_wiz_0/inst/clkin1_ibufds/IBUFCTRL_INST/O
                         net (fo=1, routed)           0.196     0.610    design_1_i/clk_wiz_0/inst/clk_in1_design_1_clk_wiz_0_0
    MMCM_X0Y2            MMCME4_ADV (Prop_MMCM_CLKIN1_CLKOUT0)
                                                      0.230     0.840 r  design_1_i/clk_wiz_0/inst/mmcme4_adv_inst/CLKOUT0
                         net (fo=1, routed)           0.145     0.985    design_1_i/clk_wiz_0/inst/clk25_design_1_clk_wiz_0_0
    BUFGCE_X0Y68         BUFGCE (Prop_BUFCE_BUFGCE_I_O)
                                                      0.017     1.002 r  design_1_i/clk_wiz_0/inst/clkout1_buf/O
    X0Y0 (CLOCK_ROOT)    net (fo=99, routed)          1.135     2.137    design_1_i/VideoTiming_0/inst/pixClk
    SLICE_X33Y23         FDRE                                         r  design_1_i/VideoTiming_0/inst/cntX_reg[4]/C
  -------------------------------------------------------------------    -------------------
    SLICE_X33Y23         FDRE (Prop_FFF_SLICEL_C_Q)
                                                      0.039     2.176 r  design_1_i/VideoTiming_0/inst/cntX_reg[4]/Q
                         net (fo=120, routed)         0.033     2.210    design_1_i/VideoTiming_0/inst/PosX[4]
    SLICE_X33Y23         LUT6 (Prop_G6LUT_SLICEL_I5_O)
                                                      0.022     2.232 r  design_1_i/VideoTiming_0/inst/cntX[5]_i_1/O
                         net (fo=1, routed)           0.014     2.246    design_1_i/VideoTiming_0/inst/cntX[5]_i_1_n_0
    SLICE_X33Y23         FDRE                                         r  design_1_i/VideoTiming_0/inst/cntX_reg[5]/D
  -------------------------------------------------------------------    -------------------

                         (clock clk25_design_1_clk_wiz_0_0 rise edge)
                                                      0.000     0.000 r  
    D7                                                0.000     0.000 r  clk_100mhz_clk_p (IN)
                         net (fo=0)                   0.100     0.100    design_1_i/clk_wiz_0/inst/clkin1_ibufds/I
    HPIOBDIFFINBUF_X0Y60 DIFFINBUF (Prop_DIFFINBUF_HPIOBDIFFINBUF_DIFF_IN_P_O)
                                                      0.400     0.500 r  design_1_i/clk_wiz_0/inst/clkin1_ibufds/DIFFINBUF_INST/O
                         net (fo=1, routed)           0.050     0.550    design_1_i/clk_wiz_0/inst/clkin1_ibufds/OUT
    D7                   IBUFCTRL (Prop_IBUFCTRL_HPIOB_M_I_O)
                                                      0.000     0.550 r  design_1_i/clk_wiz_0/inst/clkin1_ibufds/IBUFCTRL_INST/O
                         net (fo=1, routed)           0.222     0.772    design_1_i/clk_wiz_0/inst/clk_in1_design_1_clk_wiz_0_0
    MMCM_X0Y2            MMCME4_ADV (Prop_MMCM_CLKIN1_CLKOUT0)
                                                     -0.295     0.477 r  design_1_i/clk_wiz_0/inst/mmcme4_adv_inst/CLKOUT0
                         net (fo=1, routed)           0.165     0.642    design_1_i/clk_wiz_0/inst/clk25_design_1_clk_wiz_0_0
    BUFGCE_X0Y68         BUFGCE (Prop_BUFCE_BUFGCE_I_O)
                                                      0.019     0.661 r  design_1_i/clk_wiz_0/inst/clkout1_buf/O
    X0Y0 (CLOCK_ROOT)    net (fo=99, routed)          1.285     1.946    design_1_i/VideoTiming_0/inst/pixClk
    SLICE_X33Y23         FDRE                                         r  design_1_i/VideoTiming_0/inst/cntX_reg[5]/C
                         clock pessimism              0.197     2.143    
    SLICE_X33Y23         FDRE (Hold_GFF2_SLICEL_C_D)
                                                      0.047     2.190    design_1_i/VideoTiming_0/inst/cntX_reg[5]
  -------------------------------------------------------------------
                         required time                         -2.190    
                         arrival time                           2.246    
  -------------------------------------------------------------------
                         slack                                  0.055    

Slack (MET) :             0.063ns  (arrival time - required time)
  Source:                 design_1_i/GameController_0/inst/health_reg_reg[0]/C
                            (rising edge-triggered cell FDPE clocked by clk25_design_1_clk_wiz_0_0  {rise@0.000ns fall@20.000ns period=40.000ns})
  Destination:            design_1_i/GameController_0/inst/health_reg_reg[2]/D
                            (rising edge-triggered cell FDCE clocked by clk25_design_1_clk_wiz_0_0  {rise@0.000ns fall@20.000ns period=40.000ns})
  Path Group:             clk25_design_1_clk_wiz_0_0
  Path Type:              Hold (Min at Fast Process Corner)
  Requirement:            0.000ns  (clk25_design_1_clk_wiz_0_0 rise@0.000ns - clk25_design_1_clk_wiz_0_0 rise@0.000ns)
  Data Path Delay:        0.116ns  (logic 0.075ns (64.823%)  route 0.041ns (35.177%))
  Logic Levels:           1  (LUT3=1)
  Clock Path Skew:        0.006ns (DCD - SCD - CPR)
    Destination Clock Delay (DCD):    1.998ns
    Source Clock Delay      (SCD):    2.184ns
    Clock Pessimism Removal (CPR):    -0.192ns
  Clock Net Delay (Source):      1.182ns (routing 0.640ns, distribution 0.542ns)
  Clock Net Delay (Destination): 1.337ns (routing 0.716ns, distribution 0.621ns)

    Location             Delay type                Incr(ns)  Path(ns)    Netlist Resource(s)
  -------------------------------------------------------------------    -------------------
                         (clock clk25_design_1_clk_wiz_0_0 rise edge)
                                                      0.000     0.000 r  
    D7                                                0.000     0.000 r  clk_100mhz_clk_p (IN)
                         net (fo=0)                   0.079     0.079    design_1_i/clk_wiz_0/inst/clkin1_ibufds/I
    HPIOBDIFFINBUF_X0Y60 DIFFINBUF (Prop_DIFFINBUF_HPIOBDIFFINBUF_DIFF_IN_P_O)
                                                      0.295     0.374 r  design_1_i/clk_wiz_0/inst/clkin1_ibufds/DIFFINBUF_INST/O
                         net (fo=1, routed)           0.040     0.414    design_1_i/clk_wiz_0/inst/clkin1_ibufds/OUT
    D7                   IBUFCTRL (Prop_IBUFCTRL_HPIOB_M_I_O)
                                                      0.000     0.414 r  design_1_i/clk_wiz_0/inst/clkin1_ibufds/IBUFCTRL_INST/O
                         net (fo=1, routed)           0.196     0.610    design_1_i/clk_wiz_0/inst/clk_in1_design_1_clk_wiz_0_0
    MMCM_X0Y2            MMCME4_ADV (Prop_MMCM_CLKIN1_CLKOUT0)
                                                      0.230     0.840 r  design_1_i/clk_wiz_0/inst/mmcme4_adv_inst/CLKOUT0
                         net (fo=1, routed)           0.145     0.985    design_1_i/clk_wiz_0/inst/clk25_design_1_clk_wiz_0_0
    BUFGCE_X0Y68         BUFGCE (Prop_BUFCE_BUFGCE_I_O)
                                                      0.017     1.002 r  design_1_i/clk_wiz_0/inst/clkout1_buf/O
    X0Y0 (CLOCK_ROOT)    net (fo=99, routed)          1.182     2.184    design_1_i/GameController_0/inst/Clk
    SLICE_X48Y31         FDPE                                         r  design_1_i/GameController_0/inst/health_reg_reg[0]/C
  -------------------------------------------------------------------    -------------------
    SLICE_X48Y31         FDPE (Prop_DFF_SLICEM_C_Q)
                                                      0.039     2.223 r  design_1_i/GameController_0/inst/health_reg_reg[0]/Q
                         net (fo=4, routed)           0.033     2.256    design_1_i/GameController_0/inst/Q[0]
    SLICE_X48Y31         LUT3 (Prop_C5LUT_SLICEM_I1_O)
                                                      0.036     2.292 r  design_1_i/GameController_0/inst/health_reg[2]_i_1/O
                         net (fo=1, routed)           0.008     2.300    design_1_i/GameController_0/inst/health_reg[2]_i_1_n_0
    SLICE_X48Y31         FDCE                                         r  design_1_i/GameController_0/inst/health_reg_reg[2]/D
  -------------------------------------------------------------------    -------------------

                         (clock clk25_design_1_clk_wiz_0_0 rise edge)
                                                      0.000     0.000 r  
    D7                                                0.000     0.000 r  clk_100mhz_clk_p (IN)
                         net (fo=0)                   0.100     0.100    design_1_i/clk_wiz_0/inst/clkin1_ibufds/I
    HPIOBDIFFINBUF_X0Y60 DIFFINBUF (Prop_DIFFINBUF_HPIOBDIFFINBUF_DIFF_IN_P_O)
                                                      0.400     0.500 r  design_1_i/clk_wiz_0/inst/clkin1_ibufds/DIFFINBUF_INST/O
                         net (fo=1, routed)           0.050     0.550    design_1_i/clk_wiz_0/inst/clkin1_ibufds/OUT
    D7                   IBUFCTRL (Prop_IBUFCTRL_HPIOB_M_I_O)
                                                      0.000     0.550 r  design_1_i/clk_wiz_0/inst/clkin1_ibufds/IBUFCTRL_INST/O
                         net (fo=1, routed)           0.222     0.772    design_1_i/clk_wiz_0/inst/clk_in1_design_1_clk_wiz_0_0
    MMCM_X0Y2            MMCME4_ADV (Prop_MMCM_CLKIN1_CLKOUT0)
                                                     -0.295     0.477 r  design_1_i/clk_wiz_0/inst/mmcme4_adv_inst/CLKOUT0
                         net (fo=1, routed)           0.165     0.642    design_1_i/clk_wiz_0/inst/clk25_design_1_clk_wiz_0_0
    BUFGCE_X0Y68         BUFGCE (Prop_BUFCE_BUFGCE_I_O)
                                                      0.019     0.661 r  design_1_i/clk_wiz_0/inst/clkout1_buf/O
    X0Y0 (CLOCK_ROOT)    net (fo=99, routed)          1.337     1.998    design_1_i/GameController_0/inst/Clk
    SLICE_X48Y31         FDCE                                         r  design_1_i/GameController_0/inst/health_reg_reg[2]/C
                         clock pessimism              0.192     2.190    
    SLICE_X48Y31         FDCE (Hold_CFF2_SLICEM_C_D)
                                                      0.047     2.237    design_1_i/GameController_0/inst/health_reg_reg[2]
  -------------------------------------------------------------------
                         required time                         -2.237    
                         arrival time                           2.300    
  -------------------------------------------------------------------
                         slack                                  0.063    

Slack (MET) :             0.063ns  (arrival time - required time)
  Source:                 design_1_i/VideoTiming_0/inst/DE_Y_reg/C
                            (rising edge-triggered cell FDRE clocked by clk25_design_1_clk_wiz_0_0  {rise@0.000ns fall@20.000ns period=40.000ns})
  Destination:            design_1_i/HDMI_TX_0/U0/i_wrap/TMDS_0/i_Enc/qDE_reg/D
                            (rising edge-triggered cell FDRE clocked by clk25_design_1_clk_wiz_0_0  {rise@0.000ns fall@20.000ns period=40.000ns})
  Path Group:             clk25_design_1_clk_wiz_0_0
  Path Type:              Hold (Min at Fast Process Corner)
  Requirement:            0.000ns  (clk25_design_1_clk_wiz_0_0 rise@0.000ns - clk25_design_1_clk_wiz_0_0 rise@0.000ns)
  Data Path Delay:        0.115ns  (logic 0.074ns (64.296%)  route 0.041ns (35.704%))
  Logic Levels:           1  (LUT2=1)
  Clock Path Skew:        0.006ns (DCD - SCD - CPR)
    Destination Clock Delay (DCD):    1.947ns
    Source Clock Delay      (SCD):    2.139ns
    Clock Pessimism Removal (CPR):    -0.197ns
  Clock Net Delay (Source):      1.137ns (routing 0.640ns, distribution 0.497ns)
  Clock Net Delay (Destination): 1.286ns (routing 0.716ns, distribution 0.570ns)

    Location             Delay type                Incr(ns)  Path(ns)    Netlist Resource(s)
  -------------------------------------------------------------------    -------------------
                         (clock clk25_design_1_clk_wiz_0_0 rise edge)
                                                      0.000     0.000 r  
    D7                                                0.000     0.000 r  clk_100mhz_clk_p (IN)
                         net (fo=0)                   0.079     0.079    design_1_i/clk_wiz_0/inst/clkin1_ibufds/I
    HPIOBDIFFINBUF_X0Y60 DIFFINBUF (Prop_DIFFINBUF_HPIOBDIFFINBUF_DIFF_IN_P_O)
                                                      0.295     0.374 r  design_1_i/clk_wiz_0/inst/clkin1_ibufds/DIFFINBUF_INST/O
                         net (fo=1, routed)           0.040     0.414    design_1_i/clk_wiz_0/inst/clkin1_ibufds/OUT
    D7                   IBUFCTRL (Prop_IBUFCTRL_HPIOB_M_I_O)
                                                      0.000     0.414 r  design_1_i/clk_wiz_0/inst/clkin1_ibufds/IBUFCTRL_INST/O
                         net (fo=1, routed)           0.196     0.610    design_1_i/clk_wiz_0/inst/clk_in1_design_1_clk_wiz_0_0
    MMCM_X0Y2            MMCME4_ADV (Prop_MMCM_CLKIN1_CLKOUT0)
                                                      0.230     0.840 r  design_1_i/clk_wiz_0/inst/mmcme4_adv_inst/CLKOUT0
                         net (fo=1, routed)           0.145     0.985    design_1_i/clk_wiz_0/inst/clk25_design_1_clk_wiz_0_0
    BUFGCE_X0Y68         BUFGCE (Prop_BUFCE_BUFGCE_I_O)
                                                      0.017     1.002 r  design_1_i/clk_wiz_0/inst/clkout1_buf/O
    X0Y0 (CLOCK_ROOT)    net (fo=99, routed)          1.137     2.139    design_1_i/VideoTiming_0/inst/pixClk
    SLICE_X33Y21         FDRE                                         r  design_1_i/VideoTiming_0/inst/DE_Y_reg/C
  -------------------------------------------------------------------    -------------------
    SLICE_X33Y21         FDRE (Prop_BFF_SLICEL_C_Q)
                                                      0.039     2.178 r  design_1_i/VideoTiming_0/inst/DE_Y_reg/Q
                         net (fo=2, routed)           0.025     2.203    design_1_i/VideoTiming_0/inst/DE_Y
    SLICE_X33Y21         LUT2 (Prop_D6LUT_SLICEL_I1_O)
                                                      0.035     2.238 r  design_1_i/VideoTiming_0/inst/DE_INST_0/O
                         net (fo=1, routed)           0.016     2.254    design_1_i/HDMI_TX_0/U0/i_wrap/DE
    SLICE_X33Y21         FDRE                                         r  design_1_i/HDMI_TX_0/U0/i_wrap/TMDS_0/i_Enc/qDE_reg/D
  -------------------------------------------------------------------    -------------------

                         (clock clk25_design_1_clk_wiz_0_0 rise edge)
                                                      0.000     0.000 r  
    D7                                                0.000     0.000 r  clk_100mhz_clk_p (IN)
                         net (fo=0)                   0.100     0.100    design_1_i/clk_wiz_0/inst/clkin1_ibufds/I
    HPIOBDIFFINBUF_X0Y60 DIFFINBUF (Prop_DIFFINBUF_HPIOBDIFFINBUF_DIFF_IN_P_O)
                                                      0.400     0.500 r  design_1_i/clk_wiz_0/inst/clkin1_ibufds/DIFFINBUF_INST/O
                         net (fo=1, routed)           0.050     0.550    design_1_i/clk_wiz_0/inst/clkin1_ibufds/OUT
    D7                   IBUFCTRL (Prop_IBUFCTRL_HPIOB_M_I_O)
                                                      0.000     0.550 r  design_1_i/clk_wiz_0/inst/clkin1_ibufds/IBUFCTRL_INST/O
                         net (fo=1, routed)           0.222     0.772    design_1_i/clk_wiz_0/inst/clk_in1_design_1_clk_wiz_0_0
    MMCM_X0Y2            MMCME4_ADV (Prop_MMCM_CLKIN1_CLKOUT0)
                                                     -0.295     0.477 r  design_1_i/clk_wiz_0/inst/mmcme4_adv_inst/CLKOUT0
                         net (fo=1, routed)           0.165     0.642    design_1_i/clk_wiz_0/inst/clk25_design_1_clk_wiz_0_0
    BUFGCE_X0Y68         BUFGCE (Prop_BUFCE_BUFGCE_I_O)
                                                      0.019     0.661 r  design_1_i/clk_wiz_0/inst/clkout1_buf/O
    X0Y0 (CLOCK_ROOT)    net (fo=99, routed)          1.286     1.947    design_1_i/HDMI_TX_0/U0/i_wrap/pxClk
    SLICE_X33Y21         FDRE                                         r  design_1_i/HDMI_TX_0/U0/i_wrap/TMDS_0/i_Enc/qDE_reg/C
                         clock pessimism              0.197     2.145    
    SLICE_X33Y21         FDRE (Hold_DFF_SLICEL_C_D)
                                                      0.046     2.191    design_1_i/HDMI_TX_0/U0/i_wrap/TMDS_0/i_Enc/qDE_reg
  -------------------------------------------------------------------
                         required time                         -2.191    
                         arrival time                           2.254    
  -------------------------------------------------------------------
                         slack                                  0.063    

Slack (MET) :             0.063ns  (arrival time - required time)
  Source:                 design_1_i/angle_encoder_1/inst/angle_reg_reg[2]/C
                            (rising edge-triggered cell FDRE clocked by clk25_design_1_clk_wiz_0_0  {rise@0.000ns fall@20.000ns period=40.000ns})
  Destination:            design_1_i/angle_encoder_1/inst/angle_reg_reg[2]/D
                            (rising edge-triggered cell FDRE clocked by clk25_design_1_clk_wiz_0_0  {rise@0.000ns fall@20.000ns period=40.000ns})
  Path Group:             clk25_design_1_clk_wiz_0_0
  Path Type:              Hold (Min at Fast Process Corner)
  Requirement:            0.000ns  (clk25_design_1_clk_wiz_0_0 rise@0.000ns - clk25_design_1_clk_wiz_0_0 rise@0.000ns)
  Data Path Delay:        0.115ns  (logic 0.060ns (52.001%)  route 0.055ns (47.999%))
  Logic Levels:           1  (LUT6=1)
  Clock Path Skew:        0.006ns (DCD - SCD - CPR)
    Destination Clock Delay (DCD):    1.907ns
    Source Clock Delay      (SCD):    2.100ns
    Clock Pessimism Removal (CPR):    -0.199ns
  Clock Net Delay (Source):      1.098ns (routing 0.640ns, distribution 0.458ns)
  Clock Net Delay (Destination): 1.246ns (routing 0.716ns, distribution 0.530ns)

    Location             Delay type                Incr(ns)  Path(ns)    Netlist Resource(s)
  -------------------------------------------------------------------    -------------------
                         (clock clk25_design_1_clk_wiz_0_0 rise edge)
                                                      0.000     0.000 r  
    D7                                                0.000     0.000 r  clk_100mhz_clk_p (IN)
                         net (fo=0)                   0.079     0.079    design_1_i/clk_wiz_0/inst/clkin1_ibufds/I
    HPIOBDIFFINBUF_X0Y60 DIFFINBUF (Prop_DIFFINBUF_HPIOBDIFFINBUF_DIFF_IN_P_O)
                                                      0.295     0.374 r  design_1_i/clk_wiz_0/inst/clkin1_ibufds/DIFFINBUF_INST/O
                         net (fo=1, routed)           0.040     0.414    design_1_i/clk_wiz_0/inst/clkin1_ibufds/OUT
    D7                   IBUFCTRL (Prop_IBUFCTRL_HPIOB_M_I_O)
                                                      0.000     0.414 r  design_1_i/clk_wiz_0/inst/clkin1_ibufds/IBUFCTRL_INST/O
                         net (fo=1, routed)           0.196     0.610    design_1_i/clk_wiz_0/inst/clk_in1_design_1_clk_wiz_0_0
    MMCM_X0Y2            MMCME4_ADV (Prop_MMCM_CLKIN1_CLKOUT0)
                                                      0.230     0.840 r  design_1_i/clk_wiz_0/inst/mmcme4_adv_inst/CLKOUT0
                         net (fo=1, routed)           0.145     0.985    design_1_i/clk_wiz_0/inst/clk25_design_1_clk_wiz_0_0
    BUFGCE_X0Y68         BUFGCE (Prop_BUFCE_BUFGCE_I_O)
                                                      0.017     1.002 r  design_1_i/clk_wiz_0/inst/clkout1_buf/O
    X0Y0 (CLOCK_ROOT)    net (fo=99, routed)          1.098     2.100    design_1_i/angle_encoder_1/inst/CLK
    SLICE_X20Y3          FDRE                                         r  design_1_i/angle_encoder_1/inst/angle_reg_reg[2]/C
  -------------------------------------------------------------------    -------------------
    SLICE_X20Y3          FDRE (Prop_BFF_SLICEM_C_Q)
                                                      0.038     2.138 r  design_1_i/angle_encoder_1/inst/angle_reg_reg[2]/Q
                         net (fo=38, routed)          0.034     2.173    design_1_i/angle_encoder_1/inst/ANG[2]
    SLICE_X20Y3          LUT6 (Prop_B6LUT_SLICEM_I1_O)
                                                      0.022     2.195 r  design_1_i/angle_encoder_1/inst/angle_reg[2]_i_1/O
                         net (fo=1, routed)           0.021     2.216    design_1_i/angle_encoder_1/inst/angle_reg[2]_i_1_n_0
    SLICE_X20Y3          FDRE                                         r  design_1_i/angle_encoder_1/inst/angle_reg_reg[2]/D
  -------------------------------------------------------------------    -------------------

                         (clock clk25_design_1_clk_wiz_0_0 rise edge)
                                                      0.000     0.000 r  
    D7                                                0.000     0.000 r  clk_100mhz_clk_p (IN)
                         net (fo=0)                   0.100     0.100    design_1_i/clk_wiz_0/inst/clkin1_ibufds/I
    HPIOBDIFFINBUF_X0Y60 DIFFINBUF (Prop_DIFFINBUF_HPIOBDIFFINBUF_DIFF_IN_P_O)
                                                      0.400     0.500 r  design_1_i/clk_wiz_0/inst/clkin1_ibufds/DIFFINBUF_INST/O
                         net (fo=1, routed)           0.050     0.550    design_1_i/clk_wiz_0/inst/clkin1_ibufds/OUT
    D7                   IBUFCTRL (Prop_IBUFCTRL_HPIOB_M_I_O)
                                                      0.000     0.550 r  design_1_i/clk_wiz_0/inst/clkin1_ibufds/IBUFCTRL_INST/O
                         net (fo=1, routed)           0.222     0.772    design_1_i/clk_wiz_0/inst/clk_in1_design_1_clk_wiz_0_0
    MMCM_X0Y2            MMCME4_ADV (Prop_MMCM_CLKIN1_CLKOUT0)
                                                     -0.295     0.477 r  design_1_i/clk_wiz_0/inst/mmcme4_adv_inst/CLKOUT0
                         net (fo=1, routed)           0.165     0.642    design_1_i/clk_wiz_0/inst/clk25_design_1_clk_wiz_0_0
    BUFGCE_X0Y68         BUFGCE (Prop_BUFCE_BUFGCE_I_O)
                                                      0.019     0.661 r  design_1_i/clk_wiz_0/inst/clkout1_buf/O
    X0Y0 (CLOCK_ROOT)    net (fo=99, routed)          1.246     1.907    design_1_i/angle_encoder_1/inst/CLK
    SLICE_X20Y3          FDRE                                         r  design_1_i/angle_encoder_1/inst/angle_reg_reg[2]/C
                         clock pessimism              0.199     2.106    
    SLICE_X20Y3          FDRE (Hold_BFF_SLICEM_C_D)
                                                      0.046     2.152    design_1_i/angle_encoder_1/inst/angle_reg_reg[2]
  -------------------------------------------------------------------
                         required time                         -2.152    
                         arrival time                           2.216    
  -------------------------------------------------------------------
                         slack                                  0.063    

Slack (MET) :             0.065ns  (arrival time - required time)
  Source:                 design_1_i/GameController_0/inst/health_reg_reg[0]/C
                            (rising edge-triggered cell FDPE clocked by clk25_design_1_clk_wiz_0_0  {rise@0.000ns fall@20.000ns period=40.000ns})
  Destination:            design_1_i/GameController_0/inst/health_reg_reg[1]/D
                            (rising edge-triggered cell FDPE clocked by clk25_design_1_clk_wiz_0_0  {rise@0.000ns fall@20.000ns period=40.000ns})
  Path Group:             clk25_design_1_clk_wiz_0_0
  Path Type:              Hold (Min at Fast Process Corner)
  Requirement:            0.000ns  (clk25_design_1_clk_wiz_0_0 rise@0.000ns - clk25_design_1_clk_wiz_0_0 rise@0.000ns)
  Data Path Delay:        0.118ns  (logic 0.076ns (64.572%)  route 0.042ns (35.429%))
  Logic Levels:           1  (LUT3=1)
  Clock Path Skew:        0.006ns (DCD - SCD - CPR)
    Destination Clock Delay (DCD):    1.998ns
    Source Clock Delay      (SCD):    2.184ns
    Clock Pessimism Removal (CPR):    -0.192ns
  Clock Net Delay (Source):      1.182ns (routing 0.640ns, distribution 0.542ns)
  Clock Net Delay (Destination): 1.337ns (routing 0.716ns, distribution 0.621ns)

    Location             Delay type                Incr(ns)  Path(ns)    Netlist Resource(s)
  -------------------------------------------------------------------    -------------------
                         (clock clk25_design_1_clk_wiz_0_0 rise edge)
                                                      0.000     0.000 r  
    D7                                                0.000     0.000 r  clk_100mhz_clk_p (IN)
                         net (fo=0)                   0.079     0.079    design_1_i/clk_wiz_0/inst/clkin1_ibufds/I
    HPIOBDIFFINBUF_X0Y60 DIFFINBUF (Prop_DIFFINBUF_HPIOBDIFFINBUF_DIFF_IN_P_O)
                                                      0.295     0.374 r  design_1_i/clk_wiz_0/inst/clkin1_ibufds/DIFFINBUF_INST/O
                         net (fo=1, routed)           0.040     0.414    design_1_i/clk_wiz_0/inst/clkin1_ibufds/OUT
    D7                   IBUFCTRL (Prop_IBUFCTRL_HPIOB_M_I_O)
                                                      0.000     0.414 r  design_1_i/clk_wiz_0/inst/clkin1_ibufds/IBUFCTRL_INST/O
                         net (fo=1, routed)           0.196     0.610    design_1_i/clk_wiz_0/inst/clk_in1_design_1_clk_wiz_0_0
    MMCM_X0Y2            MMCME4_ADV (Prop_MMCM_CLKIN1_CLKOUT0)
                                                      0.230     0.840 r  design_1_i/clk_wiz_0/inst/mmcme4_adv_inst/CLKOUT0
                         net (fo=1, routed)           0.145     0.985    design_1_i/clk_wiz_0/inst/clk25_design_1_clk_wiz_0_0
    BUFGCE_X0Y68         BUFGCE (Prop_BUFCE_BUFGCE_I_O)
                                                      0.017     1.002 r  design_1_i/clk_wiz_0/inst/clkout1_buf/O
    X0Y0 (CLOCK_ROOT)    net (fo=99, routed)          1.182     2.184    design_1_i/GameController_0/inst/Clk
    SLICE_X48Y31         FDPE                                         r  design_1_i/GameController_0/inst/health_reg_reg[0]/C
  -------------------------------------------------------------------    -------------------
    SLICE_X48Y31         FDPE (Prop_DFF_SLICEM_C_Q)
                                                      0.039     2.223 r  design_1_i/GameController_0/inst/health_reg_reg[0]/Q
                         net (fo=4, routed)           0.033     2.256    design_1_i/GameController_0/inst/Q[0]
    SLICE_X48Y31         LUT3 (Prop_D5LUT_SLICEM_I2_O)
                                                      0.037     2.293 r  design_1_i/GameController_0/inst/health_reg[1]_i_1/O
                         net (fo=1, routed)           0.009     2.302    design_1_i/GameController_0/inst/health_reg[1]_i_1_n_0
    SLICE_X48Y31         FDPE                                         r  design_1_i/GameController_0/inst/health_reg_reg[1]/D
  -------------------------------------------------------------------    -------------------

                         (clock clk25_design_1_clk_wiz_0_0 rise edge)
                                                      0.000     0.000 r  
    D7                                                0.000     0.000 r  clk_100mhz_clk_p (IN)
                         net (fo=0)                   0.100     0.100    design_1_i/clk_wiz_0/inst/clkin1_ibufds/I
    HPIOBDIFFINBUF_X0Y60 DIFFINBUF (Prop_DIFFINBUF_HPIOBDIFFINBUF_DIFF_IN_P_O)
                                                      0.400     0.500 r  design_1_i/clk_wiz_0/inst/clkin1_ibufds/DIFFINBUF_INST/O
                         net (fo=1, routed)           0.050     0.550    design_1_i/clk_wiz_0/inst/clkin1_ibufds/OUT
    D7                   IBUFCTRL (Prop_IBUFCTRL_HPIOB_M_I_O)
                                                      0.000     0.550 r  design_1_i/clk_wiz_0/inst/clkin1_ibufds/IBUFCTRL_INST/O
                         net (fo=1, routed)           0.222     0.772    design_1_i/clk_wiz_0/inst/clk_in1_design_1_clk_wiz_0_0
    MMCM_X0Y2            MMCME4_ADV (Prop_MMCM_CLKIN1_CLKOUT0)
                                                     -0.295     0.477 r  design_1_i/clk_wiz_0/inst/mmcme4_adv_inst/CLKOUT0
                         net (fo=1, routed)           0.165     0.642    design_1_i/clk_wiz_0/inst/clk25_design_1_clk_wiz_0_0
    BUFGCE_X0Y68         BUFGCE (Prop_BUFCE_BUFGCE_I_O)
                                                      0.019     0.661 r  design_1_i/clk_wiz_0/inst/clkout1_buf/O
    X0Y0 (CLOCK_ROOT)    net (fo=99, routed)          1.337     1.998    design_1_i/GameController_0/inst/Clk
    SLICE_X48Y31         FDPE                                         r  design_1_i/GameController_0/inst/health_reg_reg[1]/C
                         clock pessimism              0.192     2.190    
    SLICE_X48Y31         FDPE (Hold_DFF2_SLICEM_C_D)
                                                      0.047     2.237    design_1_i/GameController_0/inst/health_reg_reg[1]
  -------------------------------------------------------------------
                         required time                         -2.237    
                         arrival time                           2.302    
  -------------------------------------------------------------------
                         slack                                  0.065    

Slack (MET) :             0.071ns  (arrival time - required time)
  Source:                 design_1_i/angle_encoder_1/inst/rot_r_delayed_reg/C
                            (rising edge-triggered cell FDRE clocked by clk25_design_1_clk_wiz_0_0  {rise@0.000ns fall@20.000ns period=40.000ns})
  Destination:            design_1_i/angle_encoder_1/inst/angle_reg_reg[1]/D
                            (rising edge-triggered cell FDRE clocked by clk25_design_1_clk_wiz_0_0  {rise@0.000ns fall@20.000ns period=40.000ns})
  Path Group:             clk25_design_1_clk_wiz_0_0
  Path Type:              Hold (Min at Fast Process Corner)
  Requirement:            0.000ns  (clk25_design_1_clk_wiz_0_0 rise@0.000ns - clk25_design_1_clk_wiz_0_0 rise@0.000ns)
  Data Path Delay:        0.165ns  (logic 0.091ns (55.100%)  route 0.074ns (44.900%))
  Logic Levels:           1  (LUT5=1)
  Clock Path Skew:        0.047ns (DCD - SCD - CPR)
    Destination Clock Delay (DCD):    1.907ns
    Source Clock Delay      (SCD):    2.102ns
    Clock Pessimism Removal (CPR):    -0.242ns
  Clock Net Delay (Source):      1.100ns (routing 0.640ns, distribution 0.460ns)
  Clock Net Delay (Destination): 1.246ns (routing 0.716ns, distribution 0.530ns)

    Location             Delay type                Incr(ns)  Path(ns)    Netlist Resource(s)
  -------------------------------------------------------------------    -------------------
                         (clock clk25_design_1_clk_wiz_0_0 rise edge)
                                                      0.000     0.000 r  
    D7                                                0.000     0.000 r  clk_100mhz_clk_p (IN)
                         net (fo=0)                   0.079     0.079    design_1_i/clk_wiz_0/inst/clkin1_ibufds/I
    HPIOBDIFFINBUF_X0Y60 DIFFINBUF (Prop_DIFFINBUF_HPIOBDIFFINBUF_DIFF_IN_P_O)
                                                      0.295     0.374 r  design_1_i/clk_wiz_0/inst/clkin1_ibufds/DIFFINBUF_INST/O
                         net (fo=1, routed)           0.040     0.414    design_1_i/clk_wiz_0/inst/clkin1_ibufds/OUT
    D7                   IBUFCTRL (Prop_IBUFCTRL_HPIOB_M_I_O)
                                                      0.000     0.414 r  design_1_i/clk_wiz_0/inst/clkin1_ibufds/IBUFCTRL_INST/O
                         net (fo=1, routed)           0.196     0.610    design_1_i/clk_wiz_0/inst/clk_in1_design_1_clk_wiz_0_0
    MMCM_X0Y2            MMCME4_ADV (Prop_MMCM_CLKIN1_CLKOUT0)
                                                      0.230     0.840 r  design_1_i/clk_wiz_0/inst/mmcme4_adv_inst/CLKOUT0
                         net (fo=1, routed)           0.145     0.985    design_1_i/clk_wiz_0/inst/clk25_design_1_clk_wiz_0_0
    BUFGCE_X0Y68         BUFGCE (Prop_BUFCE_BUFGCE_I_O)
                                                      0.017     1.002 r  design_1_i/clk_wiz_0/inst/clkout1_buf/O
    X0Y0 (CLOCK_ROOT)    net (fo=99, routed)          1.100     2.102    design_1_i/angle_encoder_1/inst/CLK
    SLICE_X22Y3          FDRE                                         r  design_1_i/angle_encoder_1/inst/rot_r_delayed_reg/C
  -------------------------------------------------------------------    -------------------
    SLICE_X22Y3          FDRE (Prop_CFF2_SLICEL_C_Q)
                                                      0.040     2.142 r  design_1_i/angle_encoder_1/inst/rot_r_delayed_reg/Q
                         net (fo=8, routed)           0.065     2.207    design_1_i/angle_encoder_1/inst/rot_r_delayed
    SLICE_X20Y3          LUT5 (Prop_D5LUT_SLICEM_I2_O)
                                                      0.051     2.258 r  design_1_i/angle_encoder_1/inst/angle_reg[1]_i_1/O
                         net (fo=1, routed)           0.009     2.267    design_1_i/angle_encoder_1/inst/angle_reg[1]_i_1_n_0
    SLICE_X20Y3          FDRE                                         r  design_1_i/angle_encoder_1/inst/angle_reg_reg[1]/D
  -------------------------------------------------------------------    -------------------

                         (clock clk25_design_1_clk_wiz_0_0 rise edge)
                                                      0.000     0.000 r  
    D7                                                0.000     0.000 r  clk_100mhz_clk_p (IN)
                         net (fo=0)                   0.100     0.100    design_1_i/clk_wiz_0/inst/clkin1_ibufds/I
    HPIOBDIFFINBUF_X0Y60 DIFFINBUF (Prop_DIFFINBUF_HPIOBDIFFINBUF_DIFF_IN_P_O)
                                                      0.400     0.500 r  design_1_i/clk_wiz_0/inst/clkin1_ibufds/DIFFINBUF_INST/O
                         net (fo=1, routed)           0.050     0.550    design_1_i/clk_wiz_0/inst/clkin1_ibufds/OUT
    D7                   IBUFCTRL (Prop_IBUFCTRL_HPIOB_M_I_O)
                                                      0.000     0.550 r  design_1_i/clk_wiz_0/inst/clkin1_ibufds/IBUFCTRL_INST/O
                         net (fo=1, routed)           0.222     0.772    design_1_i/clk_wiz_0/inst/clk_in1_design_1_clk_wiz_0_0
    MMCM_X0Y2            MMCME4_ADV (Prop_MMCM_CLKIN1_CLKOUT0)
                                                     -0.295     0.477 r  design_1_i/clk_wiz_0/inst/mmcme4_adv_inst/CLKOUT0
                         net (fo=1, routed)           0.165     0.642    design_1_i/clk_wiz_0/inst/clk25_design_1_clk_wiz_0_0
    BUFGCE_X0Y68         BUFGCE (Prop_BUFCE_BUFGCE_I_O)
                                                      0.019     0.661 r  design_1_i/clk_wiz_0/inst/clkout1_buf/O
    X0Y0 (CLOCK_ROOT)    net (fo=99, routed)          1.246     1.907    design_1_i/angle_encoder_1/inst/CLK
    SLICE_X20Y3          FDRE                                         r  design_1_i/angle_encoder_1/inst/angle_reg_reg[1]/C
                         clock pessimism              0.242     2.149    
    SLICE_X20Y3          FDRE (Hold_DFF2_SLICEM_C_D)
                                                      0.047     2.196    design_1_i/angle_encoder_1/inst/angle_reg_reg[1]
  -------------------------------------------------------------------
                         required time                         -2.196    
                         arrival time                           2.267    
  -------------------------------------------------------------------
                         slack                                  0.071    

Slack (MET) :             0.071ns  (arrival time - required time)
  Source:                 design_1_i/RotaryEnc_0/U0/i_wrap/RotL_reg/C
                            (rising edge-triggered cell FDRE clocked by clk25_design_1_clk_wiz_0_0  {rise@0.000ns fall@20.000ns period=40.000ns})
  Destination:            design_1_i/angle_encoder_1/inst/rot_r_delayed_reg/D
                            (rising edge-triggered cell FDRE clocked by clk25_design_1_clk_wiz_0_0  {rise@0.000ns fall@20.000ns period=40.000ns})
  Path Group:             clk25_design_1_clk_wiz_0_0
  Path Type:              Hold (Min at Fast Process Corner)
  Requirement:            0.000ns  (clk25_design_1_clk_wiz_0_0 rise@0.000ns - clk25_design_1_clk_wiz_0_0 rise@0.000ns)
  Data Path Delay:        0.167ns  (logic 0.039ns (23.413%)  route 0.128ns (76.587%))
  Logic Levels:           0  
  Clock Path Skew:        0.049ns (DCD - SCD - CPR)
    Destination Clock Delay (DCD):    1.907ns
    Source Clock Delay      (SCD):    2.101ns
    Clock Pessimism Removal (CPR):    -0.242ns
  Clock Net Delay (Source):      1.099ns (routing 0.640ns, distribution 0.459ns)
  Clock Net Delay (Destination): 1.246ns (routing 0.716ns, distribution 0.530ns)

    Location             Delay type                Incr(ns)  Path(ns)    Netlist Resource(s)
  -------------------------------------------------------------------    -------------------
                         (clock clk25_design_1_clk_wiz_0_0 rise edge)
                                                      0.000     0.000 r  
    D7                                                0.000     0.000 r  clk_100mhz_clk_p (IN)
                         net (fo=0)                   0.079     0.079    design_1_i/clk_wiz_0/inst/clkin1_ibufds/I
    HPIOBDIFFINBUF_X0Y60 DIFFINBUF (Prop_DIFFINBUF_HPIOBDIFFINBUF_DIFF_IN_P_O)
                                                      0.295     0.374 r  design_1_i/clk_wiz_0/inst/clkin1_ibufds/DIFFINBUF_INST/O
                         net (fo=1, routed)           0.040     0.414    design_1_i/clk_wiz_0/inst/clkin1_ibufds/OUT
    D7                   IBUFCTRL (Prop_IBUFCTRL_HPIOB_M_I_O)
                                                      0.000     0.414 r  design_1_i/clk_wiz_0/inst/clkin1_ibufds/IBUFCTRL_INST/O
                         net (fo=1, routed)           0.196     0.610    design_1_i/clk_wiz_0/inst/clk_in1_design_1_clk_wiz_0_0
    MMCM_X0Y2            MMCME4_ADV (Prop_MMCM_CLKIN1_CLKOUT0)
                                                      0.230     0.840 r  design_1_i/clk_wiz_0/inst/mmcme4_adv_inst/CLKOUT0
                         net (fo=1, routed)           0.145     0.985    design_1_i/clk_wiz_0/inst/clk25_design_1_clk_wiz_0_0
    BUFGCE_X0Y68         BUFGCE (Prop_BUFCE_BUFGCE_I_O)
                                                      0.017     1.002 r  design_1_i/clk_wiz_0/inst/clkout1_buf/O
    X0Y0 (CLOCK_ROOT)    net (fo=99, routed)          1.099     2.101    design_1_i/RotaryEnc_0/U0/i_wrap/Clk
    SLICE_X21Y2          FDRE                                         r  design_1_i/RotaryEnc_0/U0/i_wrap/RotL_reg/C
  -------------------------------------------------------------------    -------------------
    SLICE_X21Y2          FDRE (Prop_BFF_SLICEL_C_Q)
                                                      0.039     2.140 r  design_1_i/RotaryEnc_0/U0/i_wrap/RotL_reg/Q
                         net (fo=9, routed)           0.128     2.267    design_1_i/angle_encoder_1/inst/ROT_R
    SLICE_X22Y3          FDRE                                         r  design_1_i/angle_encoder_1/inst/rot_r_delayed_reg/D
  -------------------------------------------------------------------    -------------------

                         (clock clk25_design_1_clk_wiz_0_0 rise edge)
                                                      0.000     0.000 r  
    D7                                                0.000     0.000 r  clk_100mhz_clk_p (IN)
                         net (fo=0)                   0.100     0.100    design_1_i/clk_wiz_0/inst/clkin1_ibufds/I
    HPIOBDIFFINBUF_X0Y60 DIFFINBUF (Prop_DIFFINBUF_HPIOBDIFFINBUF_DIFF_IN_P_O)
                                                      0.400     0.500 r  design_1_i/clk_wiz_0/inst/clkin1_ibufds/DIFFINBUF_INST/O
                         net (fo=1, routed)           0.050     0.550    design_1_i/clk_wiz_0/inst/clkin1_ibufds/OUT
    D7                   IBUFCTRL (Prop_IBUFCTRL_HPIOB_M_I_O)
                                                      0.000     0.550 r  design_1_i/clk_wiz_0/inst/clkin1_ibufds/IBUFCTRL_INST/O
                         net (fo=1, routed)           0.222     0.772    design_1_i/clk_wiz_0/inst/clk_in1_design_1_clk_wiz_0_0
    MMCM_X0Y2            MMCME4_ADV (Prop_MMCM_CLKIN1_CLKOUT0)
                                                     -0.295     0.477 r  design_1_i/clk_wiz_0/inst/mmcme4_adv_inst/CLKOUT0
                         net (fo=1, routed)           0.165     0.642    design_1_i/clk_wiz_0/inst/clk25_design_1_clk_wiz_0_0
    BUFGCE_X0Y68         BUFGCE (Prop_BUFCE_BUFGCE_I_O)
                                                      0.019     0.661 r  design_1_i/clk_wiz_0/inst/clkout1_buf/O
    X0Y0 (CLOCK_ROOT)    net (fo=99, routed)          1.246     1.907    design_1_i/angle_encoder_1/inst/CLK
    SLICE_X22Y3          FDRE                                         r  design_1_i/angle_encoder_1/inst/rot_r_delayed_reg/C
                         clock pessimism              0.242     2.150    
    SLICE_X22Y3          FDRE (Hold_CFF2_SLICEL_C_D)
                                                      0.047     2.197    design_1_i/angle_encoder_1/inst/rot_r_delayed_reg
  -------------------------------------------------------------------
                         required time                         -2.197    
                         arrival time                           2.267    
  -------------------------------------------------------------------
                         slack                                  0.071    

Slack (MET) :             0.072ns  (arrival time - required time)
  Source:                 design_1_i/VideoTiming_0/inst/HSync_reg/C
                            (rising edge-triggered cell FDRE clocked by clk25_design_1_clk_wiz_0_0  {rise@0.000ns fall@20.000ns period=40.000ns})
  Destination:            design_1_i/HDMI_TX_0/U0/i_wrap/TMDS_0/i_Enc/qC1C0_reg[0]/D
                            (rising edge-triggered cell FDRE clocked by clk25_design_1_clk_wiz_0_0  {rise@0.000ns fall@20.000ns period=40.000ns})
  Path Group:             clk25_design_1_clk_wiz_0_0
  Path Type:              Hold (Min at Fast Process Corner)
  Requirement:            0.000ns  (clk25_design_1_clk_wiz_0_0 rise@0.000ns - clk25_design_1_clk_wiz_0_0 rise@0.000ns)
  Data Path Delay:        0.124ns  (logic 0.039ns (31.448%)  route 0.085ns (68.552%))
  Logic Levels:           0  
  Clock Path Skew:        0.006ns (DCD - SCD - CPR)
    Destination Clock Delay (DCD):    1.953ns
    Source Clock Delay      (SCD):    2.144ns
    Clock Pessimism Removal (CPR):    -0.196ns
  Clock Net Delay (Source):      1.142ns (routing 0.640ns, distribution 0.502ns)
  Clock Net Delay (Destination): 1.292ns (routing 0.716ns, distribution 0.576ns)

    Location             Delay type                Incr(ns)  Path(ns)    Netlist Resource(s)
  -------------------------------------------------------------------    -------------------
                         (clock clk25_design_1_clk_wiz_0_0 rise edge)
                                                      0.000     0.000 r  
    D7                                                0.000     0.000 r  clk_100mhz_clk_p (IN)
                         net (fo=0)                   0.079     0.079    design_1_i/clk_wiz_0/inst/clkin1_ibufds/I
    HPIOBDIFFINBUF_X0Y60 DIFFINBUF (Prop_DIFFINBUF_HPIOBDIFFINBUF_DIFF_IN_P_O)
                                                      0.295     0.374 r  design_1_i/clk_wiz_0/inst/clkin1_ibufds/DIFFINBUF_INST/O
                         net (fo=1, routed)           0.040     0.414    design_1_i/clk_wiz_0/inst/clkin1_ibufds/OUT
    D7                   IBUFCTRL (Prop_IBUFCTRL_HPIOB_M_I_O)
                                                      0.000     0.414 r  design_1_i/clk_wiz_0/inst/clkin1_ibufds/IBUFCTRL_INST/O
                         net (fo=1, routed)           0.196     0.610    design_1_i/clk_wiz_0/inst/clk_in1_design_1_clk_wiz_0_0
    MMCM_X0Y2            MMCME4_ADV (Prop_MMCM_CLKIN1_CLKOUT0)
                                                      0.230     0.840 r  design_1_i/clk_wiz_0/inst/mmcme4_adv_inst/CLKOUT0
                         net (fo=1, routed)           0.145     0.985    design_1_i/clk_wiz_0/inst/clk25_design_1_clk_wiz_0_0
    BUFGCE_X0Y68         BUFGCE (Prop_BUFCE_BUFGCE_I_O)
                                                      0.017     1.002 r  design_1_i/clk_wiz_0/inst/clkout1_buf/O
    X0Y0 (CLOCK_ROOT)    net (fo=99, routed)          1.142     2.144    design_1_i/VideoTiming_0/inst/pixClk
    SLICE_X35Y18         FDRE                                         r  design_1_i/VideoTiming_0/inst/HSync_reg/C
  -------------------------------------------------------------------    -------------------
    SLICE_X35Y18         FDRE (Prop_DFF_SLICEL_C_Q)
                                                      0.039     2.183 r  design_1_i/VideoTiming_0/inst/HSync_reg/Q
                         net (fo=2, routed)           0.085     2.268    design_1_i/HDMI_TX_0/U0/i_wrap/HSync
    SLICE_X35Y18         FDRE                                         r  design_1_i/HDMI_TX_0/U0/i_wrap/TMDS_0/i_Enc/qC1C0_reg[0]/D
  -------------------------------------------------------------------    -------------------

                         (clock clk25_design_1_clk_wiz_0_0 rise edge)
                                                      0.000     0.000 r  
    D7                                                0.000     0.000 r  clk_100mhz_clk_p (IN)
                         net (fo=0)                   0.100     0.100    design_1_i/clk_wiz_0/inst/clkin1_ibufds/I
    HPIOBDIFFINBUF_X0Y60 DIFFINBUF (Prop_DIFFINBUF_HPIOBDIFFINBUF_DIFF_IN_P_O)
                                                      0.400     0.500 r  design_1_i/clk_wiz_0/inst/clkin1_ibufds/DIFFINBUF_INST/O
                         net (fo=1, routed)           0.050     0.550    design_1_i/clk_wiz_0/inst/clkin1_ibufds/OUT
    D7                   IBUFCTRL (Prop_IBUFCTRL_HPIOB_M_I_O)
                                                      0.000     0.550 r  design_1_i/clk_wiz_0/inst/clkin1_ibufds/IBUFCTRL_INST/O
                         net (fo=1, routed)           0.222     0.772    design_1_i/clk_wiz_0/inst/clk_in1_design_1_clk_wiz_0_0
    MMCM_X0Y2            MMCME4_ADV (Prop_MMCM_CLKIN1_CLKOUT0)
                                                     -0.295     0.477 r  design_1_i/clk_wiz_0/inst/mmcme4_adv_inst/CLKOUT0
                         net (fo=1, routed)           0.165     0.642    design_1_i/clk_wiz_0/inst/clk25_design_1_clk_wiz_0_0
    BUFGCE_X0Y68         BUFGCE (Prop_BUFCE_BUFGCE_I_O)
                                                      0.019     0.661 r  design_1_i/clk_wiz_0/inst/clkout1_buf/O
    X0Y0 (CLOCK_ROOT)    net (fo=99, routed)          1.292     1.953    design_1_i/HDMI_TX_0/U0/i_wrap/pxClk
    SLICE_X35Y18         FDRE                                         r  design_1_i/HDMI_TX_0/U0/i_wrap/TMDS_0/i_Enc/qC1C0_reg[0]/C
                         clock pessimism              0.196     2.150    
    SLICE_X35Y18         FDRE (Hold_AFF_SLICEL_C_D)
                                                      0.046     2.196    design_1_i/HDMI_TX_0/U0/i_wrap/TMDS_0/i_Enc/qC1C0_reg[0]
  -------------------------------------------------------------------
                         required time                         -2.196    
                         arrival time                           2.268    
  -------------------------------------------------------------------
                         slack                                  0.072    





Pulse Width Checks
--------------------------------------------------------------------------------------
Clock Name:         clk25_design_1_clk_wiz_0_0
Waveform(ns):       { 0.000 20.000 }
Period(ns):         40.000
Sources:            { design_1_i/clk_wiz_0/inst/mmcme4_adv_inst/CLKOUT0 }

Check Type        Corner  Lib Pin             Reference Pin  Required(ns)  Actual(ns)  Slack(ns)  Location      Pin
Min Period        n/a     BUFGCE/I            n/a            1.290         40.000      38.710     BUFGCE_X0Y68  design_1_i/clk_wiz_0/inst/clkout1_buf/I
Min Period        n/a     MMCME4_ADV/CLKOUT0  n/a            1.071         40.000      38.929     MMCM_X0Y2     design_1_i/clk_wiz_0/inst/mmcme4_adv_inst/CLKOUT0
Min Period        n/a     FDPE/C              n/a            0.550         40.000      39.450     SLICE_X48Y31  design_1_i/GameController_0/inst/health_reg_reg[0]/C
Min Period        n/a     FDPE/C              n/a            0.550         40.000      39.450     SLICE_X48Y31  design_1_i/GameController_0/inst/health_reg_reg[1]/C
Min Period        n/a     FDCE/C              n/a            0.550         40.000      39.450     SLICE_X48Y31  design_1_i/GameController_0/inst/health_reg_reg[2]/C
Min Period        n/a     FDRE/C              n/a            0.550         40.000      39.450     SLICE_X40Y15  design_1_i/HDMI_TX_0/U0/i_wrap/TMDS_0/i_Enc/Cnt_reg[1]/C
Min Period        n/a     FDRE/C              n/a            0.550         40.000      39.450     SLICE_X40Y15  design_1_i/HDMI_TX_0/U0/i_wrap/TMDS_0/i_Enc/Cnt_reg[2]/C
Min Period        n/a     FDRE/C              n/a            0.550         40.000      39.450     SLICE_X40Y16  design_1_i/HDMI_TX_0/U0/i_wrap/TMDS_0/i_Enc/Cnt_reg[3]/C
Min Period        n/a     FDRE/C              n/a            0.550         40.000      39.450     SLICE_X40Y17  design_1_i/HDMI_TX_0/U0/i_wrap/TMDS_0/i_Enc/Cnt_reg[4]/C
Min Period        n/a     FDRE/C              n/a            0.550         40.000      39.450     SLICE_X35Y18  design_1_i/HDMI_TX_0/U0/i_wrap/TMDS_0/i_Enc/qC1C0_reg[0]/C
Low Pulse Width   Slow    FDPE/C              n/a            0.275         20.000      19.725     SLICE_X48Y31  design_1_i/GameController_0/inst/health_reg_reg[0]/C
Low Pulse Width   Fast    FDPE/C              n/a            0.275         20.000      19.725     SLICE_X48Y31  design_1_i/GameController_0/inst/health_reg_reg[0]/C
Low Pulse Width   Slow    FDPE/C              n/a            0.275         20.000      19.725     SLICE_X48Y31  design_1_i/GameController_0/inst/health_reg_reg[1]/C
Low Pulse Width   Fast    FDPE/C              n/a            0.275         20.000      19.725     SLICE_X48Y31  design_1_i/GameController_0/inst/health_reg_reg[1]/C
Low Pulse Width   Slow    FDCE/C              n/a            0.275         20.000      19.725     SLICE_X48Y31  design_1_i/GameController_0/inst/health_reg_reg[2]/C
Low Pulse Width   Fast    FDCE/C              n/a            0.275         20.000      19.725     SLICE_X48Y31  design_1_i/GameController_0/inst/health_reg_reg[2]/C
Low Pulse Width   Slow    FDRE/C              n/a            0.275         20.000      19.725     SLICE_X40Y15  design_1_i/HDMI_TX_0/U0/i_wrap/TMDS_0/i_Enc/Cnt_reg[1]/C
Low Pulse Width   Fast    FDRE/C              n/a            0.275         20.000      19.725     SLICE_X40Y15  design_1_i/HDMI_TX_0/U0/i_wrap/TMDS_0/i_Enc/Cnt_reg[1]/C
Low Pulse Width   Slow    FDRE/C              n/a            0.275         20.000      19.725     SLICE_X40Y15  design_1_i/HDMI_TX_0/U0/i_wrap/TMDS_0/i_Enc/Cnt_reg[2]/C
Low Pulse Width   Fast    FDRE/C              n/a            0.275         20.000      19.725     SLICE_X40Y15  design_1_i/HDMI_TX_0/U0/i_wrap/TMDS_0/i_Enc/Cnt_reg[2]/C
High Pulse Width  Slow    FDPE/C              n/a            0.275         20.000      19.725     SLICE_X48Y31  design_1_i/GameController_0/inst/health_reg_reg[0]/C
High Pulse Width  Fast    FDPE/C              n/a            0.275         20.000      19.725     SLICE_X48Y31  design_1_i/GameController_0/inst/health_reg_reg[0]/C
High Pulse Width  Slow    FDPE/C              n/a            0.275         20.000      19.725     SLICE_X48Y31  design_1_i/GameController_0/inst/health_reg_reg[1]/C
High Pulse Width  Fast    FDPE/C              n/a            0.275         20.000      19.725     SLICE_X48Y31  design_1_i/GameController_0/inst/health_reg_reg[1]/C
High Pulse Width  Slow    FDCE/C              n/a            0.275         20.000      19.725     SLICE_X48Y31  design_1_i/GameController_0/inst/health_reg_reg[2]/C
High Pulse Width  Fast    FDCE/C              n/a            0.275         20.000      19.725     SLICE_X48Y31  design_1_i/GameController_0/inst/health_reg_reg[2]/C
High Pulse Width  Slow    FDRE/C              n/a            0.275         20.000      19.725     SLICE_X40Y15  design_1_i/HDMI_TX_0/U0/i_wrap/TMDS_0/i_Enc/Cnt_reg[1]/C
High Pulse Width  Fast    FDRE/C              n/a            0.275         20.000      19.725     SLICE_X40Y15  design_1_i/HDMI_TX_0/U0/i_wrap/TMDS_0/i_Enc/Cnt_reg[1]/C
High Pulse Width  Slow    FDRE/C              n/a            0.275         20.000      19.725     SLICE_X40Y15  design_1_i/HDMI_TX_0/U0/i_wrap/TMDS_0/i_Enc/Cnt_reg[2]/C
High Pulse Width  Fast    FDRE/C              n/a            0.275         20.000      19.725     SLICE_X40Y15  design_1_i/HDMI_TX_0/U0/i_wrap/TMDS_0/i_Enc/Cnt_reg[2]/C



---------------------------------------------------------------------------------------------------
From Clock:  clk25_design_1_clk_wiz_0_0
  To Clock:  clk125_design_1_clk_wiz_0_0

Setup :            0  Failing Endpoints,  Worst Slack        4.182ns,  Total Violation        0.000ns
Hold  :            0  Failing Endpoints,  Worst Slack        0.049ns,  Total Violation        0.000ns
---------------------------------------------------------------------------------------------------


Max Delay Paths
--------------------------------------------------------------------------------------
Slack (MET) :             4.182ns  (required time - arrival time)
  Source:                 design_1_i/HDMI_TX_0/U0/i_wrap/TMDS_1/i_Enc/qD_reg[0]/C
                            (rising edge-triggered cell FDRE clocked by clk25_design_1_clk_wiz_0_0  {rise@0.000ns fall@20.000ns period=40.000ns})
  Destination:            design_1_i/HDMI_TX_0/U0/i_wrap/TMDS_1/i_GBox/sReg_reg[4]/D
                            (rising edge-triggered cell FDRE clocked by clk125_design_1_clk_wiz_0_0  {rise@0.000ns fall@4.000ns period=8.000ns})
  Path Group:             clk125_design_1_clk_wiz_0_0
  Path Type:              Setup (Max at Slow Process Corner)
  Requirement:            8.000ns  (clk125_design_1_clk_wiz_0_0 rise@8.000ns - clk25_design_1_clk_wiz_0_0 rise@0.000ns)
  Data Path Delay:        3.209ns  (logic 0.818ns (25.489%)  route 2.391ns (74.511%))
  Logic Levels:           7  (LUT3=1 LUT5=3 LUT6=3)
  Clock Path Skew:        -0.431ns (DCD - SCD + CPR)
    Destination Clock Delay (DCD):    3.526ns = ( 11.526 - 8.000 ) 
    Source Clock Delay      (SCD):    3.392ns
    Clock Pessimism Removal (CPR):    -0.565ns
  Clock Uncertainty:      0.202ns  ((TSJ^2 + DJ^2)^1/2) / 2 + PE
    Total System Jitter     (TSJ):    0.071ns
    Discrete Jitter          (DJ):    0.148ns
    Phase Error              (PE):    0.120ns
  Clock Net Delay (Source):      2.084ns (routing 1.172ns, distribution 0.912ns)
  Clock Net Delay (Destination): 1.681ns (routing 0.938ns, distribution 0.743ns)

    Location             Delay type                Incr(ns)  Path(ns)    Netlist Resource(s)
  -------------------------------------------------------------------    -------------------
                         (clock clk25_design_1_clk_wiz_0_0 rise edge)
                                                      0.000     0.000 r  
    D7                                                0.000     0.000 r  clk_100mhz_clk_p (IN)
                         net (fo=0)                   0.100     0.100    design_1_i/clk_wiz_0/inst/clkin1_ibufds/I
    HPIOBDIFFINBUF_X0Y60 DIFFINBUF (Prop_DIFFINBUF_HPIOBDIFFINBUF_DIFF_IN_P_O)
                                                      0.629     0.729 r  design_1_i/clk_wiz_0/inst/clkin1_ibufds/DIFFINBUF_INST/O
                         net (fo=1, routed)           0.050     0.779    design_1_i/clk_wiz_0/inst/clkin1_ibufds/OUT
    D7                   IBUFCTRL (Prop_IBUFCTRL_HPIOB_M_I_O)
                                                      0.000     0.779 r  design_1_i/clk_wiz_0/inst/clkin1_ibufds/IBUFCTRL_INST/O
                         net (fo=1, routed)           0.384     1.163    design_1_i/clk_wiz_0/inst/clk_in1_design_1_clk_wiz_0_0
    MMCM_X0Y2            MMCME4_ADV (Prop_MMCM_CLKIN1_CLKOUT0)
                                                     -0.127     1.036 r  design_1_i/clk_wiz_0/inst/mmcme4_adv_inst/CLKOUT0
                         net (fo=1, routed)           0.244     1.280    design_1_i/clk_wiz_0/inst/clk25_design_1_clk_wiz_0_0
    BUFGCE_X0Y68         BUFGCE (Prop_BUFCE_BUFGCE_I_O)
                                                      0.028     1.308 r  design_1_i/clk_wiz_0/inst/clkout1_buf/O
    X0Y0 (CLOCK_ROOT)    net (fo=99, routed)          2.084     3.392    design_1_i/HDMI_TX_0/U0/i_wrap/pxClk
    SLICE_X36Y16         FDRE                                         r  design_1_i/HDMI_TX_0/U0/i_wrap/TMDS_1/i_Enc/qD_reg[0]/C
  -------------------------------------------------------------------    -------------------
    SLICE_X36Y16         FDRE (Prop_FFF2_SLICEL_C_Q)
                                                      0.081     3.473 r  design_1_i/HDMI_TX_0/U0/i_wrap/TMDS_1/i_Enc/qD_reg[0]/Q
                         net (fo=12, routed)          0.212     3.685    design_1_i/HDMI_TX_0/U0/i_wrap/TMDS_1/i_Enc/qD_reg_n_0_[0]
    SLICE_X36Y15         LUT5 (Prop_D5LUT_SLICEL_I0_O)
                                                      0.110     3.795 r  design_1_i/HDMI_TX_0/U0/i_wrap/g0_b1__0/O
                         net (fo=2, routed)           0.206     4.001    design_1_i/HDMI_TX_0/U0/i_wrap/g0_b1__0_n_0
    SLICE_X36Y15         LUT6 (Prop_B6LUT_SLICEL_I5_O)
                                                      0.090     4.091 r  design_1_i/HDMI_TX_0/U0/i_wrap/g0_b2_i_3__0/O
                         net (fo=1, routed)           0.138     4.229    design_1_i/HDMI_TX_0/U0/i_wrap/g0_b2_i_3__0_n_0
    SLICE_X36Y16         LUT6 (Prop_F6LUT_SLICEL_I0_O)
                                                      0.089     4.318 r  design_1_i/HDMI_TX_0/U0/i_wrap/g0_b2_i_1__0/O
                         net (fo=22, routed)          0.155     4.474    design_1_i/HDMI_TX_0/U0/i_wrap/g0_b2_i_1__0_n_0
    SLICE_X37Y16         LUT6 (Prop_H6LUT_SLICEM_I0_O)
                                                      0.125     4.599 r  design_1_i/HDMI_TX_0/U0/i_wrap/Cnt[4]_i_12__0/O
                         net (fo=14, routed)          0.496     5.094    design_1_i/HDMI_TX_0/U0/i_wrap/Cnt[4]_i_12__0_n_0
    SLICE_X39Y12         LUT5 (Prop_D5LUT_SLICEM_I1_O)
                                                      0.110     5.204 f  design_1_i/HDMI_TX_0/U0/i_wrap/Cnt[4]_i_3__0/O
                         net (fo=8, routed)           0.703     5.908    design_1_i/HDMI_TX_0/U0/i_wrap/Cnt[4]_i_3__0_n_0
    SLICE_X36Y11         LUT3 (Prop_H5LUT_SLICEL_I0_O)
                                                      0.065     5.973 r  design_1_i/HDMI_TX_0/U0/i_wrap/sReg[9]_i_2__0/O
                         net (fo=6, routed)           0.432     6.404    design_1_i/HDMI_TX_0/U0/i_wrap/sReg[9]_i_2__0_n_0
    SLICE_X38Y10         LUT5 (Prop_B6LUT_SLICEL_I2_O)
                                                      0.148     6.552 r  design_1_i/HDMI_TX_0/U0/i_wrap/sReg[4]_i_1__0/O
                         net (fo=1, routed)           0.049     6.601    design_1_i/HDMI_TX_0/U0/i_wrap/sReg[4]_i_1__0_n_0
    SLICE_X38Y10         FDRE                                         r  design_1_i/HDMI_TX_0/U0/i_wrap/TMDS_1/i_GBox/sReg_reg[4]/D
  -------------------------------------------------------------------    -------------------

                         (clock clk125_design_1_clk_wiz_0_0 rise edge)
                                                      8.000     8.000 r  
    D7                                                0.000     8.000 r  clk_100mhz_clk_p (IN)
                         net (fo=0)                   0.079     8.079    design_1_i/clk_wiz_0/inst/clkin1_ibufds/I
    HPIOBDIFFINBUF_X0Y60 DIFFINBUF (Prop_DIFFINBUF_HPIOBDIFFINBUF_DIFF_IN_P_O)
                                                      0.519     8.598 r  design_1_i/clk_wiz_0/inst/clkin1_ibufds/DIFFINBUF_INST/O
                         net (fo=1, routed)           0.040     8.638    design_1_i/clk_wiz_0/inst/clkin1_ibufds/OUT
    D7                   IBUFCTRL (Prop_IBUFCTRL_HPIOB_M_I_O)
                                                      0.000     8.638 r  design_1_i/clk_wiz_0/inst/clkin1_ibufds/IBUFCTRL_INST/O
                         net (fo=1, routed)           0.333     8.971    design_1_i/clk_wiz_0/inst/clk_in1_design_1_clk_wiz_0_0
    MMCM_X0Y2            MMCME4_ADV (Prop_MMCM_CLKIN1_CLKOUT1)
                                                      0.630     9.601 r  design_1_i/clk_wiz_0/inst/mmcme4_adv_inst/CLKOUT1
                         net (fo=1, routed)           0.220     9.821    design_1_i/clk_wiz_0/inst/clk125_design_1_clk_wiz_0_0
    BUFGCE_X0Y54         BUFGCE (Prop_BUFCE_BUFGCE_I_O)
                                                      0.024     9.845 r  design_1_i/clk_wiz_0/inst/clkout2_buf/O
    X1Y0 (CLOCK_ROOT)    net (fo=53, routed)          1.681    11.526    design_1_i/HDMI_TX_0/U0/i_wrap/pxClkX5
    SLICE_X38Y10         FDRE                                         r  design_1_i/HDMI_TX_0/U0/i_wrap/TMDS_1/i_GBox/sReg_reg[4]/C
                         clock pessimism             -0.565    10.961    
                         clock uncertainty           -0.202    10.759    
    SLICE_X38Y10         FDRE (Setup_BFF_SLICEL_C_D)
                                                      0.025    10.784    design_1_i/HDMI_TX_0/U0/i_wrap/TMDS_1/i_GBox/sReg_reg[4]
  -------------------------------------------------------------------
                         required time                         10.784    
                         arrival time                          -6.601    
  -------------------------------------------------------------------
                         slack                                  4.182    

Slack (MET) :             4.185ns  (required time - arrival time)
  Source:                 design_1_i/HDMI_TX_0/U0/i_wrap/TMDS_2/i_Enc/qD_reg[4]/C
                            (rising edge-triggered cell FDRE clocked by clk25_design_1_clk_wiz_0_0  {rise@0.000ns fall@20.000ns period=40.000ns})
  Destination:            design_1_i/HDMI_TX_0/U0/i_wrap/TMDS_2/i_GBox/sReg_reg[3]/D
                            (rising edge-triggered cell FDRE clocked by clk125_design_1_clk_wiz_0_0  {rise@0.000ns fall@4.000ns period=8.000ns})
  Path Group:             clk125_design_1_clk_wiz_0_0
  Path Type:              Setup (Max at Slow Process Corner)
  Requirement:            8.000ns  (clk125_design_1_clk_wiz_0_0 rise@8.000ns - clk25_design_1_clk_wiz_0_0 rise@0.000ns)
  Data Path Delay:        3.203ns  (logic 0.728ns (22.732%)  route 2.475ns (77.268%))
  Logic Levels:           7  (LUT4=1 LUT5=2 LUT6=4)
  Clock Path Skew:        -0.435ns (DCD - SCD + CPR)
    Destination Clock Delay (DCD):    3.495ns = ( 11.495 - 8.000 ) 
    Source Clock Delay      (SCD):    3.365ns
    Clock Pessimism Removal (CPR):    -0.565ns
  Clock Uncertainty:      0.202ns  ((TSJ^2 + DJ^2)^1/2) / 2 + PE
    Total System Jitter     (TSJ):    0.071ns
    Discrete Jitter          (DJ):    0.148ns
    Phase Error              (PE):    0.120ns
  Clock Net Delay (Source):      2.057ns (routing 1.172ns, distribution 0.885ns)
  Clock Net Delay (Destination): 1.650ns (routing 0.938ns, distribution 0.712ns)

    Location             Delay type                Incr(ns)  Path(ns)    Netlist Resource(s)
  -------------------------------------------------------------------    -------------------
                         (clock clk25_design_1_clk_wiz_0_0 rise edge)
                                                      0.000     0.000 r  
    D7                                                0.000     0.000 r  clk_100mhz_clk_p (IN)
                         net (fo=0)                   0.100     0.100    design_1_i/clk_wiz_0/inst/clkin1_ibufds/I
    HPIOBDIFFINBUF_X0Y60 DIFFINBUF (Prop_DIFFINBUF_HPIOBDIFFINBUF_DIFF_IN_P_O)
                                                      0.629     0.729 r  design_1_i/clk_wiz_0/inst/clkin1_ibufds/DIFFINBUF_INST/O
                         net (fo=1, routed)           0.050     0.779    design_1_i/clk_wiz_0/inst/clkin1_ibufds/OUT
    D7                   IBUFCTRL (Prop_IBUFCTRL_HPIOB_M_I_O)
                                                      0.000     0.779 r  design_1_i/clk_wiz_0/inst/clkin1_ibufds/IBUFCTRL_INST/O
                         net (fo=1, routed)           0.384     1.163    design_1_i/clk_wiz_0/inst/clk_in1_design_1_clk_wiz_0_0
    MMCM_X0Y2            MMCME4_ADV (Prop_MMCM_CLKIN1_CLKOUT0)
                                                     -0.127     1.036 r  design_1_i/clk_wiz_0/inst/mmcme4_adv_inst/CLKOUT0
                         net (fo=1, routed)           0.244     1.280    design_1_i/clk_wiz_0/inst/clk25_design_1_clk_wiz_0_0
    BUFGCE_X0Y68         BUFGCE (Prop_BUFCE_BUFGCE_I_O)
                                                      0.028     1.308 r  design_1_i/clk_wiz_0/inst/clkout1_buf/O
    X0Y0 (CLOCK_ROOT)    net (fo=99, routed)          2.057     3.365    design_1_i/HDMI_TX_0/U0/i_wrap/pxClk
    SLICE_X30Y7          FDRE                                         r  design_1_i/HDMI_TX_0/U0/i_wrap/TMDS_2/i_Enc/qD_reg[4]/C
  -------------------------------------------------------------------    -------------------
    SLICE_X30Y7          FDRE (Prop_BFF_SLICEL_C_Q)
                                                      0.079     3.444 r  design_1_i/HDMI_TX_0/U0/i_wrap/TMDS_2/i_Enc/qD_reg[4]/Q
                         net (fo=5, routed)           0.507     3.952    design_1_i/HDMI_TX_0/U0/i_wrap/TMDS_2/i_Enc/p_6_in
    SLICE_X36Y6          LUT5 (Prop_B5LUT_SLICEL_I4_O)
                                                      0.104     4.056 r  design_1_i/HDMI_TX_0/U0/i_wrap/g0_b2__1/O
                         net (fo=2, routed)           0.301     4.357    design_1_i/HDMI_TX_0/U0/i_wrap/g0_b2__1_n_0
    SLICE_X36Y5          LUT6 (Prop_F6LUT_SLICEL_I0_O)
                                                      0.097     4.454 r  design_1_i/HDMI_TX_0/U0/i_wrap/g0_b2_i_1__1/O
                         net (fo=23, routed)          0.100     4.554    design_1_i/HDMI_TX_0/U0/i_wrap/g0_b2_i_1__1_n_0
    SLICE_X36Y6          LUT6 (Prop_H6LUT_SLICEL_I4_O)
                                                      0.051     4.605 r  design_1_i/HDMI_TX_0/U0/i_wrap/g0_b1__4/O
                         net (fo=4, routed)           0.294     4.899    design_1_i/HDMI_TX_0/U0/i_wrap/g0_b1__4_n_0
    SLICE_X34Y5          LUT6 (Prop_H6LUT_SLICEM_I0_O)
                                                      0.101     5.000 r  design_1_i/HDMI_TX_0/U0/i_wrap/Cnt[4]_i_10__0/O
                         net (fo=8, routed)           0.258     5.258    design_1_i/HDMI_TX_0/U0/i_wrap/Cnt[4]_i_10__0_n_0
    SLICE_X35Y4          LUT4 (Prop_A6LUT_SLICEL_I2_O)
                                                      0.149     5.407 r  design_1_i/HDMI_TX_0/U0/i_wrap/Cnt[4]_i_4__1/O
                         net (fo=8, routed)           0.336     5.743    design_1_i/HDMI_TX_0/U0/i_wrap/Cnt[4]_i_4__1_n_0
    SLICE_X36Y4          LUT6 (Prop_C6LUT_SLICEL_I4_O)
                                                      0.096     5.839 r  design_1_i/HDMI_TX_0/U0/i_wrap/sReg[3]_i_2__0/O
                         net (fo=1, routed)           0.242     6.081    design_1_i/HDMI_TX_0/U0/i_wrap/sReg[3]_i_2__0_n_0
    SLICE_X36Y4          LUT5 (Prop_H6LUT_SLICEL_I0_O)
                                                      0.051     6.132 r  design_1_i/HDMI_TX_0/U0/i_wrap/sReg[3]_i_1__1/O
                         net (fo=1, routed)           0.436     6.568    design_1_i/HDMI_TX_0/U0/i_wrap/sReg[3]_i_1__1_n_0
    SLICE_X36Y3          FDRE                                         r  design_1_i/HDMI_TX_0/U0/i_wrap/TMDS_2/i_GBox/sReg_reg[3]/D
  -------------------------------------------------------------------    -------------------

                         (clock clk125_design_1_clk_wiz_0_0 rise edge)
                                                      8.000     8.000 r  
    D7                                                0.000     8.000 r  clk_100mhz_clk_p (IN)
                         net (fo=0)                   0.079     8.079    design_1_i/clk_wiz_0/inst/clkin1_ibufds/I
    HPIOBDIFFINBUF_X0Y60 DIFFINBUF (Prop_DIFFINBUF_HPIOBDIFFINBUF_DIFF_IN_P_O)
                                                      0.519     8.598 r  design_1_i/clk_wiz_0/inst/clkin1_ibufds/DIFFINBUF_INST/O
                         net (fo=1, routed)           0.040     8.638    design_1_i/clk_wiz_0/inst/clkin1_ibufds/OUT
    D7                   IBUFCTRL (Prop_IBUFCTRL_HPIOB_M_I_O)
                                                      0.000     8.638 r  design_1_i/clk_wiz_0/inst/clkin1_ibufds/IBUFCTRL_INST/O
                         net (fo=1, routed)           0.333     8.971    design_1_i/clk_wiz_0/inst/clk_in1_design_1_clk_wiz_0_0
    MMCM_X0Y2            MMCME4_ADV (Prop_MMCM_CLKIN1_CLKOUT1)
                                                      0.630     9.601 r  design_1_i/clk_wiz_0/inst/mmcme4_adv_inst/CLKOUT1
                         net (fo=1, routed)           0.220     9.821    design_1_i/clk_wiz_0/inst/clk125_design_1_clk_wiz_0_0
    BUFGCE_X0Y54         BUFGCE (Prop_BUFCE_BUFGCE_I_O)
                                                      0.024     9.845 r  design_1_i/clk_wiz_0/inst/clkout2_buf/O
    X1Y0 (CLOCK_ROOT)    net (fo=53, routed)          1.650    11.495    design_1_i/HDMI_TX_0/U0/i_wrap/pxClkX5
    SLICE_X36Y3          FDRE                                         r  design_1_i/HDMI_TX_0/U0/i_wrap/TMDS_2/i_GBox/sReg_reg[3]/C
                         clock pessimism             -0.565    10.930    
                         clock uncertainty           -0.202    10.728    
    SLICE_X36Y3          FDRE (Setup_EFF_SLICEL_C_D)
                                                      0.025    10.753    design_1_i/HDMI_TX_0/U0/i_wrap/TMDS_2/i_GBox/sReg_reg[3]
  -------------------------------------------------------------------
                         required time                         10.753    
                         arrival time                          -6.568    
  -------------------------------------------------------------------
                         slack                                  4.185    

Slack (MET) :             4.205ns  (required time - arrival time)
  Source:                 design_1_i/HDMI_TX_0/U0/i_wrap/TMDS_1/i_Enc/qD_reg[0]/C
                            (rising edge-triggered cell FDRE clocked by clk25_design_1_clk_wiz_0_0  {rise@0.000ns fall@20.000ns period=40.000ns})
  Destination:            design_1_i/HDMI_TX_0/U0/i_wrap/TMDS_1/i_GBox/sReg_reg[2]/D
                            (rising edge-triggered cell FDRE clocked by clk125_design_1_clk_wiz_0_0  {rise@0.000ns fall@4.000ns period=8.000ns})
  Path Group:             clk125_design_1_clk_wiz_0_0
  Path Type:              Setup (Max at Slow Process Corner)
  Requirement:            8.000ns  (clk125_design_1_clk_wiz_0_0 rise@8.000ns - clk25_design_1_clk_wiz_0_0 rise@0.000ns)
  Data Path Delay:        3.187ns  (logic 0.758ns (23.784%)  route 2.429ns (76.216%))
  Logic Levels:           7  (LUT3=1 LUT5=3 LUT6=3)
  Clock Path Skew:        -0.431ns (DCD - SCD + CPR)
    Destination Clock Delay (DCD):    3.526ns = ( 11.526 - 8.000 ) 
    Source Clock Delay      (SCD):    3.392ns
    Clock Pessimism Removal (CPR):    -0.565ns
  Clock Uncertainty:      0.202ns  ((TSJ^2 + DJ^2)^1/2) / 2 + PE
    Total System Jitter     (TSJ):    0.071ns
    Discrete Jitter          (DJ):    0.148ns
    Phase Error              (PE):    0.120ns
  Clock Net Delay (Source):      2.084ns (routing 1.172ns, distribution 0.912ns)
  Clock Net Delay (Destination): 1.681ns (routing 0.938ns, distribution 0.743ns)

    Location             Delay type                Incr(ns)  Path(ns)    Netlist Resource(s)
  -------------------------------------------------------------------    -------------------
                         (clock clk25_design_1_clk_wiz_0_0 rise edge)
                                                      0.000     0.000 r  
    D7                                                0.000     0.000 r  clk_100mhz_clk_p (IN)
                         net (fo=0)                   0.100     0.100    design_1_i/clk_wiz_0/inst/clkin1_ibufds/I
    HPIOBDIFFINBUF_X0Y60 DIFFINBUF (Prop_DIFFINBUF_HPIOBDIFFINBUF_DIFF_IN_P_O)
                                                      0.629     0.729 r  design_1_i/clk_wiz_0/inst/clkin1_ibufds/DIFFINBUF_INST/O
                         net (fo=1, routed)           0.050     0.779    design_1_i/clk_wiz_0/inst/clkin1_ibufds/OUT
    D7                   IBUFCTRL (Prop_IBUFCTRL_HPIOB_M_I_O)
                                                      0.000     0.779 r  design_1_i/clk_wiz_0/inst/clkin1_ibufds/IBUFCTRL_INST/O
                         net (fo=1, routed)           0.384     1.163    design_1_i/clk_wiz_0/inst/clk_in1_design_1_clk_wiz_0_0
    MMCM_X0Y2            MMCME4_ADV (Prop_MMCM_CLKIN1_CLKOUT0)
                                                     -0.127     1.036 r  design_1_i/clk_wiz_0/inst/mmcme4_adv_inst/CLKOUT0
                         net (fo=1, routed)           0.244     1.280    design_1_i/clk_wiz_0/inst/clk25_design_1_clk_wiz_0_0
    BUFGCE_X0Y68         BUFGCE (Prop_BUFCE_BUFGCE_I_O)
                                                      0.028     1.308 r  design_1_i/clk_wiz_0/inst/clkout1_buf/O
    X0Y0 (CLOCK_ROOT)    net (fo=99, routed)          2.084     3.392    design_1_i/HDMI_TX_0/U0/i_wrap/pxClk
    SLICE_X36Y16         FDRE                                         r  design_1_i/HDMI_TX_0/U0/i_wrap/TMDS_1/i_Enc/qD_reg[0]/C
  -------------------------------------------------------------------    -------------------
    SLICE_X36Y16         FDRE (Prop_FFF2_SLICEL_C_Q)
                                                      0.081     3.473 r  design_1_i/HDMI_TX_0/U0/i_wrap/TMDS_1/i_Enc/qD_reg[0]/Q
                         net (fo=12, routed)          0.212     3.685    design_1_i/HDMI_TX_0/U0/i_wrap/TMDS_1/i_Enc/qD_reg_n_0_[0]
    SLICE_X36Y15         LUT5 (Prop_D5LUT_SLICEL_I0_O)
                                                      0.110     3.795 r  design_1_i/HDMI_TX_0/U0/i_wrap/g0_b1__0/O
                         net (fo=2, routed)           0.206     4.001    design_1_i/HDMI_TX_0/U0/i_wrap/g0_b1__0_n_0
    SLICE_X36Y15         LUT6 (Prop_B6LUT_SLICEL_I5_O)
                                                      0.090     4.091 r  design_1_i/HDMI_TX_0/U0/i_wrap/g0_b2_i_3__0/O
                         net (fo=1, routed)           0.138     4.229    design_1_i/HDMI_TX_0/U0/i_wrap/g0_b2_i_3__0_n_0
    SLICE_X36Y16         LUT6 (Prop_F6LUT_SLICEL_I0_O)
                                                      0.089     4.318 r  design_1_i/HDMI_TX_0/U0/i_wrap/g0_b2_i_1__0/O
                         net (fo=22, routed)          0.155     4.474    design_1_i/HDMI_TX_0/U0/i_wrap/g0_b2_i_1__0_n_0
    SLICE_X37Y16         LUT6 (Prop_H6LUT_SLICEM_I0_O)
                                                      0.125     4.599 r  design_1_i/HDMI_TX_0/U0/i_wrap/Cnt[4]_i_12__0/O
                         net (fo=14, routed)          0.496     5.094    design_1_i/HDMI_TX_0/U0/i_wrap/Cnt[4]_i_12__0_n_0
    SLICE_X39Y12         LUT5 (Prop_D5LUT_SLICEM_I1_O)
                                                      0.110     5.204 f  design_1_i/HDMI_TX_0/U0/i_wrap/Cnt[4]_i_3__0/O
                         net (fo=8, routed)           0.703     5.908    design_1_i/HDMI_TX_0/U0/i_wrap/Cnt[4]_i_3__0_n_0
    SLICE_X36Y11         LUT3 (Prop_H5LUT_SLICEL_I0_O)
                                                      0.065     5.973 r  design_1_i/HDMI_TX_0/U0/i_wrap/sReg[9]_i_2__0/O
                         net (fo=6, routed)           0.469     6.441    design_1_i/HDMI_TX_0/U0/i_wrap/sReg[9]_i_2__0_n_0
    SLICE_X38Y10         LUT5 (Prop_C6LUT_SLICEL_I4_O)
                                                      0.088     6.529 r  design_1_i/HDMI_TX_0/U0/i_wrap/sReg[2]_i_1__0/O
                         net (fo=1, routed)           0.050     6.579    design_1_i/HDMI_TX_0/U0/i_wrap/sReg[2]_i_1__0_n_0
    SLICE_X38Y10         FDRE                                         r  design_1_i/HDMI_TX_0/U0/i_wrap/TMDS_1/i_GBox/sReg_reg[2]/D
  -------------------------------------------------------------------    -------------------

                         (clock clk125_design_1_clk_wiz_0_0 rise edge)
                                                      8.000     8.000 r  
    D7                                                0.000     8.000 r  clk_100mhz_clk_p (IN)
                         net (fo=0)                   0.079     8.079    design_1_i/clk_wiz_0/inst/clkin1_ibufds/I
    HPIOBDIFFINBUF_X0Y60 DIFFINBUF (Prop_DIFFINBUF_HPIOBDIFFINBUF_DIFF_IN_P_O)
                                                      0.519     8.598 r  design_1_i/clk_wiz_0/inst/clkin1_ibufds/DIFFINBUF_INST/O
                         net (fo=1, routed)           0.040     8.638    design_1_i/clk_wiz_0/inst/clkin1_ibufds/OUT
    D7                   IBUFCTRL (Prop_IBUFCTRL_HPIOB_M_I_O)
                                                      0.000     8.638 r  design_1_i/clk_wiz_0/inst/clkin1_ibufds/IBUFCTRL_INST/O
                         net (fo=1, routed)           0.333     8.971    design_1_i/clk_wiz_0/inst/clk_in1_design_1_clk_wiz_0_0
    MMCM_X0Y2            MMCME4_ADV (Prop_MMCM_CLKIN1_CLKOUT1)
                                                      0.630     9.601 r  design_1_i/clk_wiz_0/inst/mmcme4_adv_inst/CLKOUT1
                         net (fo=1, routed)           0.220     9.821    design_1_i/clk_wiz_0/inst/clk125_design_1_clk_wiz_0_0
    BUFGCE_X0Y54         BUFGCE (Prop_BUFCE_BUFGCE_I_O)
                                                      0.024     9.845 r  design_1_i/clk_wiz_0/inst/clkout2_buf/O
    X1Y0 (CLOCK_ROOT)    net (fo=53, routed)          1.681    11.526    design_1_i/HDMI_TX_0/U0/i_wrap/pxClkX5
    SLICE_X38Y10         FDRE                                         r  design_1_i/HDMI_TX_0/U0/i_wrap/TMDS_1/i_GBox/sReg_reg[2]/C
                         clock pessimism             -0.565    10.961    
                         clock uncertainty           -0.202    10.759    
    SLICE_X38Y10         FDRE (Setup_CFF_SLICEL_C_D)
                                                      0.025    10.784    design_1_i/HDMI_TX_0/U0/i_wrap/TMDS_1/i_GBox/sReg_reg[2]
  -------------------------------------------------------------------
                         required time                         10.784    
                         arrival time                          -6.579    
  -------------------------------------------------------------------
                         slack                                  4.205    

Slack (MET) :             4.245ns  (required time - arrival time)
  Source:                 design_1_i/HDMI_TX_0/U0/i_wrap/TMDS_1/i_Enc/qD_reg[0]/C
                            (rising edge-triggered cell FDRE clocked by clk25_design_1_clk_wiz_0_0  {rise@0.000ns fall@20.000ns period=40.000ns})
  Destination:            design_1_i/HDMI_TX_0/U0/i_wrap/TMDS_1/i_GBox/sReg_reg[0]/D
                            (rising edge-triggered cell FDRE clocked by clk125_design_1_clk_wiz_0_0  {rise@0.000ns fall@4.000ns period=8.000ns})
  Path Group:             clk125_design_1_clk_wiz_0_0
  Path Type:              Setup (Max at Slow Process Corner)
  Requirement:            8.000ns  (clk125_design_1_clk_wiz_0_0 rise@8.000ns - clk25_design_1_clk_wiz_0_0 rise@0.000ns)
  Data Path Delay:        3.147ns  (logic 0.720ns (22.879%)  route 2.427ns (77.121%))
  Logic Levels:           7  (LUT3=1 LUT5=3 LUT6=3)
  Clock Path Skew:        -0.431ns (DCD - SCD + CPR)
    Destination Clock Delay (DCD):    3.526ns = ( 11.526 - 8.000 ) 
    Source Clock Delay      (SCD):    3.392ns
    Clock Pessimism Removal (CPR):    -0.565ns
  Clock Uncertainty:      0.202ns  ((TSJ^2 + DJ^2)^1/2) / 2 + PE
    Total System Jitter     (TSJ):    0.071ns
    Discrete Jitter          (DJ):    0.148ns
    Phase Error              (PE):    0.120ns
  Clock Net Delay (Source):      2.084ns (routing 1.172ns, distribution 0.912ns)
  Clock Net Delay (Destination): 1.681ns (routing 0.938ns, distribution 0.743ns)

    Location             Delay type                Incr(ns)  Path(ns)    Netlist Resource(s)
  -------------------------------------------------------------------    -------------------
                         (clock clk25_design_1_clk_wiz_0_0 rise edge)
                                                      0.000     0.000 r  
    D7                                                0.000     0.000 r  clk_100mhz_clk_p (IN)
                         net (fo=0)                   0.100     0.100    design_1_i/clk_wiz_0/inst/clkin1_ibufds/I
    HPIOBDIFFINBUF_X0Y60 DIFFINBUF (Prop_DIFFINBUF_HPIOBDIFFINBUF_DIFF_IN_P_O)
                                                      0.629     0.729 r  design_1_i/clk_wiz_0/inst/clkin1_ibufds/DIFFINBUF_INST/O
                         net (fo=1, routed)           0.050     0.779    design_1_i/clk_wiz_0/inst/clkin1_ibufds/OUT
    D7                   IBUFCTRL (Prop_IBUFCTRL_HPIOB_M_I_O)
                                                      0.000     0.779 r  design_1_i/clk_wiz_0/inst/clkin1_ibufds/IBUFCTRL_INST/O
                         net (fo=1, routed)           0.384     1.163    design_1_i/clk_wiz_0/inst/clk_in1_design_1_clk_wiz_0_0
    MMCM_X0Y2            MMCME4_ADV (Prop_MMCM_CLKIN1_CLKOUT0)
                                                     -0.127     1.036 r  design_1_i/clk_wiz_0/inst/mmcme4_adv_inst/CLKOUT0
                         net (fo=1, routed)           0.244     1.280    design_1_i/clk_wiz_0/inst/clk25_design_1_clk_wiz_0_0
    BUFGCE_X0Y68         BUFGCE (Prop_BUFCE_BUFGCE_I_O)
                                                      0.028     1.308 r  design_1_i/clk_wiz_0/inst/clkout1_buf/O
    X0Y0 (CLOCK_ROOT)    net (fo=99, routed)          2.084     3.392    design_1_i/HDMI_TX_0/U0/i_wrap/pxClk
    SLICE_X36Y16         FDRE                                         r  design_1_i/HDMI_TX_0/U0/i_wrap/TMDS_1/i_Enc/qD_reg[0]/C
  -------------------------------------------------------------------    -------------------
    SLICE_X36Y16         FDRE (Prop_FFF2_SLICEL_C_Q)
                                                      0.081     3.473 r  design_1_i/HDMI_TX_0/U0/i_wrap/TMDS_1/i_Enc/qD_reg[0]/Q
                         net (fo=12, routed)          0.212     3.685    design_1_i/HDMI_TX_0/U0/i_wrap/TMDS_1/i_Enc/qD_reg_n_0_[0]
    SLICE_X36Y15         LUT5 (Prop_D5LUT_SLICEL_I0_O)
                                                      0.110     3.795 r  design_1_i/HDMI_TX_0/U0/i_wrap/g0_b1__0/O
                         net (fo=2, routed)           0.206     4.001    design_1_i/HDMI_TX_0/U0/i_wrap/g0_b1__0_n_0
    SLICE_X36Y15         LUT6 (Prop_B6LUT_SLICEL_I5_O)
                                                      0.090     4.091 r  design_1_i/HDMI_TX_0/U0/i_wrap/g0_b2_i_3__0/O
                         net (fo=1, routed)           0.138     4.229    design_1_i/HDMI_TX_0/U0/i_wrap/g0_b2_i_3__0_n_0
    SLICE_X36Y16         LUT6 (Prop_F6LUT_SLICEL_I0_O)
                                                      0.089     4.318 r  design_1_i/HDMI_TX_0/U0/i_wrap/g0_b2_i_1__0/O
                         net (fo=22, routed)          0.155     4.474    design_1_i/HDMI_TX_0/U0/i_wrap/g0_b2_i_1__0_n_0
    SLICE_X37Y16         LUT6 (Prop_H6LUT_SLICEM_I0_O)
                                                      0.125     4.599 r  design_1_i/HDMI_TX_0/U0/i_wrap/Cnt[4]_i_12__0/O
                         net (fo=14, routed)          0.496     5.094    design_1_i/HDMI_TX_0/U0/i_wrap/Cnt[4]_i_12__0_n_0
    SLICE_X39Y12         LUT5 (Prop_D5LUT_SLICEM_I1_O)
                                                      0.110     5.204 f  design_1_i/HDMI_TX_0/U0/i_wrap/Cnt[4]_i_3__0/O
                         net (fo=8, routed)           0.703     5.908    design_1_i/HDMI_TX_0/U0/i_wrap/Cnt[4]_i_3__0_n_0
    SLICE_X36Y11         LUT3 (Prop_H5LUT_SLICEL_I0_O)
                                                      0.065     5.973 r  design_1_i/HDMI_TX_0/U0/i_wrap/sReg[9]_i_2__0/O
                         net (fo=6, routed)           0.468     6.440    design_1_i/HDMI_TX_0/U0/i_wrap/sReg[9]_i_2__0_n_0
    SLICE_X38Y10         LUT5 (Prop_D6LUT_SLICEL_I2_O)
                                                      0.050     6.490 r  design_1_i/HDMI_TX_0/U0/i_wrap/sReg[0]_i_1__0/O
                         net (fo=1, routed)           0.049     6.539    design_1_i/HDMI_TX_0/U0/i_wrap/sReg[0]_i_1__0_n_0
    SLICE_X38Y10         FDRE                                         r  design_1_i/HDMI_TX_0/U0/i_wrap/TMDS_1/i_GBox/sReg_reg[0]/D
  -------------------------------------------------------------------    -------------------

                         (clock clk125_design_1_clk_wiz_0_0 rise edge)
                                                      8.000     8.000 r  
    D7                                                0.000     8.000 r  clk_100mhz_clk_p (IN)
                         net (fo=0)                   0.079     8.079    design_1_i/clk_wiz_0/inst/clkin1_ibufds/I
    HPIOBDIFFINBUF_X0Y60 DIFFINBUF (Prop_DIFFINBUF_HPIOBDIFFINBUF_DIFF_IN_P_O)
                                                      0.519     8.598 r  design_1_i/clk_wiz_0/inst/clkin1_ibufds/DIFFINBUF_INST/O
                         net (fo=1, routed)           0.040     8.638    design_1_i/clk_wiz_0/inst/clkin1_ibufds/OUT
    D7                   IBUFCTRL (Prop_IBUFCTRL_HPIOB_M_I_O)
                                                      0.000     8.638 r  design_1_i/clk_wiz_0/inst/clkin1_ibufds/IBUFCTRL_INST/O
                         net (fo=1, routed)           0.333     8.971    design_1_i/clk_wiz_0/inst/clk_in1_design_1_clk_wiz_0_0
    MMCM_X0Y2            MMCME4_ADV (Prop_MMCM_CLKIN1_CLKOUT1)
                                                      0.630     9.601 r  design_1_i/clk_wiz_0/inst/mmcme4_adv_inst/CLKOUT1
                         net (fo=1, routed)           0.220     9.821    design_1_i/clk_wiz_0/inst/clk125_design_1_clk_wiz_0_0
    BUFGCE_X0Y54         BUFGCE (Prop_BUFCE_BUFGCE_I_O)
                                                      0.024     9.845 r  design_1_i/clk_wiz_0/inst/clkout2_buf/O
    X1Y0 (CLOCK_ROOT)    net (fo=53, routed)          1.681    11.526    design_1_i/HDMI_TX_0/U0/i_wrap/pxClkX5
    SLICE_X38Y10         FDRE                                         r  design_1_i/HDMI_TX_0/U0/i_wrap/TMDS_1/i_GBox/sReg_reg[0]/C
                         clock pessimism             -0.565    10.961    
                         clock uncertainty           -0.202    10.759    
    SLICE_X38Y10         FDRE (Setup_DFF_SLICEL_C_D)
                                                      0.025    10.784    design_1_i/HDMI_TX_0/U0/i_wrap/TMDS_1/i_GBox/sReg_reg[0]
  -------------------------------------------------------------------
                         required time                         10.784    
                         arrival time                          -6.539    
  -------------------------------------------------------------------
                         slack                                  4.245    

Slack (MET) :             4.251ns  (required time - arrival time)
  Source:                 design_1_i/HDMI_TX_0/U0/i_wrap/TMDS_1/i_Enc/qD_reg[0]/C
                            (rising edge-triggered cell FDRE clocked by clk25_design_1_clk_wiz_0_0  {rise@0.000ns fall@20.000ns period=40.000ns})
  Destination:            design_1_i/HDMI_TX_0/U0/i_wrap/TMDS_1/i_GBox/sReg_reg[6]/D
                            (rising edge-triggered cell FDRE clocked by clk125_design_1_clk_wiz_0_0  {rise@0.000ns fall@4.000ns period=8.000ns})
  Path Group:             clk125_design_1_clk_wiz_0_0
  Path Type:              Setup (Max at Slow Process Corner)
  Requirement:            8.000ns  (clk125_design_1_clk_wiz_0_0 rise@8.000ns - clk25_design_1_clk_wiz_0_0 rise@0.000ns)
  Data Path Delay:        3.141ns  (logic 0.720ns (22.922%)  route 2.421ns (77.078%))
  Logic Levels:           7  (LUT3=1 LUT5=2 LUT6=4)
  Clock Path Skew:        -0.431ns (DCD - SCD + CPR)
    Destination Clock Delay (DCD):    3.526ns = ( 11.526 - 8.000 ) 
    Source Clock Delay      (SCD):    3.392ns
    Clock Pessimism Removal (CPR):    -0.565ns
  Clock Uncertainty:      0.202ns  ((TSJ^2 + DJ^2)^1/2) / 2 + PE
    Total System Jitter     (TSJ):    0.071ns
    Discrete Jitter          (DJ):    0.148ns
    Phase Error              (PE):    0.120ns
  Clock Net Delay (Source):      2.084ns (routing 1.172ns, distribution 0.912ns)
  Clock Net Delay (Destination): 1.681ns (routing 0.938ns, distribution 0.743ns)

    Location             Delay type                Incr(ns)  Path(ns)    Netlist Resource(s)
  -------------------------------------------------------------------    -------------------
                         (clock clk25_design_1_clk_wiz_0_0 rise edge)
                                                      0.000     0.000 r  
    D7                                                0.000     0.000 r  clk_100mhz_clk_p (IN)
                         net (fo=0)                   0.100     0.100    design_1_i/clk_wiz_0/inst/clkin1_ibufds/I
    HPIOBDIFFINBUF_X0Y60 DIFFINBUF (Prop_DIFFINBUF_HPIOBDIFFINBUF_DIFF_IN_P_O)
                                                      0.629     0.729 r  design_1_i/clk_wiz_0/inst/clkin1_ibufds/DIFFINBUF_INST/O
                         net (fo=1, routed)           0.050     0.779    design_1_i/clk_wiz_0/inst/clkin1_ibufds/OUT
    D7                   IBUFCTRL (Prop_IBUFCTRL_HPIOB_M_I_O)
                                                      0.000     0.779 r  design_1_i/clk_wiz_0/inst/clkin1_ibufds/IBUFCTRL_INST/O
                         net (fo=1, routed)           0.384     1.163    design_1_i/clk_wiz_0/inst/clk_in1_design_1_clk_wiz_0_0
    MMCM_X0Y2            MMCME4_ADV (Prop_MMCM_CLKIN1_CLKOUT0)
                                                     -0.127     1.036 r  design_1_i/clk_wiz_0/inst/mmcme4_adv_inst/CLKOUT0
                         net (fo=1, routed)           0.244     1.280    design_1_i/clk_wiz_0/inst/clk25_design_1_clk_wiz_0_0
    BUFGCE_X0Y68         BUFGCE (Prop_BUFCE_BUFGCE_I_O)
                                                      0.028     1.308 r  design_1_i/clk_wiz_0/inst/clkout1_buf/O
    X0Y0 (CLOCK_ROOT)    net (fo=99, routed)          2.084     3.392    design_1_i/HDMI_TX_0/U0/i_wrap/pxClk
    SLICE_X36Y16         FDRE                                         r  design_1_i/HDMI_TX_0/U0/i_wrap/TMDS_1/i_Enc/qD_reg[0]/C
  -------------------------------------------------------------------    -------------------
    SLICE_X36Y16         FDRE (Prop_FFF2_SLICEL_C_Q)
                                                      0.081     3.473 r  design_1_i/HDMI_TX_0/U0/i_wrap/TMDS_1/i_Enc/qD_reg[0]/Q
                         net (fo=12, routed)          0.212     3.685    design_1_i/HDMI_TX_0/U0/i_wrap/TMDS_1/i_Enc/qD_reg_n_0_[0]
    SLICE_X36Y15         LUT5 (Prop_D5LUT_SLICEL_I0_O)
                                                      0.110     3.795 r  design_1_i/HDMI_TX_0/U0/i_wrap/g0_b1__0/O
                         net (fo=2, routed)           0.206     4.001    design_1_i/HDMI_TX_0/U0/i_wrap/g0_b1__0_n_0
    SLICE_X36Y15         LUT6 (Prop_B6LUT_SLICEL_I5_O)
                                                      0.090     4.091 r  design_1_i/HDMI_TX_0/U0/i_wrap/g0_b2_i_3__0/O
                         net (fo=1, routed)           0.138     4.229    design_1_i/HDMI_TX_0/U0/i_wrap/g0_b2_i_3__0_n_0
    SLICE_X36Y16         LUT6 (Prop_F6LUT_SLICEL_I0_O)
                                                      0.089     4.318 r  design_1_i/HDMI_TX_0/U0/i_wrap/g0_b2_i_1__0/O
                         net (fo=22, routed)          0.155     4.474    design_1_i/HDMI_TX_0/U0/i_wrap/g0_b2_i_1__0_n_0
    SLICE_X37Y16         LUT6 (Prop_H6LUT_SLICEM_I0_O)
                                                      0.125     4.599 r  design_1_i/HDMI_TX_0/U0/i_wrap/Cnt[4]_i_12__0/O
                         net (fo=14, routed)          0.496     5.094    design_1_i/HDMI_TX_0/U0/i_wrap/Cnt[4]_i_12__0_n_0
    SLICE_X39Y12         LUT5 (Prop_D5LUT_SLICEM_I1_O)
                                                      0.110     5.204 f  design_1_i/HDMI_TX_0/U0/i_wrap/Cnt[4]_i_3__0/O
                         net (fo=8, routed)           0.703     5.908    design_1_i/HDMI_TX_0/U0/i_wrap/Cnt[4]_i_3__0_n_0
    SLICE_X36Y11         LUT3 (Prop_H5LUT_SLICEL_I0_O)
                                                      0.065     5.973 r  design_1_i/HDMI_TX_0/U0/i_wrap/sReg[9]_i_2__0/O
                         net (fo=6, routed)           0.463     6.435    design_1_i/HDMI_TX_0/U0/i_wrap/sReg[9]_i_2__0_n_0
    SLICE_X38Y10         LUT6 (Prop_A6LUT_SLICEL_I3_O)
                                                      0.050     6.485 r  design_1_i/HDMI_TX_0/U0/i_wrap/sReg[6]_i_1__0/O
                         net (fo=1, routed)           0.048     6.533    design_1_i/HDMI_TX_0/U0/i_wrap/sReg[6]_i_1__0_n_0
    SLICE_X38Y10         FDRE                                         r  design_1_i/HDMI_TX_0/U0/i_wrap/TMDS_1/i_GBox/sReg_reg[6]/D
  -------------------------------------------------------------------    -------------------

                         (clock clk125_design_1_clk_wiz_0_0 rise edge)
                                                      8.000     8.000 r  
    D7                                                0.000     8.000 r  clk_100mhz_clk_p (IN)
                         net (fo=0)                   0.079     8.079    design_1_i/clk_wiz_0/inst/clkin1_ibufds/I
    HPIOBDIFFINBUF_X0Y60 DIFFINBUF (Prop_DIFFINBUF_HPIOBDIFFINBUF_DIFF_IN_P_O)
                                                      0.519     8.598 r  design_1_i/clk_wiz_0/inst/clkin1_ibufds/DIFFINBUF_INST/O
                         net (fo=1, routed)           0.040     8.638    design_1_i/clk_wiz_0/inst/clkin1_ibufds/OUT
    D7                   IBUFCTRL (Prop_IBUFCTRL_HPIOB_M_I_O)
                                                      0.000     8.638 r  design_1_i/clk_wiz_0/inst/clkin1_ibufds/IBUFCTRL_INST/O
                         net (fo=1, routed)           0.333     8.971    design_1_i/clk_wiz_0/inst/clk_in1_design_1_clk_wiz_0_0
    MMCM_X0Y2            MMCME4_ADV (Prop_MMCM_CLKIN1_CLKOUT1)
                                                      0.630     9.601 r  design_1_i/clk_wiz_0/inst/mmcme4_adv_inst/CLKOUT1
                         net (fo=1, routed)           0.220     9.821    design_1_i/clk_wiz_0/inst/clk125_design_1_clk_wiz_0_0
    BUFGCE_X0Y54         BUFGCE (Prop_BUFCE_BUFGCE_I_O)
                                                      0.024     9.845 r  design_1_i/clk_wiz_0/inst/clkout2_buf/O
    X1Y0 (CLOCK_ROOT)    net (fo=53, routed)          1.681    11.526    design_1_i/HDMI_TX_0/U0/i_wrap/pxClkX5
    SLICE_X38Y10         FDRE                                         r  design_1_i/HDMI_TX_0/U0/i_wrap/TMDS_1/i_GBox/sReg_reg[6]/C
                         clock pessimism             -0.565    10.961    
                         clock uncertainty           -0.202    10.759    
    SLICE_X38Y10         FDRE (Setup_AFF_SLICEL_C_D)
                                                      0.025    10.784    design_1_i/HDMI_TX_0/U0/i_wrap/TMDS_1/i_GBox/sReg_reg[6]
  -------------------------------------------------------------------
                         required time                         10.784    
                         arrival time                          -6.533    
  -------------------------------------------------------------------
                         slack                                  4.251    

Slack (MET) :             4.306ns  (required time - arrival time)
  Source:                 design_1_i/HDMI_TX_0/U0/i_wrap/TMDS_1/i_Enc/qD_reg[0]/C
                            (rising edge-triggered cell FDRE clocked by clk25_design_1_clk_wiz_0_0  {rise@0.000ns fall@20.000ns period=40.000ns})
  Destination:            design_1_i/HDMI_TX_0/U0/i_wrap/TMDS_1/i_GBox/sReg_reg[9]/D
                            (rising edge-triggered cell FDRE clocked by clk125_design_1_clk_wiz_0_0  {rise@0.000ns fall@4.000ns period=8.000ns})
  Path Group:             clk125_design_1_clk_wiz_0_0
  Path Type:              Setup (Max at Slow Process Corner)
  Requirement:            8.000ns  (clk125_design_1_clk_wiz_0_0 rise@8.000ns - clk25_design_1_clk_wiz_0_0 rise@0.000ns)
  Data Path Delay:        3.052ns  (logic 0.743ns (24.349%)  route 2.309ns (75.651%))
  Logic Levels:           7  (LUT3=1 LUT5=3 LUT6=3)
  Clock Path Skew:        -0.465ns (DCD - SCD + CPR)
    Destination Clock Delay (DCD):    3.492ns = ( 11.492 - 8.000 ) 
    Source Clock Delay      (SCD):    3.392ns
    Clock Pessimism Removal (CPR):    -0.565ns
  Clock Uncertainty:      0.202ns  ((TSJ^2 + DJ^2)^1/2) / 2 + PE
    Total System Jitter     (TSJ):    0.071ns
    Discrete Jitter          (DJ):    0.148ns
    Phase Error              (PE):    0.120ns
  Clock Net Delay (Source):      2.084ns (routing 1.172ns, distribution 0.912ns)
  Clock Net Delay (Destination): 1.647ns (routing 0.938ns, distribution 0.709ns)

    Location             Delay type                Incr(ns)  Path(ns)    Netlist Resource(s)
  -------------------------------------------------------------------    -------------------
                         (clock clk25_design_1_clk_wiz_0_0 rise edge)
                                                      0.000     0.000 r  
    D7                                                0.000     0.000 r  clk_100mhz_clk_p (IN)
                         net (fo=0)                   0.100     0.100    design_1_i/clk_wiz_0/inst/clkin1_ibufds/I
    HPIOBDIFFINBUF_X0Y60 DIFFINBUF (Prop_DIFFINBUF_HPIOBDIFFINBUF_DIFF_IN_P_O)
                                                      0.629     0.729 r  design_1_i/clk_wiz_0/inst/clkin1_ibufds/DIFFINBUF_INST/O
                         net (fo=1, routed)           0.050     0.779    design_1_i/clk_wiz_0/inst/clkin1_ibufds/OUT
    D7                   IBUFCTRL (Prop_IBUFCTRL_HPIOB_M_I_O)
                                                      0.000     0.779 r  design_1_i/clk_wiz_0/inst/clkin1_ibufds/IBUFCTRL_INST/O
                         net (fo=1, routed)           0.384     1.163    design_1_i/clk_wiz_0/inst/clk_in1_design_1_clk_wiz_0_0
    MMCM_X0Y2            MMCME4_ADV (Prop_MMCM_CLKIN1_CLKOUT0)
                                                     -0.127     1.036 r  design_1_i/clk_wiz_0/inst/mmcme4_adv_inst/CLKOUT0
                         net (fo=1, routed)           0.244     1.280    design_1_i/clk_wiz_0/inst/clk25_design_1_clk_wiz_0_0
    BUFGCE_X0Y68         BUFGCE (Prop_BUFCE_BUFGCE_I_O)
                                                      0.028     1.308 r  design_1_i/clk_wiz_0/inst/clkout1_buf/O
    X0Y0 (CLOCK_ROOT)    net (fo=99, routed)          2.084     3.392    design_1_i/HDMI_TX_0/U0/i_wrap/pxClk
    SLICE_X36Y16         FDRE                                         r  design_1_i/HDMI_TX_0/U0/i_wrap/TMDS_1/i_Enc/qD_reg[0]/C
  -------------------------------------------------------------------    -------------------
    SLICE_X36Y16         FDRE (Prop_FFF2_SLICEL_C_Q)
                                                      0.081     3.473 r  design_1_i/HDMI_TX_0/U0/i_wrap/TMDS_1/i_Enc/qD_reg[0]/Q
                         net (fo=12, routed)          0.212     3.685    design_1_i/HDMI_TX_0/U0/i_wrap/TMDS_1/i_Enc/qD_reg_n_0_[0]
    SLICE_X36Y15         LUT5 (Prop_D5LUT_SLICEL_I0_O)
                                                      0.110     3.795 r  design_1_i/HDMI_TX_0/U0/i_wrap/g0_b1__0/O
                         net (fo=2, routed)           0.206     4.001    design_1_i/HDMI_TX_0/U0/i_wrap/g0_b1__0_n_0
    SLICE_X36Y15         LUT6 (Prop_B6LUT_SLICEL_I5_O)
                                                      0.090     4.091 r  design_1_i/HDMI_TX_0/U0/i_wrap/g0_b2_i_3__0/O
                         net (fo=1, routed)           0.138     4.229    design_1_i/HDMI_TX_0/U0/i_wrap/g0_b2_i_3__0_n_0
    SLICE_X36Y16         LUT6 (Prop_F6LUT_SLICEL_I0_O)
                                                      0.089     4.318 r  design_1_i/HDMI_TX_0/U0/i_wrap/g0_b2_i_1__0/O
                         net (fo=22, routed)          0.155     4.474    design_1_i/HDMI_TX_0/U0/i_wrap/g0_b2_i_1__0_n_0
    SLICE_X37Y16         LUT6 (Prop_H6LUT_SLICEM_I0_O)
                                                      0.125     4.599 f  design_1_i/HDMI_TX_0/U0/i_wrap/Cnt[4]_i_12__0/O
                         net (fo=14, routed)          0.496     5.094    design_1_i/HDMI_TX_0/U0/i_wrap/Cnt[4]_i_12__0_n_0
    SLICE_X39Y12         LUT5 (Prop_D5LUT_SLICEM_I1_O)
                                                      0.110     5.204 r  design_1_i/HDMI_TX_0/U0/i_wrap/Cnt[4]_i_3__0/O
                         net (fo=8, routed)           0.703     5.908    design_1_i/HDMI_TX_0/U0/i_wrap/Cnt[4]_i_3__0_n_0
    SLICE_X36Y11         LUT3 (Prop_H5LUT_SLICEL_I0_O)
                                                      0.065     5.973 f  design_1_i/HDMI_TX_0/U0/i_wrap/sReg[9]_i_2__0/O
                         net (fo=6, routed)           0.114     6.087    design_1_i/HDMI_TX_0/U0/i_wrap/sReg[9]_i_2__0_n_0
    SLICE_X36Y10         LUT5 (Prop_B5LUT_SLICEL_I0_O)
                                                      0.073     6.160 r  design_1_i/HDMI_TX_0/U0/i_wrap/sReg[9]_i_1__0/O
                         net (fo=1, routed)           0.284     6.444    design_1_i/HDMI_TX_0/U0/i_wrap/sReg[9]_i_1__0_n_0
    SLICE_X36Y11         FDRE                                         r  design_1_i/HDMI_TX_0/U0/i_wrap/TMDS_1/i_GBox/sReg_reg[9]/D
  -------------------------------------------------------------------    -------------------

                         (clock clk125_design_1_clk_wiz_0_0 rise edge)
                                                      8.000     8.000 r  
    D7                                                0.000     8.000 r  clk_100mhz_clk_p (IN)
                         net (fo=0)                   0.079     8.079    design_1_i/clk_wiz_0/inst/clkin1_ibufds/I
    HPIOBDIFFINBUF_X0Y60 DIFFINBUF (Prop_DIFFINBUF_HPIOBDIFFINBUF_DIFF_IN_P_O)
                                                      0.519     8.598 r  design_1_i/clk_wiz_0/inst/clkin1_ibufds/DIFFINBUF_INST/O
                         net (fo=1, routed)           0.040     8.638    design_1_i/clk_wiz_0/inst/clkin1_ibufds/OUT
    D7                   IBUFCTRL (Prop_IBUFCTRL_HPIOB_M_I_O)
                                                      0.000     8.638 r  design_1_i/clk_wiz_0/inst/clkin1_ibufds/IBUFCTRL_INST/O
                         net (fo=1, routed)           0.333     8.971    design_1_i/clk_wiz_0/inst/clk_in1_design_1_clk_wiz_0_0
    MMCM_X0Y2            MMCME4_ADV (Prop_MMCM_CLKIN1_CLKOUT1)
                                                      0.630     9.601 r  design_1_i/clk_wiz_0/inst/mmcme4_adv_inst/CLKOUT1
                         net (fo=1, routed)           0.220     9.821    design_1_i/clk_wiz_0/inst/clk125_design_1_clk_wiz_0_0
    BUFGCE_X0Y54         BUFGCE (Prop_BUFCE_BUFGCE_I_O)
                                                      0.024     9.845 r  design_1_i/clk_wiz_0/inst/clkout2_buf/O
    X1Y0 (CLOCK_ROOT)    net (fo=53, routed)          1.647    11.492    design_1_i/HDMI_TX_0/U0/i_wrap/pxClkX5
    SLICE_X36Y11         FDRE                                         r  design_1_i/HDMI_TX_0/U0/i_wrap/TMDS_1/i_GBox/sReg_reg[9]/C
                         clock pessimism             -0.565    10.927    
                         clock uncertainty           -0.202    10.725    
    SLICE_X36Y11         FDRE (Setup_EFF_SLICEL_C_D)
                                                      0.025    10.750    design_1_i/HDMI_TX_0/U0/i_wrap/TMDS_1/i_GBox/sReg_reg[9]
  -------------------------------------------------------------------
                         required time                         10.750    
                         arrival time                          -6.444    
  -------------------------------------------------------------------
                         slack                                  4.306    

Slack (MET) :             4.375ns  (required time - arrival time)
  Source:                 design_1_i/HDMI_TX_0/U0/i_wrap/TMDS_1/i_Enc/qD_reg[0]/C
                            (rising edge-triggered cell FDRE clocked by clk25_design_1_clk_wiz_0_0  {rise@0.000ns fall@20.000ns period=40.000ns})
  Destination:            design_1_i/HDMI_TX_0/U0/i_wrap/TMDS_1/i_GBox/sReg_reg[3]/D
                            (rising edge-triggered cell FDRE clocked by clk125_design_1_clk_wiz_0_0  {rise@0.000ns fall@4.000ns period=8.000ns})
  Path Group:             clk125_design_1_clk_wiz_0_0
  Path Type:              Setup (Max at Slow Process Corner)
  Requirement:            8.000ns  (clk125_design_1_clk_wiz_0_0 rise@8.000ns - clk25_design_1_clk_wiz_0_0 rise@0.000ns)
  Data Path Delay:        2.980ns  (logic 0.779ns (26.137%)  route 2.201ns (73.863%))
  Logic Levels:           7  (LUT5=3 LUT6=4)
  Clock Path Skew:        -0.467ns (DCD - SCD + CPR)
    Destination Clock Delay (DCD):    3.490ns = ( 11.490 - 8.000 ) 
    Source Clock Delay      (SCD):    3.392ns
    Clock Pessimism Removal (CPR):    -0.565ns
  Clock Uncertainty:      0.202ns  ((TSJ^2 + DJ^2)^1/2) / 2 + PE
    Total System Jitter     (TSJ):    0.071ns
    Discrete Jitter          (DJ):    0.148ns
    Phase Error              (PE):    0.120ns
  Clock Net Delay (Source):      2.084ns (routing 1.172ns, distribution 0.912ns)
  Clock Net Delay (Destination): 1.645ns (routing 0.938ns, distribution 0.707ns)

    Location             Delay type                Incr(ns)  Path(ns)    Netlist Resource(s)
  -------------------------------------------------------------------    -------------------
                         (clock clk25_design_1_clk_wiz_0_0 rise edge)
                                                      0.000     0.000 r  
    D7                                                0.000     0.000 r  clk_100mhz_clk_p (IN)
                         net (fo=0)                   0.100     0.100    design_1_i/clk_wiz_0/inst/clkin1_ibufds/I
    HPIOBDIFFINBUF_X0Y60 DIFFINBUF (Prop_DIFFINBUF_HPIOBDIFFINBUF_DIFF_IN_P_O)
                                                      0.629     0.729 r  design_1_i/clk_wiz_0/inst/clkin1_ibufds/DIFFINBUF_INST/O
                         net (fo=1, routed)           0.050     0.779    design_1_i/clk_wiz_0/inst/clkin1_ibufds/OUT
    D7                   IBUFCTRL (Prop_IBUFCTRL_HPIOB_M_I_O)
                                                      0.000     0.779 r  design_1_i/clk_wiz_0/inst/clkin1_ibufds/IBUFCTRL_INST/O
                         net (fo=1, routed)           0.384     1.163    design_1_i/clk_wiz_0/inst/clk_in1_design_1_clk_wiz_0_0
    MMCM_X0Y2            MMCME4_ADV (Prop_MMCM_CLKIN1_CLKOUT0)
                                                     -0.127     1.036 r  design_1_i/clk_wiz_0/inst/mmcme4_adv_inst/CLKOUT0
                         net (fo=1, routed)           0.244     1.280    design_1_i/clk_wiz_0/inst/clk25_design_1_clk_wiz_0_0
    BUFGCE_X0Y68         BUFGCE (Prop_BUFCE_BUFGCE_I_O)
                                                      0.028     1.308 r  design_1_i/clk_wiz_0/inst/clkout1_buf/O
    X0Y0 (CLOCK_ROOT)    net (fo=99, routed)          2.084     3.392    design_1_i/HDMI_TX_0/U0/i_wrap/pxClk
    SLICE_X36Y16         FDRE                                         r  design_1_i/HDMI_TX_0/U0/i_wrap/TMDS_1/i_Enc/qD_reg[0]/C
  -------------------------------------------------------------------    -------------------
    SLICE_X36Y16         FDRE (Prop_FFF2_SLICEL_C_Q)
                                                      0.081     3.473 r  design_1_i/HDMI_TX_0/U0/i_wrap/TMDS_1/i_Enc/qD_reg[0]/Q
                         net (fo=12, routed)          0.212     3.685    design_1_i/HDMI_TX_0/U0/i_wrap/TMDS_1/i_Enc/qD_reg_n_0_[0]
    SLICE_X36Y15         LUT5 (Prop_D5LUT_SLICEL_I0_O)
                                                      0.110     3.795 r  design_1_i/HDMI_TX_0/U0/i_wrap/g0_b1__0/O
                         net (fo=2, routed)           0.206     4.001    design_1_i/HDMI_TX_0/U0/i_wrap/g0_b1__0_n_0
    SLICE_X36Y15         LUT6 (Prop_B6LUT_SLICEL_I5_O)
                                                      0.090     4.091 r  design_1_i/HDMI_TX_0/U0/i_wrap/g0_b2_i_3__0/O
                         net (fo=1, routed)           0.138     4.229    design_1_i/HDMI_TX_0/U0/i_wrap/g0_b2_i_3__0_n_0
    SLICE_X36Y16         LUT6 (Prop_F6LUT_SLICEL_I0_O)
                                                      0.089     4.318 r  design_1_i/HDMI_TX_0/U0/i_wrap/g0_b2_i_1__0/O
                         net (fo=22, routed)          0.155     4.474    design_1_i/HDMI_TX_0/U0/i_wrap/g0_b2_i_1__0_n_0
    SLICE_X37Y16         LUT6 (Prop_H6LUT_SLICEM_I0_O)
                                                      0.125     4.599 f  design_1_i/HDMI_TX_0/U0/i_wrap/Cnt[4]_i_12__0/O
                         net (fo=14, routed)          0.496     5.094    design_1_i/HDMI_TX_0/U0/i_wrap/Cnt[4]_i_12__0_n_0
    SLICE_X39Y12         LUT5 (Prop_D5LUT_SLICEM_I1_O)
                                                      0.110     5.204 r  design_1_i/HDMI_TX_0/U0/i_wrap/Cnt[4]_i_3__0/O
                         net (fo=8, routed)           0.703     5.908    design_1_i/HDMI_TX_0/U0/i_wrap/Cnt[4]_i_3__0_n_0
    SLICE_X36Y11         LUT5 (Prop_H6LUT_SLICEL_I1_O)
                                                      0.051     5.959 f  design_1_i/HDMI_TX_0/U0/i_wrap/sReg[3]_i_2/O
                         net (fo=1, routed)           0.241     6.200    design_1_i/HDMI_TX_0/U0/i_wrap/sReg[3]_i_2_n_0
    SLICE_X36Y11         LUT6 (Prop_C6LUT_SLICEL_I1_O)
                                                      0.123     6.323 r  design_1_i/HDMI_TX_0/U0/i_wrap/sReg[3]_i_1__0/O
                         net (fo=1, routed)           0.050     6.373    design_1_i/HDMI_TX_0/U0/i_wrap/sReg[3]_i_1__0_n_0
    SLICE_X36Y11         FDRE                                         r  design_1_i/HDMI_TX_0/U0/i_wrap/TMDS_1/i_GBox/sReg_reg[3]/D
  -------------------------------------------------------------------    -------------------

                         (clock clk125_design_1_clk_wiz_0_0 rise edge)
                                                      8.000     8.000 r  
    D7                                                0.000     8.000 r  clk_100mhz_clk_p (IN)
                         net (fo=0)                   0.079     8.079    design_1_i/clk_wiz_0/inst/clkin1_ibufds/I
    HPIOBDIFFINBUF_X0Y60 DIFFINBUF (Prop_DIFFINBUF_HPIOBDIFFINBUF_DIFF_IN_P_O)
                                                      0.519     8.598 r  design_1_i/clk_wiz_0/inst/clkin1_ibufds/DIFFINBUF_INST/O
                         net (fo=1, routed)           0.040     8.638    design_1_i/clk_wiz_0/inst/clkin1_ibufds/OUT
    D7                   IBUFCTRL (Prop_IBUFCTRL_HPIOB_M_I_O)
                                                      0.000     8.638 r  design_1_i/clk_wiz_0/inst/clkin1_ibufds/IBUFCTRL_INST/O
                         net (fo=1, routed)           0.333     8.971    design_1_i/clk_wiz_0/inst/clk_in1_design_1_clk_wiz_0_0
    MMCM_X0Y2            MMCME4_ADV (Prop_MMCM_CLKIN1_CLKOUT1)
                                                      0.630     9.601 r  design_1_i/clk_wiz_0/inst/mmcme4_adv_inst/CLKOUT1
                         net (fo=1, routed)           0.220     9.821    design_1_i/clk_wiz_0/inst/clk125_design_1_clk_wiz_0_0
    BUFGCE_X0Y54         BUFGCE (Prop_BUFCE_BUFGCE_I_O)
                                                      0.024     9.845 r  design_1_i/clk_wiz_0/inst/clkout2_buf/O
    X1Y0 (CLOCK_ROOT)    net (fo=53, routed)          1.645    11.490    design_1_i/HDMI_TX_0/U0/i_wrap/pxClkX5
    SLICE_X36Y11         FDRE                                         r  design_1_i/HDMI_TX_0/U0/i_wrap/TMDS_1/i_GBox/sReg_reg[3]/C
                         clock pessimism             -0.565    10.925    
                         clock uncertainty           -0.202    10.723    
    SLICE_X36Y11         FDRE (Setup_CFF_SLICEL_C_D)
                                                      0.025    10.748    design_1_i/HDMI_TX_0/U0/i_wrap/TMDS_1/i_GBox/sReg_reg[3]
  -------------------------------------------------------------------
                         required time                         10.748    
                         arrival time                          -6.373    
  -------------------------------------------------------------------
                         slack                                  4.375    

Slack (MET) :             4.390ns  (required time - arrival time)
  Source:                 design_1_i/HDMI_TX_0/U0/i_wrap/TMDS_1/i_Enc/qD_reg[0]/C
                            (rising edge-triggered cell FDRE clocked by clk25_design_1_clk_wiz_0_0  {rise@0.000ns fall@20.000ns period=40.000ns})
  Destination:            design_1_i/HDMI_TX_0/U0/i_wrap/TMDS_1/i_GBox/sReg_reg[7]/D
                            (rising edge-triggered cell FDRE clocked by clk125_design_1_clk_wiz_0_0  {rise@0.000ns fall@4.000ns period=8.000ns})
  Path Group:             clk125_design_1_clk_wiz_0_0
  Path Type:              Setup (Max at Slow Process Corner)
  Requirement:            8.000ns  (clk125_design_1_clk_wiz_0_0 rise@8.000ns - clk25_design_1_clk_wiz_0_0 rise@0.000ns)
  Data Path Delay:        2.966ns  (logic 0.721ns (24.309%)  route 2.245ns (75.691%))
  Logic Levels:           7  (LUT3=1 LUT5=2 LUT6=4)
  Clock Path Skew:        -0.467ns (DCD - SCD + CPR)
    Destination Clock Delay (DCD):    3.490ns = ( 11.490 - 8.000 ) 
    Source Clock Delay      (SCD):    3.392ns
    Clock Pessimism Removal (CPR):    -0.565ns
  Clock Uncertainty:      0.202ns  ((TSJ^2 + DJ^2)^1/2) / 2 + PE
    Total System Jitter     (TSJ):    0.071ns
    Discrete Jitter          (DJ):    0.148ns
    Phase Error              (PE):    0.120ns
  Clock Net Delay (Source):      2.084ns (routing 1.172ns, distribution 0.912ns)
  Clock Net Delay (Destination): 1.645ns (routing 0.938ns, distribution 0.707ns)

    Location             Delay type                Incr(ns)  Path(ns)    Netlist Resource(s)
  -------------------------------------------------------------------    -------------------
                         (clock clk25_design_1_clk_wiz_0_0 rise edge)
                                                      0.000     0.000 r  
    D7                                                0.000     0.000 r  clk_100mhz_clk_p (IN)
                         net (fo=0)                   0.100     0.100    design_1_i/clk_wiz_0/inst/clkin1_ibufds/I
    HPIOBDIFFINBUF_X0Y60 DIFFINBUF (Prop_DIFFINBUF_HPIOBDIFFINBUF_DIFF_IN_P_O)
                                                      0.629     0.729 r  design_1_i/clk_wiz_0/inst/clkin1_ibufds/DIFFINBUF_INST/O
                         net (fo=1, routed)           0.050     0.779    design_1_i/clk_wiz_0/inst/clkin1_ibufds/OUT
    D7                   IBUFCTRL (Prop_IBUFCTRL_HPIOB_M_I_O)
                                                      0.000     0.779 r  design_1_i/clk_wiz_0/inst/clkin1_ibufds/IBUFCTRL_INST/O
                         net (fo=1, routed)           0.384     1.163    design_1_i/clk_wiz_0/inst/clk_in1_design_1_clk_wiz_0_0
    MMCM_X0Y2            MMCME4_ADV (Prop_MMCM_CLKIN1_CLKOUT0)
                                                     -0.127     1.036 r  design_1_i/clk_wiz_0/inst/mmcme4_adv_inst/CLKOUT0
                         net (fo=1, routed)           0.244     1.280    design_1_i/clk_wiz_0/inst/clk25_design_1_clk_wiz_0_0
    BUFGCE_X0Y68         BUFGCE (Prop_BUFCE_BUFGCE_I_O)
                                                      0.028     1.308 r  design_1_i/clk_wiz_0/inst/clkout1_buf/O
    X0Y0 (CLOCK_ROOT)    net (fo=99, routed)          2.084     3.392    design_1_i/HDMI_TX_0/U0/i_wrap/pxClk
    SLICE_X36Y16         FDRE                                         r  design_1_i/HDMI_TX_0/U0/i_wrap/TMDS_1/i_Enc/qD_reg[0]/C
  -------------------------------------------------------------------    -------------------
    SLICE_X36Y16         FDRE (Prop_FFF2_SLICEL_C_Q)
                                                      0.081     3.473 r  design_1_i/HDMI_TX_0/U0/i_wrap/TMDS_1/i_Enc/qD_reg[0]/Q
                         net (fo=12, routed)          0.212     3.685    design_1_i/HDMI_TX_0/U0/i_wrap/TMDS_1/i_Enc/qD_reg_n_0_[0]
    SLICE_X36Y15         LUT5 (Prop_D5LUT_SLICEL_I0_O)
                                                      0.110     3.795 r  design_1_i/HDMI_TX_0/U0/i_wrap/g0_b1__0/O
                         net (fo=2, routed)           0.206     4.001    design_1_i/HDMI_TX_0/U0/i_wrap/g0_b1__0_n_0
    SLICE_X36Y15         LUT6 (Prop_B6LUT_SLICEL_I5_O)
                                                      0.090     4.091 r  design_1_i/HDMI_TX_0/U0/i_wrap/g0_b2_i_3__0/O
                         net (fo=1, routed)           0.138     4.229    design_1_i/HDMI_TX_0/U0/i_wrap/g0_b2_i_3__0_n_0
    SLICE_X36Y16         LUT6 (Prop_F6LUT_SLICEL_I0_O)
                                                      0.089     4.318 r  design_1_i/HDMI_TX_0/U0/i_wrap/g0_b2_i_1__0/O
                         net (fo=22, routed)          0.155     4.474    design_1_i/HDMI_TX_0/U0/i_wrap/g0_b2_i_1__0_n_0
    SLICE_X37Y16         LUT6 (Prop_H6LUT_SLICEM_I0_O)
                                                      0.125     4.599 r  design_1_i/HDMI_TX_0/U0/i_wrap/Cnt[4]_i_12__0/O
                         net (fo=14, routed)          0.496     5.094    design_1_i/HDMI_TX_0/U0/i_wrap/Cnt[4]_i_12__0_n_0
    SLICE_X39Y12         LUT5 (Prop_D5LUT_SLICEM_I1_O)
                                                      0.110     5.204 f  design_1_i/HDMI_TX_0/U0/i_wrap/Cnt[4]_i_3__0/O
                         net (fo=8, routed)           0.703     5.908    design_1_i/HDMI_TX_0/U0/i_wrap/Cnt[4]_i_3__0_n_0
    SLICE_X36Y11         LUT3 (Prop_H5LUT_SLICEL_I0_O)
                                                      0.065     5.973 r  design_1_i/HDMI_TX_0/U0/i_wrap/sReg[9]_i_2__0/O
                         net (fo=6, routed)           0.286     6.258    design_1_i/HDMI_TX_0/U0/i_wrap/sReg[9]_i_2__0_n_0
    SLICE_X36Y11         LUT6 (Prop_B6LUT_SLICEL_I1_O)
                                                      0.051     6.309 r  design_1_i/HDMI_TX_0/U0/i_wrap/sReg[7]_i_1__0/O
                         net (fo=1, routed)           0.049     6.358    design_1_i/HDMI_TX_0/U0/i_wrap/sReg[7]_i_1__0_n_0
    SLICE_X36Y11         FDRE                                         r  design_1_i/HDMI_TX_0/U0/i_wrap/TMDS_1/i_GBox/sReg_reg[7]/D
  -------------------------------------------------------------------    -------------------

                         (clock clk125_design_1_clk_wiz_0_0 rise edge)
                                                      8.000     8.000 r  
    D7                                                0.000     8.000 r  clk_100mhz_clk_p (IN)
                         net (fo=0)                   0.079     8.079    design_1_i/clk_wiz_0/inst/clkin1_ibufds/I
    HPIOBDIFFINBUF_X0Y60 DIFFINBUF (Prop_DIFFINBUF_HPIOBDIFFINBUF_DIFF_IN_P_O)
                                                      0.519     8.598 r  design_1_i/clk_wiz_0/inst/clkin1_ibufds/DIFFINBUF_INST/O
                         net (fo=1, routed)           0.040     8.638    design_1_i/clk_wiz_0/inst/clkin1_ibufds/OUT
    D7                   IBUFCTRL (Prop_IBUFCTRL_HPIOB_M_I_O)
                                                      0.000     8.638 r  design_1_i/clk_wiz_0/inst/clkin1_ibufds/IBUFCTRL_INST/O
                         net (fo=1, routed)           0.333     8.971    design_1_i/clk_wiz_0/inst/clk_in1_design_1_clk_wiz_0_0
    MMCM_X0Y2            MMCME4_ADV (Prop_MMCM_CLKIN1_CLKOUT1)
                                                      0.630     9.601 r  design_1_i/clk_wiz_0/inst/mmcme4_adv_inst/CLKOUT1
                         net (fo=1, routed)           0.220     9.821    design_1_i/clk_wiz_0/inst/clk125_design_1_clk_wiz_0_0
    BUFGCE_X0Y54         BUFGCE (Prop_BUFCE_BUFGCE_I_O)
                                                      0.024     9.845 r  design_1_i/clk_wiz_0/inst/clkout2_buf/O
    X1Y0 (CLOCK_ROOT)    net (fo=53, routed)          1.645    11.490    design_1_i/HDMI_TX_0/U0/i_wrap/pxClkX5
    SLICE_X36Y11         FDRE                                         r  design_1_i/HDMI_TX_0/U0/i_wrap/TMDS_1/i_GBox/sReg_reg[7]/C
                         clock pessimism             -0.565    10.925    
                         clock uncertainty           -0.202    10.723    
    SLICE_X36Y11         FDRE (Setup_BFF_SLICEL_C_D)
                                                      0.025    10.748    design_1_i/HDMI_TX_0/U0/i_wrap/TMDS_1/i_GBox/sReg_reg[7]
  -------------------------------------------------------------------
                         required time                         10.748    
                         arrival time                          -6.358    
  -------------------------------------------------------------------
                         slack                                  4.390    

Slack (MET) :             4.420ns  (required time - arrival time)
  Source:                 design_1_i/HDMI_TX_0/U0/i_wrap/TMDS_1/i_Enc/qD_reg[0]/C
                            (rising edge-triggered cell FDRE clocked by clk25_design_1_clk_wiz_0_0  {rise@0.000ns fall@20.000ns period=40.000ns})
  Destination:            design_1_i/HDMI_TX_0/U0/i_wrap/TMDS_1/i_GBox/sReg_reg[1]/D
                            (rising edge-triggered cell FDRE clocked by clk125_design_1_clk_wiz_0_0  {rise@0.000ns fall@4.000ns period=8.000ns})
  Path Group:             clk125_design_1_clk_wiz_0_0
  Path Type:              Setup (Max at Slow Process Corner)
  Requirement:            8.000ns  (clk125_design_1_clk_wiz_0_0 rise@8.000ns - clk25_design_1_clk_wiz_0_0 rise@0.000ns)
  Data Path Delay:        2.936ns  (logic 0.780ns (26.567%)  route 2.156ns (73.433%))
  Logic Levels:           7  (LUT5=3 LUT6=4)
  Clock Path Skew:        -0.467ns (DCD - SCD + CPR)
    Destination Clock Delay (DCD):    3.490ns = ( 11.490 - 8.000 ) 
    Source Clock Delay      (SCD):    3.392ns
    Clock Pessimism Removal (CPR):    -0.565ns
  Clock Uncertainty:      0.202ns  ((TSJ^2 + DJ^2)^1/2) / 2 + PE
    Total System Jitter     (TSJ):    0.071ns
    Discrete Jitter          (DJ):    0.148ns
    Phase Error              (PE):    0.120ns
  Clock Net Delay (Source):      2.084ns (routing 1.172ns, distribution 0.912ns)
  Clock Net Delay (Destination): 1.645ns (routing 0.938ns, distribution 0.707ns)

    Location             Delay type                Incr(ns)  Path(ns)    Netlist Resource(s)
  -------------------------------------------------------------------    -------------------
                         (clock clk25_design_1_clk_wiz_0_0 rise edge)
                                                      0.000     0.000 r  
    D7                                                0.000     0.000 r  clk_100mhz_clk_p (IN)
                         net (fo=0)                   0.100     0.100    design_1_i/clk_wiz_0/inst/clkin1_ibufds/I
    HPIOBDIFFINBUF_X0Y60 DIFFINBUF (Prop_DIFFINBUF_HPIOBDIFFINBUF_DIFF_IN_P_O)
                                                      0.629     0.729 r  design_1_i/clk_wiz_0/inst/clkin1_ibufds/DIFFINBUF_INST/O
                         net (fo=1, routed)           0.050     0.779    design_1_i/clk_wiz_0/inst/clkin1_ibufds/OUT
    D7                   IBUFCTRL (Prop_IBUFCTRL_HPIOB_M_I_O)
                                                      0.000     0.779 r  design_1_i/clk_wiz_0/inst/clkin1_ibufds/IBUFCTRL_INST/O
                         net (fo=1, routed)           0.384     1.163    design_1_i/clk_wiz_0/inst/clk_in1_design_1_clk_wiz_0_0
    MMCM_X0Y2            MMCME4_ADV (Prop_MMCM_CLKIN1_CLKOUT0)
                                                     -0.127     1.036 r  design_1_i/clk_wiz_0/inst/mmcme4_adv_inst/CLKOUT0
                         net (fo=1, routed)           0.244     1.280    design_1_i/clk_wiz_0/inst/clk25_design_1_clk_wiz_0_0
    BUFGCE_X0Y68         BUFGCE (Prop_BUFCE_BUFGCE_I_O)
                                                      0.028     1.308 r  design_1_i/clk_wiz_0/inst/clkout1_buf/O
    X0Y0 (CLOCK_ROOT)    net (fo=99, routed)          2.084     3.392    design_1_i/HDMI_TX_0/U0/i_wrap/pxClk
    SLICE_X36Y16         FDRE                                         r  design_1_i/HDMI_TX_0/U0/i_wrap/TMDS_1/i_Enc/qD_reg[0]/C
  -------------------------------------------------------------------    -------------------
    SLICE_X36Y16         FDRE (Prop_FFF2_SLICEL_C_Q)
                                                      0.081     3.473 r  design_1_i/HDMI_TX_0/U0/i_wrap/TMDS_1/i_Enc/qD_reg[0]/Q
                         net (fo=12, routed)          0.212     3.685    design_1_i/HDMI_TX_0/U0/i_wrap/TMDS_1/i_Enc/qD_reg_n_0_[0]
    SLICE_X36Y15         LUT5 (Prop_D5LUT_SLICEL_I0_O)
                                                      0.110     3.795 r  design_1_i/HDMI_TX_0/U0/i_wrap/g0_b1__0/O
                         net (fo=2, routed)           0.206     4.001    design_1_i/HDMI_TX_0/U0/i_wrap/g0_b1__0_n_0
    SLICE_X36Y15         LUT6 (Prop_B6LUT_SLICEL_I5_O)
                                                      0.090     4.091 r  design_1_i/HDMI_TX_0/U0/i_wrap/g0_b2_i_3__0/O
                         net (fo=1, routed)           0.138     4.229    design_1_i/HDMI_TX_0/U0/i_wrap/g0_b2_i_3__0_n_0
    SLICE_X36Y16         LUT6 (Prop_F6LUT_SLICEL_I0_O)
                                                      0.089     4.318 r  design_1_i/HDMI_TX_0/U0/i_wrap/g0_b2_i_1__0/O
                         net (fo=22, routed)          0.155     4.474    design_1_i/HDMI_TX_0/U0/i_wrap/g0_b2_i_1__0_n_0
    SLICE_X37Y16         LUT6 (Prop_H6LUT_SLICEM_I0_O)
                                                      0.125     4.599 f  design_1_i/HDMI_TX_0/U0/i_wrap/Cnt[4]_i_12__0/O
                         net (fo=14, routed)          0.496     5.094    design_1_i/HDMI_TX_0/U0/i_wrap/Cnt[4]_i_12__0_n_0
    SLICE_X39Y12         LUT5 (Prop_D5LUT_SLICEM_I1_O)
                                                      0.110     5.204 r  design_1_i/HDMI_TX_0/U0/i_wrap/Cnt[4]_i_3__0/O
                         net (fo=8, routed)           0.606     5.810    design_1_i/HDMI_TX_0/U0/i_wrap/Cnt[4]_i_3__0_n_0
    SLICE_X37Y12         LUT6 (Prop_H6LUT_SLICEM_I3_O)
                                                      0.125     5.935 r  design_1_i/HDMI_TX_0/U0/i_wrap/sReg[1]_i_2__1/O
                         net (fo=1, routed)           0.294     6.229    design_1_i/HDMI_TX_0/U0/i_wrap/sReg[1]_i_2__1_n_0
    SLICE_X36Y11         LUT5 (Prop_D6LUT_SLICEL_I0_O)
                                                      0.050     6.279 r  design_1_i/HDMI_TX_0/U0/i_wrap/sReg[1]_i_1__0/O
                         net (fo=1, routed)           0.049     6.328    design_1_i/HDMI_TX_0/U0/i_wrap/sReg[1]_i_1__0_n_0
    SLICE_X36Y11         FDRE                                         r  design_1_i/HDMI_TX_0/U0/i_wrap/TMDS_1/i_GBox/sReg_reg[1]/D
  -------------------------------------------------------------------    -------------------

                         (clock clk125_design_1_clk_wiz_0_0 rise edge)
                                                      8.000     8.000 r  
    D7                                                0.000     8.000 r  clk_100mhz_clk_p (IN)
                         net (fo=0)                   0.079     8.079    design_1_i/clk_wiz_0/inst/clkin1_ibufds/I
    HPIOBDIFFINBUF_X0Y60 DIFFINBUF (Prop_DIFFINBUF_HPIOBDIFFINBUF_DIFF_IN_P_O)
                                                      0.519     8.598 r  design_1_i/clk_wiz_0/inst/clkin1_ibufds/DIFFINBUF_INST/O
                         net (fo=1, routed)           0.040     8.638    design_1_i/clk_wiz_0/inst/clkin1_ibufds/OUT
    D7                   IBUFCTRL (Prop_IBUFCTRL_HPIOB_M_I_O)
                                                      0.000     8.638 r  design_1_i/clk_wiz_0/inst/clkin1_ibufds/IBUFCTRL_INST/O
                         net (fo=1, routed)           0.333     8.971    design_1_i/clk_wiz_0/inst/clk_in1_design_1_clk_wiz_0_0
    MMCM_X0Y2            MMCME4_ADV (Prop_MMCM_CLKIN1_CLKOUT1)
                                                      0.630     9.601 r  design_1_i/clk_wiz_0/inst/mmcme4_adv_inst/CLKOUT1
                         net (fo=1, routed)           0.220     9.821    design_1_i/clk_wiz_0/inst/clk125_design_1_clk_wiz_0_0
    BUFGCE_X0Y54         BUFGCE (Prop_BUFCE_BUFGCE_I_O)
                                                      0.024     9.845 r  design_1_i/clk_wiz_0/inst/clkout2_buf/O
    X1Y0 (CLOCK_ROOT)    net (fo=53, routed)          1.645    11.490    design_1_i/HDMI_TX_0/U0/i_wrap/pxClkX5
    SLICE_X36Y11         FDRE                                         r  design_1_i/HDMI_TX_0/U0/i_wrap/TMDS_1/i_GBox/sReg_reg[1]/C
                         clock pessimism             -0.565    10.925    
                         clock uncertainty           -0.202    10.723    
    SLICE_X36Y11         FDRE (Setup_DFF_SLICEL_C_D)
                                                      0.025    10.748    design_1_i/HDMI_TX_0/U0/i_wrap/TMDS_1/i_GBox/sReg_reg[1]
  -------------------------------------------------------------------
                         required time                         10.748    
                         arrival time                          -6.328    
  -------------------------------------------------------------------
                         slack                                  4.420    

Slack (MET) :             4.467ns  (required time - arrival time)
  Source:                 design_1_i/HDMI_TX_0/U0/i_wrap/TMDS_2/i_Enc/qD_reg[4]/C
                            (rising edge-triggered cell FDRE clocked by clk25_design_1_clk_wiz_0_0  {rise@0.000ns fall@20.000ns period=40.000ns})
  Destination:            design_1_i/HDMI_TX_0/U0/i_wrap/TMDS_2/i_GBox/sReg_reg[2]/D
                            (rising edge-triggered cell FDRE clocked by clk125_design_1_clk_wiz_0_0  {rise@0.000ns fall@4.000ns period=8.000ns})
  Path Group:             clk125_design_1_clk_wiz_0_0
  Path Type:              Setup (Max at Slow Process Corner)
  Requirement:            8.000ns  (clk125_design_1_clk_wiz_0_0 rise@8.000ns - clk25_design_1_clk_wiz_0_0 rise@0.000ns)
  Data Path Delay:        2.926ns  (logic 0.789ns (26.963%)  route 2.137ns (73.037%))
  Logic Levels:           7  (LUT3=1 LUT4=1 LUT5=2 LUT6=3)
  Clock Path Skew:        -0.429ns (DCD - SCD + CPR)
    Destination Clock Delay (DCD):    3.501ns = ( 11.501 - 8.000 ) 
    Source Clock Delay      (SCD):    3.365ns
    Clock Pessimism Removal (CPR):    -0.565ns
  Clock Uncertainty:      0.202ns  ((TSJ^2 + DJ^2)^1/2) / 2 + PE
    Total System Jitter     (TSJ):    0.071ns
    Discrete Jitter          (DJ):    0.148ns
    Phase Error              (PE):    0.120ns
  Clock Net Delay (Source):      2.057ns (routing 1.172ns, distribution 0.885ns)
  Clock Net Delay (Destination): 1.656ns (routing 0.938ns, distribution 0.718ns)

    Location             Delay type                Incr(ns)  Path(ns)    Netlist Resource(s)
  -------------------------------------------------------------------    -------------------
                         (clock clk25_design_1_clk_wiz_0_0 rise edge)
                                                      0.000     0.000 r  
    D7                                                0.000     0.000 r  clk_100mhz_clk_p (IN)
                         net (fo=0)                   0.100     0.100    design_1_i/clk_wiz_0/inst/clkin1_ibufds/I
    HPIOBDIFFINBUF_X0Y60 DIFFINBUF (Prop_DIFFINBUF_HPIOBDIFFINBUF_DIFF_IN_P_O)
                                                      0.629     0.729 r  design_1_i/clk_wiz_0/inst/clkin1_ibufds/DIFFINBUF_INST/O
                         net (fo=1, routed)           0.050     0.779    design_1_i/clk_wiz_0/inst/clkin1_ibufds/OUT
    D7                   IBUFCTRL (Prop_IBUFCTRL_HPIOB_M_I_O)
                                                      0.000     0.779 r  design_1_i/clk_wiz_0/inst/clkin1_ibufds/IBUFCTRL_INST/O
                         net (fo=1, routed)           0.384     1.163    design_1_i/clk_wiz_0/inst/clk_in1_design_1_clk_wiz_0_0
    MMCM_X0Y2            MMCME4_ADV (Prop_MMCM_CLKIN1_CLKOUT0)
                                                     -0.127     1.036 r  design_1_i/clk_wiz_0/inst/mmcme4_adv_inst/CLKOUT0
                         net (fo=1, routed)           0.244     1.280    design_1_i/clk_wiz_0/inst/clk25_design_1_clk_wiz_0_0
    BUFGCE_X0Y68         BUFGCE (Prop_BUFCE_BUFGCE_I_O)
                                                      0.028     1.308 r  design_1_i/clk_wiz_0/inst/clkout1_buf/O
    X0Y0 (CLOCK_ROOT)    net (fo=99, routed)          2.057     3.365    design_1_i/HDMI_TX_0/U0/i_wrap/pxClk
    SLICE_X30Y7          FDRE                                         r  design_1_i/HDMI_TX_0/U0/i_wrap/TMDS_2/i_Enc/qD_reg[4]/C
  -------------------------------------------------------------------    -------------------
    SLICE_X30Y7          FDRE (Prop_BFF_SLICEL_C_Q)
                                                      0.079     3.444 r  design_1_i/HDMI_TX_0/U0/i_wrap/TMDS_2/i_Enc/qD_reg[4]/Q
                         net (fo=5, routed)           0.507     3.952    design_1_i/HDMI_TX_0/U0/i_wrap/TMDS_2/i_Enc/p_6_in
    SLICE_X36Y6          LUT5 (Prop_B5LUT_SLICEL_I4_O)
                                                      0.104     4.056 r  design_1_i/HDMI_TX_0/U0/i_wrap/g0_b2__1/O
                         net (fo=2, routed)           0.301     4.357    design_1_i/HDMI_TX_0/U0/i_wrap/g0_b2__1_n_0
    SLICE_X36Y5          LUT6 (Prop_F6LUT_SLICEL_I0_O)
                                                      0.097     4.454 r  design_1_i/HDMI_TX_0/U0/i_wrap/g0_b2_i_1__1/O
                         net (fo=23, routed)          0.100     4.554    design_1_i/HDMI_TX_0/U0/i_wrap/g0_b2_i_1__1_n_0
    SLICE_X36Y6          LUT6 (Prop_H6LUT_SLICEL_I4_O)
                                                      0.051     4.605 r  design_1_i/HDMI_TX_0/U0/i_wrap/g0_b1__4/O
                         net (fo=4, routed)           0.294     4.899    design_1_i/HDMI_TX_0/U0/i_wrap/g0_b1__4_n_0
    SLICE_X34Y5          LUT6 (Prop_H6LUT_SLICEM_I0_O)
                                                      0.101     5.000 r  design_1_i/HDMI_TX_0/U0/i_wrap/Cnt[4]_i_10__0/O
                         net (fo=8, routed)           0.258     5.258    design_1_i/HDMI_TX_0/U0/i_wrap/Cnt[4]_i_10__0_n_0
    SLICE_X35Y4          LUT4 (Prop_A6LUT_SLICEL_I2_O)
                                                      0.149     5.407 f  design_1_i/HDMI_TX_0/U0/i_wrap/Cnt[4]_i_4__1/O
                         net (fo=8, routed)           0.339     5.746    design_1_i/HDMI_TX_0/U0/i_wrap/Cnt[4]_i_4__1_n_0
    SLICE_X36Y4          LUT3 (Prop_D5LUT_SLICEL_I0_O)
                                                      0.110     5.856 r  design_1_i/HDMI_TX_0/U0/i_wrap/sReg[9]_i_2__1/O
                         net (fo=6, routed)           0.272     6.128    design_1_i/HDMI_TX_0/U0/i_wrap/sReg[9]_i_2__1_n_0
    SLICE_X37Y5          LUT5 (Prop_C6LUT_SLICEM_I1_O)
                                                      0.098     6.226 r  design_1_i/HDMI_TX_0/U0/i_wrap/sReg[2]_i_1__1/O
                         net (fo=1, routed)           0.066     6.292    design_1_i/HDMI_TX_0/U0/i_wrap/sReg[2]_i_1__1_n_0
    SLICE_X37Y5          FDRE                                         r  design_1_i/HDMI_TX_0/U0/i_wrap/TMDS_2/i_GBox/sReg_reg[2]/D
  -------------------------------------------------------------------    -------------------

                         (clock clk125_design_1_clk_wiz_0_0 rise edge)
                                                      8.000     8.000 r  
    D7                                                0.000     8.000 r  clk_100mhz_clk_p (IN)
                         net (fo=0)                   0.079     8.079    design_1_i/clk_wiz_0/inst/clkin1_ibufds/I
    HPIOBDIFFINBUF_X0Y60 DIFFINBUF (Prop_DIFFINBUF_HPIOBDIFFINBUF_DIFF_IN_P_O)
                                                      0.519     8.598 r  design_1_i/clk_wiz_0/inst/clkin1_ibufds/DIFFINBUF_INST/O
                         net (fo=1, routed)           0.040     8.638    design_1_i/clk_wiz_0/inst/clkin1_ibufds/OUT
    D7                   IBUFCTRL (Prop_IBUFCTRL_HPIOB_M_I_O)
                                                      0.000     8.638 r  design_1_i/clk_wiz_0/inst/clkin1_ibufds/IBUFCTRL_INST/O
                         net (fo=1, routed)           0.333     8.971    design_1_i/clk_wiz_0/inst/clk_in1_design_1_clk_wiz_0_0
    MMCM_X0Y2            MMCME4_ADV (Prop_MMCM_CLKIN1_CLKOUT1)
                                                      0.630     9.601 r  design_1_i/clk_wiz_0/inst/mmcme4_adv_inst/CLKOUT1
                         net (fo=1, routed)           0.220     9.821    design_1_i/clk_wiz_0/inst/clk125_design_1_clk_wiz_0_0
    BUFGCE_X0Y54         BUFGCE (Prop_BUFCE_BUFGCE_I_O)
                                                      0.024     9.845 r  design_1_i/clk_wiz_0/inst/clkout2_buf/O
    X1Y0 (CLOCK_ROOT)    net (fo=53, routed)          1.656    11.501    design_1_i/HDMI_TX_0/U0/i_wrap/pxClkX5
    SLICE_X37Y5          FDRE                                         r  design_1_i/HDMI_TX_0/U0/i_wrap/TMDS_2/i_GBox/sReg_reg[2]/C
                         clock pessimism             -0.565    10.936    
                         clock uncertainty           -0.202    10.734    
    SLICE_X37Y5          FDRE (Setup_CFF_SLICEM_C_D)
                                                      0.025    10.759    design_1_i/HDMI_TX_0/U0/i_wrap/TMDS_2/i_GBox/sReg_reg[2]
  -------------------------------------------------------------------
                         required time                         10.759    
                         arrival time                          -6.292    
  -------------------------------------------------------------------
                         slack                                  4.467    





Min Delay Paths
--------------------------------------------------------------------------------------
Slack (MET) :             0.049ns  (arrival time - required time)
  Source:                 design_1_i/HDMI_TX_0/U0/i_wrap/TMDS_0/i_Enc/qC1C0_reg[1]/C
                            (rising edge-triggered cell FDRE clocked by clk25_design_1_clk_wiz_0_0  {rise@0.000ns fall@20.000ns period=40.000ns})
  Destination:            design_1_i/HDMI_TX_0/U0/i_wrap/TMDS_0/i_GBox/sReg_reg[9]/D
                            (rising edge-triggered cell FDRE clocked by clk125_design_1_clk_wiz_0_0  {rise@0.000ns fall@4.000ns period=8.000ns})
  Path Group:             clk125_design_1_clk_wiz_0_0
  Path Type:              Hold (Min at Fast Process Corner)
  Requirement:            0.000ns  (clk125_design_1_clk_wiz_0_0 rise@0.000ns - clk25_design_1_clk_wiz_0_0 rise@0.000ns)
  Data Path Delay:        0.336ns  (logic 0.097ns (28.869%)  route 0.239ns (71.131%))
  Logic Levels:           1  (LUT5=1)
  Clock Path Skew:        0.038ns (DCD - SCD - CPR)
    Destination Clock Delay (DCD):    1.850ns
    Source Clock Delay      (SCD):    2.175ns
    Clock Pessimism Removal (CPR):    -0.363ns
  Clock Uncertainty:      0.202ns  ((TSJ^2 + DJ^2)^1/2) / 2 + PE
    Total System Jitter     (TSJ):    0.071ns
    Discrete Jitter          (DJ):    0.148ns
    Phase Error              (PE):    0.120ns
  Clock Net Delay (Source):      1.173ns (routing 0.640ns, distribution 0.533ns)
  Clock Net Delay (Destination): 1.184ns (routing 0.637ns, distribution 0.547ns)

    Location             Delay type                Incr(ns)  Path(ns)    Netlist Resource(s)
  -------------------------------------------------------------------    -------------------
                         (clock clk25_design_1_clk_wiz_0_0 rise edge)
                                                      0.000     0.000 r  
    D7                                                0.000     0.000 r  clk_100mhz_clk_p (IN)
                         net (fo=0)                   0.079     0.079    design_1_i/clk_wiz_0/inst/clkin1_ibufds/I
    HPIOBDIFFINBUF_X0Y60 DIFFINBUF (Prop_DIFFINBUF_HPIOBDIFFINBUF_DIFF_IN_P_O)
                                                      0.295     0.374 r  design_1_i/clk_wiz_0/inst/clkin1_ibufds/DIFFINBUF_INST/O
                         net (fo=1, routed)           0.040     0.414    design_1_i/clk_wiz_0/inst/clkin1_ibufds/OUT
    D7                   IBUFCTRL (Prop_IBUFCTRL_HPIOB_M_I_O)
                                                      0.000     0.414 r  design_1_i/clk_wiz_0/inst/clkin1_ibufds/IBUFCTRL_INST/O
                         net (fo=1, routed)           0.196     0.610    design_1_i/clk_wiz_0/inst/clk_in1_design_1_clk_wiz_0_0
    MMCM_X0Y2            MMCME4_ADV (Prop_MMCM_CLKIN1_CLKOUT0)
                                                      0.230     0.840 r  design_1_i/clk_wiz_0/inst/mmcme4_adv_inst/CLKOUT0
                         net (fo=1, routed)           0.145     0.985    design_1_i/clk_wiz_0/inst/clk25_design_1_clk_wiz_0_0
    BUFGCE_X0Y68         BUFGCE (Prop_BUFCE_BUFGCE_I_O)
                                                      0.017     1.002 r  design_1_i/clk_wiz_0/inst/clkout1_buf/O
    X0Y0 (CLOCK_ROOT)    net (fo=99, routed)          1.173     2.175    design_1_i/HDMI_TX_0/U0/i_wrap/pxClk
    SLICE_X38Y16         FDRE                                         r  design_1_i/HDMI_TX_0/U0/i_wrap/TMDS_0/i_Enc/qC1C0_reg[1]/C
  -------------------------------------------------------------------    -------------------
    SLICE_X38Y16         FDRE (Prop_AFF_SLICEL_C_Q)
                                                      0.039     2.214 r  design_1_i/HDMI_TX_0/U0/i_wrap/TMDS_0/i_Enc/qC1C0_reg[1]/Q
                         net (fo=1, routed)           0.233     2.447    design_1_i/HDMI_TX_0/U0/i_wrap/qC1C0[1]
    SLICE_X38Y16         LUT5 (Prop_H5LUT_SLICEL_I3_O)
                                                      0.058     2.505 r  design_1_i/HDMI_TX_0/U0/i_wrap/sReg[9]_i_1/O
                         net (fo=1, routed)           0.006     2.511    design_1_i/HDMI_TX_0/U0/i_wrap/sReg[9]_i_1_n_0
    SLICE_X38Y16         FDRE                                         r  design_1_i/HDMI_TX_0/U0/i_wrap/TMDS_0/i_GBox/sReg_reg[9]/D
  -------------------------------------------------------------------    -------------------

                         (clock clk125_design_1_clk_wiz_0_0 rise edge)
                                                      0.000     0.000 r  
    D7                                                0.000     0.000 r  clk_100mhz_clk_p (IN)
                         net (fo=0)                   0.100     0.100    design_1_i/clk_wiz_0/inst/clkin1_ibufds/I
    HPIOBDIFFINBUF_X0Y60 DIFFINBUF (Prop_DIFFINBUF_HPIOBDIFFINBUF_DIFF_IN_P_O)
                                                      0.400     0.500 r  design_1_i/clk_wiz_0/inst/clkin1_ibufds/DIFFINBUF_INST/O
                         net (fo=1, routed)           0.050     0.550    design_1_i/clk_wiz_0/inst/clkin1_ibufds/OUT
    D7                   IBUFCTRL (Prop_IBUFCTRL_HPIOB_M_I_O)
                                                      0.000     0.550 r  design_1_i/clk_wiz_0/inst/clkin1_ibufds/IBUFCTRL_INST/O
                         net (fo=1, routed)           0.222     0.772    design_1_i/clk_wiz_0/inst/clk_in1_design_1_clk_wiz_0_0
    MMCM_X0Y2            MMCME4_ADV (Prop_MMCM_CLKIN1_CLKOUT1)
                                                     -0.295     0.477 r  design_1_i/clk_wiz_0/inst/mmcme4_adv_inst/CLKOUT1
                         net (fo=1, routed)           0.170     0.647    design_1_i/clk_wiz_0/inst/clk125_design_1_clk_wiz_0_0
    BUFGCE_X0Y54         BUFGCE (Prop_BUFCE_BUFGCE_I_O)
                                                      0.019     0.666 r  design_1_i/clk_wiz_0/inst/clkout2_buf/O
    X1Y0 (CLOCK_ROOT)    net (fo=53, routed)          1.184     1.850    design_1_i/HDMI_TX_0/U0/i_wrap/pxClkX5
    SLICE_X38Y16         FDRE                                         r  design_1_i/HDMI_TX_0/U0/i_wrap/TMDS_0/i_GBox/sReg_reg[9]/C
                         clock pessimism              0.363     2.213    
                         clock uncertainty            0.202     2.415    
    SLICE_X38Y16         FDRE (Hold_HFF2_SLICEL_C_D)
                                                      0.047     2.462    design_1_i/HDMI_TX_0/U0/i_wrap/TMDS_0/i_GBox/sReg_reg[9]
  -------------------------------------------------------------------
                         required time                         -2.462    
                         arrival time                           2.511    
  -------------------------------------------------------------------
                         slack                                  0.049    

Slack (MET) :             0.116ns  (arrival time - required time)
  Source:                 design_1_i/HDMI_TX_0/U0/i_wrap/TMDS_2/i_Enc/qD_reg[1]/C
                            (rising edge-triggered cell FDRE clocked by clk25_design_1_clk_wiz_0_0  {rise@0.000ns fall@20.000ns period=40.000ns})
  Destination:            design_1_i/HDMI_TX_0/U0/i_wrap/TMDS_2/i_GBox/sReg_reg[1]/D
                            (rising edge-triggered cell FDRE clocked by clk125_design_1_clk_wiz_0_0  {rise@0.000ns fall@4.000ns period=8.000ns})
  Path Group:             clk125_design_1_clk_wiz_0_0
  Path Type:              Hold (Min at Fast Process Corner)
  Requirement:            0.000ns  (clk125_design_1_clk_wiz_0_0 rise@0.000ns - clk25_design_1_clk_wiz_0_0 rise@0.000ns)
  Data Path Delay:        0.432ns  (logic 0.124ns (28.727%)  route 0.308ns (71.273%))
  Logic Levels:           2  (LUT5=1 LUT6=1)
  Clock Path Skew:        0.067ns (DCD - SCD - CPR)
    Destination Clock Delay (DCD):    1.837ns
    Source Clock Delay      (SCD):    2.133ns
    Clock Pessimism Removal (CPR):    -0.363ns
  Clock Uncertainty:      0.202ns  ((TSJ^2 + DJ^2)^1/2) / 2 + PE
    Total System Jitter     (TSJ):    0.071ns
    Discrete Jitter          (DJ):    0.148ns
    Phase Error              (PE):    0.120ns
  Clock Net Delay (Source):      1.131ns (routing 0.640ns, distribution 0.491ns)
  Clock Net Delay (Destination): 1.171ns (routing 0.637ns, distribution 0.534ns)

    Location             Delay type                Incr(ns)  Path(ns)    Netlist Resource(s)
  -------------------------------------------------------------------    -------------------
                         (clock clk25_design_1_clk_wiz_0_0 rise edge)
                                                      0.000     0.000 r  
    D7                                                0.000     0.000 r  clk_100mhz_clk_p (IN)
                         net (fo=0)                   0.079     0.079    design_1_i/clk_wiz_0/inst/clkin1_ibufds/I
    HPIOBDIFFINBUF_X0Y60 DIFFINBUF (Prop_DIFFINBUF_HPIOBDIFFINBUF_DIFF_IN_P_O)
                                                      0.295     0.374 r  design_1_i/clk_wiz_0/inst/clkin1_ibufds/DIFFINBUF_INST/O
                         net (fo=1, routed)           0.040     0.414    design_1_i/clk_wiz_0/inst/clkin1_ibufds/OUT
    D7                   IBUFCTRL (Prop_IBUFCTRL_HPIOB_M_I_O)
                                                      0.000     0.414 r  design_1_i/clk_wiz_0/inst/clkin1_ibufds/IBUFCTRL_INST/O
                         net (fo=1, routed)           0.196     0.610    design_1_i/clk_wiz_0/inst/clk_in1_design_1_clk_wiz_0_0
    MMCM_X0Y2            MMCME4_ADV (Prop_MMCM_CLKIN1_CLKOUT0)
                                                      0.230     0.840 r  design_1_i/clk_wiz_0/inst/mmcme4_adv_inst/CLKOUT0
                         net (fo=1, routed)           0.145     0.985    design_1_i/clk_wiz_0/inst/clk25_design_1_clk_wiz_0_0
    BUFGCE_X0Y68         BUFGCE (Prop_BUFCE_BUFGCE_I_O)
                                                      0.017     1.002 r  design_1_i/clk_wiz_0/inst/clkout1_buf/O
    X0Y0 (CLOCK_ROOT)    net (fo=99, routed)          1.131     2.133    design_1_i/HDMI_TX_0/U0/i_wrap/pxClk
    SLICE_X32Y9          FDRE                                         r  design_1_i/HDMI_TX_0/U0/i_wrap/TMDS_2/i_Enc/qD_reg[1]/C
  -------------------------------------------------------------------    -------------------
    SLICE_X32Y9          FDRE (Prop_DFF_SLICEL_C_Q)
                                                      0.039     2.172 r  design_1_i/HDMI_TX_0/U0/i_wrap/TMDS_2/i_Enc/qD_reg[1]/Q
                         net (fo=10, routed)          0.245     2.417    design_1_i/HDMI_TX_0/U0/i_wrap/TMDS_2/i_Enc/p_0_in
    SLICE_X36Y4          LUT5 (Prop_D6LUT_SLICEL_I4_O)
                                                      0.035     2.452 r  design_1_i/HDMI_TX_0/U0/i_wrap/sReg[1]_i_2/O
                         net (fo=1, routed)           0.046     2.498    design_1_i/HDMI_TX_0/U0/i_wrap/sReg[1]_i_2_n_0
    SLICE_X36Y3          LUT6 (Prop_H6LUT_SLICEL_I5_O)
                                                      0.050     2.548 r  design_1_i/HDMI_TX_0/U0/i_wrap/sReg[1]_i_1__1/O
                         net (fo=1, routed)           0.017     2.565    design_1_i/HDMI_TX_0/U0/i_wrap/sReg[1]_i_1__1_n_0
    SLICE_X36Y3          FDRE                                         r  design_1_i/HDMI_TX_0/U0/i_wrap/TMDS_2/i_GBox/sReg_reg[1]/D
  -------------------------------------------------------------------    -------------------

                         (clock clk125_design_1_clk_wiz_0_0 rise edge)
                                                      0.000     0.000 r  
    D7                                                0.000     0.000 r  clk_100mhz_clk_p (IN)
                         net (fo=0)                   0.100     0.100    design_1_i/clk_wiz_0/inst/clkin1_ibufds/I
    HPIOBDIFFINBUF_X0Y60 DIFFINBUF (Prop_DIFFINBUF_HPIOBDIFFINBUF_DIFF_IN_P_O)
                                                      0.400     0.500 r  design_1_i/clk_wiz_0/inst/clkin1_ibufds/DIFFINBUF_INST/O
                         net (fo=1, routed)           0.050     0.550    design_1_i/clk_wiz_0/inst/clkin1_ibufds/OUT
    D7                   IBUFCTRL (Prop_IBUFCTRL_HPIOB_M_I_O)
                                                      0.000     0.550 r  design_1_i/clk_wiz_0/inst/clkin1_ibufds/IBUFCTRL_INST/O
                         net (fo=1, routed)           0.222     0.772    design_1_i/clk_wiz_0/inst/clk_in1_design_1_clk_wiz_0_0
    MMCM_X0Y2            MMCME4_ADV (Prop_MMCM_CLKIN1_CLKOUT1)
                                                     -0.295     0.477 r  design_1_i/clk_wiz_0/inst/mmcme4_adv_inst/CLKOUT1
                         net (fo=1, routed)           0.170     0.647    design_1_i/clk_wiz_0/inst/clk125_design_1_clk_wiz_0_0
    BUFGCE_X0Y54         BUFGCE (Prop_BUFCE_BUFGCE_I_O)
                                                      0.019     0.666 r  design_1_i/clk_wiz_0/inst/clkout2_buf/O
    X1Y0 (CLOCK_ROOT)    net (fo=53, routed)          1.171     1.837    design_1_i/HDMI_TX_0/U0/i_wrap/pxClkX5
    SLICE_X36Y3          FDRE                                         r  design_1_i/HDMI_TX_0/U0/i_wrap/TMDS_2/i_GBox/sReg_reg[1]/C
                         clock pessimism              0.363     2.201    
                         clock uncertainty            0.202     2.403    
    SLICE_X36Y3          FDRE (Hold_HFF_SLICEL_C_D)
                                                      0.046     2.449    design_1_i/HDMI_TX_0/U0/i_wrap/TMDS_2/i_GBox/sReg_reg[1]
  -------------------------------------------------------------------
                         required time                         -2.449    
                         arrival time                           2.565    
  -------------------------------------------------------------------
                         slack                                  0.116    

Slack (MET) :             0.127ns  (arrival time - required time)
  Source:                 design_1_i/HDMI_TX_0/U0/i_wrap/TMDS_0/i_Enc/qC1C0_reg[0]/C
                            (rising edge-triggered cell FDRE clocked by clk25_design_1_clk_wiz_0_0  {rise@0.000ns fall@20.000ns period=40.000ns})
  Destination:            design_1_i/HDMI_TX_0/U0/i_wrap/TMDS_0/i_GBox/sReg_reg[8]/D
                            (rising edge-triggered cell FDRE clocked by clk125_design_1_clk_wiz_0_0  {rise@0.000ns fall@4.000ns period=8.000ns})
  Path Group:             clk125_design_1_clk_wiz_0_0
  Path Type:              Hold (Min at Fast Process Corner)
  Requirement:            0.000ns  (clk125_design_1_clk_wiz_0_0 rise@0.000ns - clk25_design_1_clk_wiz_0_0 rise@0.000ns)
  Data Path Delay:        0.448ns  (logic 0.061ns (13.631%)  route 0.387ns (86.369%))
  Logic Levels:           1  (LUT6=1)
  Clock Path Skew:        0.072ns (DCD - SCD - CPR)
    Destination Clock Delay (DCD):    1.853ns
    Source Clock Delay      (SCD):    2.144ns
    Clock Pessimism Removal (CPR):    -0.363ns
  Clock Uncertainty:      0.202ns  ((TSJ^2 + DJ^2)^1/2) / 2 + PE
    Total System Jitter     (TSJ):    0.071ns
    Discrete Jitter          (DJ):    0.148ns
    Phase Error              (PE):    0.120ns
  Clock Net Delay (Source):      1.142ns (routing 0.640ns, distribution 0.502ns)
  Clock Net Delay (Destination): 1.187ns (routing 0.637ns, distribution 0.550ns)

    Location             Delay type                Incr(ns)  Path(ns)    Netlist Resource(s)
  -------------------------------------------------------------------    -------------------
                         (clock clk25_design_1_clk_wiz_0_0 rise edge)
                                                      0.000     0.000 r  
    D7                                                0.000     0.000 r  clk_100mhz_clk_p (IN)
                         net (fo=0)                   0.079     0.079    design_1_i/clk_wiz_0/inst/clkin1_ibufds/I
    HPIOBDIFFINBUF_X0Y60 DIFFINBUF (Prop_DIFFINBUF_HPIOBDIFFINBUF_DIFF_IN_P_O)
                                                      0.295     0.374 r  design_1_i/clk_wiz_0/inst/clkin1_ibufds/DIFFINBUF_INST/O
                         net (fo=1, routed)           0.040     0.414    design_1_i/clk_wiz_0/inst/clkin1_ibufds/OUT
    D7                   IBUFCTRL (Prop_IBUFCTRL_HPIOB_M_I_O)
                                                      0.000     0.414 r  design_1_i/clk_wiz_0/inst/clkin1_ibufds/IBUFCTRL_INST/O
                         net (fo=1, routed)           0.196     0.610    design_1_i/clk_wiz_0/inst/clk_in1_design_1_clk_wiz_0_0
    MMCM_X0Y2            MMCME4_ADV (Prop_MMCM_CLKIN1_CLKOUT0)
                                                      0.230     0.840 r  design_1_i/clk_wiz_0/inst/mmcme4_adv_inst/CLKOUT0
                         net (fo=1, routed)           0.145     0.985    design_1_i/clk_wiz_0/inst/clk25_design_1_clk_wiz_0_0
    BUFGCE_X0Y68         BUFGCE (Prop_BUFCE_BUFGCE_I_O)
                                                      0.017     1.002 r  design_1_i/clk_wiz_0/inst/clkout1_buf/O
    X0Y0 (CLOCK_ROOT)    net (fo=99, routed)          1.142     2.144    design_1_i/HDMI_TX_0/U0/i_wrap/pxClk
    SLICE_X35Y18         FDRE                                         r  design_1_i/HDMI_TX_0/U0/i_wrap/TMDS_0/i_Enc/qC1C0_reg[0]/C
  -------------------------------------------------------------------    -------------------
    SLICE_X35Y18         FDRE (Prop_AFF_SLICEL_C_Q)
                                                      0.039     2.183 f  design_1_i/HDMI_TX_0/U0/i_wrap/TMDS_0/i_Enc/qC1C0_reg[0]/Q
                         net (fo=9, routed)           0.363     2.545    design_1_i/HDMI_TX_0/U0/i_wrap/qC1C0[0]
    SLICE_X39Y17         LUT6 (Prop_C6LUT_SLICEM_I0_O)
                                                      0.022     2.567 r  design_1_i/HDMI_TX_0/U0/i_wrap/sReg[8]_i_1/O
                         net (fo=1, routed)           0.024     2.591    design_1_i/HDMI_TX_0/U0/i_wrap/sReg[8]_i_1_n_0
    SLICE_X39Y17         FDRE                                         r  design_1_i/HDMI_TX_0/U0/i_wrap/TMDS_0/i_GBox/sReg_reg[8]/D
  -------------------------------------------------------------------    -------------------

                         (clock clk125_design_1_clk_wiz_0_0 rise edge)
                                                      0.000     0.000 r  
    D7                                                0.000     0.000 r  clk_100mhz_clk_p (IN)
                         net (fo=0)                   0.100     0.100    design_1_i/clk_wiz_0/inst/clkin1_ibufds/I
    HPIOBDIFFINBUF_X0Y60 DIFFINBUF (Prop_DIFFINBUF_HPIOBDIFFINBUF_DIFF_IN_P_O)
                                                      0.400     0.500 r  design_1_i/clk_wiz_0/inst/clkin1_ibufds/DIFFINBUF_INST/O
                         net (fo=1, routed)           0.050     0.550    design_1_i/clk_wiz_0/inst/clkin1_ibufds/OUT
    D7                   IBUFCTRL (Prop_IBUFCTRL_HPIOB_M_I_O)
                                                      0.000     0.550 r  design_1_i/clk_wiz_0/inst/clkin1_ibufds/IBUFCTRL_INST/O
                         net (fo=1, routed)           0.222     0.772    design_1_i/clk_wiz_0/inst/clk_in1_design_1_clk_wiz_0_0
    MMCM_X0Y2            MMCME4_ADV (Prop_MMCM_CLKIN1_CLKOUT1)
                                                     -0.295     0.477 r  design_1_i/clk_wiz_0/inst/mmcme4_adv_inst/CLKOUT1
                         net (fo=1, routed)           0.170     0.647    design_1_i/clk_wiz_0/inst/clk125_design_1_clk_wiz_0_0
    BUFGCE_X0Y54         BUFGCE (Prop_BUFCE_BUFGCE_I_O)
                                                      0.019     0.666 r  design_1_i/clk_wiz_0/inst/clkout2_buf/O
    X1Y0 (CLOCK_ROOT)    net (fo=53, routed)          1.187     1.853    design_1_i/HDMI_TX_0/U0/i_wrap/pxClkX5
    SLICE_X39Y17         FDRE                                         r  design_1_i/HDMI_TX_0/U0/i_wrap/TMDS_0/i_GBox/sReg_reg[8]/C
                         clock pessimism              0.363     2.216    
                         clock uncertainty            0.202     2.418    
    SLICE_X39Y17         FDRE (Hold_CFF_SLICEM_C_D)
                                                      0.046     2.464    design_1_i/HDMI_TX_0/U0/i_wrap/TMDS_0/i_GBox/sReg_reg[8]
  -------------------------------------------------------------------
                         required time                         -2.464    
                         arrival time                           2.591    
  -------------------------------------------------------------------
                         slack                                  0.127    

Slack (MET) :             0.130ns  (arrival time - required time)
  Source:                 design_1_i/HDMI_TX_0/U0/i_wrap/TMDS_2/i_Enc/qD_reg[0]/C
                            (rising edge-triggered cell FDRE clocked by clk25_design_1_clk_wiz_0_0  {rise@0.000ns fall@20.000ns period=40.000ns})
  Destination:            design_1_i/HDMI_TX_0/U0/i_wrap/TMDS_2/i_GBox/sReg_reg[0]/D
                            (rising edge-triggered cell FDRE clocked by clk125_design_1_clk_wiz_0_0  {rise@0.000ns fall@4.000ns period=8.000ns})
  Path Group:             clk125_design_1_clk_wiz_0_0
  Path Type:              Hold (Min at Fast Process Corner)
  Requirement:            0.000ns  (clk125_design_1_clk_wiz_0_0 rise@0.000ns - clk25_design_1_clk_wiz_0_0 rise@0.000ns)
  Data Path Delay:        0.423ns  (logic 0.080ns (18.914%)  route 0.343ns (81.086%))
  Logic Levels:           1  (LUT5=1)
  Clock Path Skew:        0.045ns (DCD - SCD - CPR)
    Destination Clock Delay (DCD):    1.839ns
    Source Clock Delay      (SCD):    2.157ns
    Clock Pessimism Removal (CPR):    -0.363ns
  Clock Uncertainty:      0.202ns  ((TSJ^2 + DJ^2)^1/2) / 2 + PE
    Total System Jitter     (TSJ):    0.071ns
    Discrete Jitter          (DJ):    0.148ns
    Phase Error              (PE):    0.120ns
  Clock Net Delay (Source):      1.155ns (routing 0.640ns, distribution 0.515ns)
  Clock Net Delay (Destination): 1.173ns (routing 0.637ns, distribution 0.536ns)

    Location             Delay type                Incr(ns)  Path(ns)    Netlist Resource(s)
  -------------------------------------------------------------------    -------------------
                         (clock clk25_design_1_clk_wiz_0_0 rise edge)
                                                      0.000     0.000 r  
    D7                                                0.000     0.000 r  clk_100mhz_clk_p (IN)
                         net (fo=0)                   0.079     0.079    design_1_i/clk_wiz_0/inst/clkin1_ibufds/I
    HPIOBDIFFINBUF_X0Y60 DIFFINBUF (Prop_DIFFINBUF_HPIOBDIFFINBUF_DIFF_IN_P_O)
                                                      0.295     0.374 r  design_1_i/clk_wiz_0/inst/clkin1_ibufds/DIFFINBUF_INST/O
                         net (fo=1, routed)           0.040     0.414    design_1_i/clk_wiz_0/inst/clkin1_ibufds/OUT
    D7                   IBUFCTRL (Prop_IBUFCTRL_HPIOB_M_I_O)
                                                      0.000     0.414 r  design_1_i/clk_wiz_0/inst/clkin1_ibufds/IBUFCTRL_INST/O
                         net (fo=1, routed)           0.196     0.610    design_1_i/clk_wiz_0/inst/clk_in1_design_1_clk_wiz_0_0
    MMCM_X0Y2            MMCME4_ADV (Prop_MMCM_CLKIN1_CLKOUT0)
                                                      0.230     0.840 r  design_1_i/clk_wiz_0/inst/mmcme4_adv_inst/CLKOUT0
                         net (fo=1, routed)           0.145     0.985    design_1_i/clk_wiz_0/inst/clk25_design_1_clk_wiz_0_0
    BUFGCE_X0Y68         BUFGCE (Prop_BUFCE_BUFGCE_I_O)
                                                      0.017     1.002 r  design_1_i/clk_wiz_0/inst/clkout1_buf/O
    X0Y0 (CLOCK_ROOT)    net (fo=99, routed)          1.155     2.157    design_1_i/HDMI_TX_0/U0/i_wrap/pxClk
    SLICE_X36Y6          FDRE                                         r  design_1_i/HDMI_TX_0/U0/i_wrap/TMDS_2/i_Enc/qD_reg[0]/C
  -------------------------------------------------------------------    -------------------
    SLICE_X36Y6          FDRE (Prop_EFF_SLICEL_C_Q)
                                                      0.039     2.196 r  design_1_i/HDMI_TX_0/U0/i_wrap/TMDS_2/i_Enc/qD_reg[0]/Q
                         net (fo=13, routed)          0.317     2.513    design_1_i/HDMI_TX_0/U0/i_wrap/TMDS_2/i_Enc/qD_reg_n_0_[0]
    SLICE_X37Y5          LUT5 (Prop_D6LUT_SLICEM_I1_O)
                                                      0.041     2.554 r  design_1_i/HDMI_TX_0/U0/i_wrap/sReg[0]_i_1__1/O
                         net (fo=1, routed)           0.026     2.580    design_1_i/HDMI_TX_0/U0/i_wrap/sReg[0]_i_1__1_n_0
    SLICE_X37Y5          FDRE                                         r  design_1_i/HDMI_TX_0/U0/i_wrap/TMDS_2/i_GBox/sReg_reg[0]/D
  -------------------------------------------------------------------    -------------------

                         (clock clk125_design_1_clk_wiz_0_0 rise edge)
                                                      0.000     0.000 r  
    D7                                                0.000     0.000 r  clk_100mhz_clk_p (IN)
                         net (fo=0)                   0.100     0.100    design_1_i/clk_wiz_0/inst/clkin1_ibufds/I
    HPIOBDIFFINBUF_X0Y60 DIFFINBUF (Prop_DIFFINBUF_HPIOBDIFFINBUF_DIFF_IN_P_O)
                                                      0.400     0.500 r  design_1_i/clk_wiz_0/inst/clkin1_ibufds/DIFFINBUF_INST/O
                         net (fo=1, routed)           0.050     0.550    design_1_i/clk_wiz_0/inst/clkin1_ibufds/OUT
    D7                   IBUFCTRL (Prop_IBUFCTRL_HPIOB_M_I_O)
                                                      0.000     0.550 r  design_1_i/clk_wiz_0/inst/clkin1_ibufds/IBUFCTRL_INST/O
                         net (fo=1, routed)           0.222     0.772    design_1_i/clk_wiz_0/inst/clk_in1_design_1_clk_wiz_0_0
    MMCM_X0Y2            MMCME4_ADV (Prop_MMCM_CLKIN1_CLKOUT1)
                                                     -0.295     0.477 r  design_1_i/clk_wiz_0/inst/mmcme4_adv_inst/CLKOUT1
                         net (fo=1, routed)           0.170     0.647    design_1_i/clk_wiz_0/inst/clk125_design_1_clk_wiz_0_0
    BUFGCE_X0Y54         BUFGCE (Prop_BUFCE_BUFGCE_I_O)
                                                      0.019     0.666 r  design_1_i/clk_wiz_0/inst/clkout2_buf/O
    X1Y0 (CLOCK_ROOT)    net (fo=53, routed)          1.173     1.839    design_1_i/HDMI_TX_0/U0/i_wrap/pxClkX5
    SLICE_X37Y5          FDRE                                         r  design_1_i/HDMI_TX_0/U0/i_wrap/TMDS_2/i_GBox/sReg_reg[0]/C
                         clock pessimism              0.363     2.203    
                         clock uncertainty            0.202     2.405    
    SLICE_X37Y5          FDRE (Hold_DFF_SLICEM_C_D)
                                                      0.046     2.451    design_1_i/HDMI_TX_0/U0/i_wrap/TMDS_2/i_GBox/sReg_reg[0]
  -------------------------------------------------------------------
                         required time                         -2.451    
                         arrival time                           2.580    
  -------------------------------------------------------------------
                         slack                                  0.130    

Slack (MET) :             0.137ns  (arrival time - required time)
  Source:                 design_1_i/HDMI_TX_0/U0/i_wrap/TMDS_1/i_Enc/qD_reg[5]/C
                            (rising edge-triggered cell FDRE clocked by clk25_design_1_clk_wiz_0_0  {rise@0.000ns fall@20.000ns period=40.000ns})
  Destination:            design_1_i/HDMI_TX_0/U0/i_wrap/TMDS_1/i_GBox/sReg_reg[7]/D
                            (rising edge-triggered cell FDRE clocked by clk125_design_1_clk_wiz_0_0  {rise@0.000ns fall@4.000ns period=8.000ns})
  Path Group:             clk125_design_1_clk_wiz_0_0
  Path Type:              Hold (Min at Fast Process Corner)
  Requirement:            0.000ns  (clk125_design_1_clk_wiz_0_0 rise@0.000ns - clk25_design_1_clk_wiz_0_0 rise@0.000ns)
  Data Path Delay:        0.424ns  (logic 0.114ns (26.912%)  route 0.310ns (73.088%))
  Logic Levels:           2  (LUT3=1 LUT6=1)
  Clock Path Skew:        0.038ns (DCD - SCD - CPR)
    Destination Clock Delay (DCD):    1.831ns
    Source Clock Delay      (SCD):    2.156ns
    Clock Pessimism Removal (CPR):    -0.363ns
  Clock Uncertainty:      0.202ns  ((TSJ^2 + DJ^2)^1/2) / 2 + PE
    Total System Jitter     (TSJ):    0.071ns
    Discrete Jitter          (DJ):    0.148ns
    Phase Error              (PE):    0.120ns
  Clock Net Delay (Source):      1.154ns (routing 0.640ns, distribution 0.514ns)
  Clock Net Delay (Destination): 1.165ns (routing 0.637ns, distribution 0.528ns)

    Location             Delay type                Incr(ns)  Path(ns)    Netlist Resource(s)
  -------------------------------------------------------------------    -------------------
                         (clock clk25_design_1_clk_wiz_0_0 rise edge)
                                                      0.000     0.000 r  
    D7                                                0.000     0.000 r  clk_100mhz_clk_p (IN)
                         net (fo=0)                   0.079     0.079    design_1_i/clk_wiz_0/inst/clkin1_ibufds/I
    HPIOBDIFFINBUF_X0Y60 DIFFINBUF (Prop_DIFFINBUF_HPIOBDIFFINBUF_DIFF_IN_P_O)
                                                      0.295     0.374 r  design_1_i/clk_wiz_0/inst/clkin1_ibufds/DIFFINBUF_INST/O
                         net (fo=1, routed)           0.040     0.414    design_1_i/clk_wiz_0/inst/clkin1_ibufds/OUT
    D7                   IBUFCTRL (Prop_IBUFCTRL_HPIOB_M_I_O)
                                                      0.000     0.414 r  design_1_i/clk_wiz_0/inst/clkin1_ibufds/IBUFCTRL_INST/O
                         net (fo=1, routed)           0.196     0.610    design_1_i/clk_wiz_0/inst/clk_in1_design_1_clk_wiz_0_0
    MMCM_X0Y2            MMCME4_ADV (Prop_MMCM_CLKIN1_CLKOUT0)
                                                      0.230     0.840 r  design_1_i/clk_wiz_0/inst/mmcme4_adv_inst/CLKOUT0
                         net (fo=1, routed)           0.145     0.985    design_1_i/clk_wiz_0/inst/clk25_design_1_clk_wiz_0_0
    BUFGCE_X0Y68         BUFGCE (Prop_BUFCE_BUFGCE_I_O)
                                                      0.017     1.002 r  design_1_i/clk_wiz_0/inst/clkout1_buf/O
    X0Y0 (CLOCK_ROOT)    net (fo=99, routed)          1.154     2.156    design_1_i/HDMI_TX_0/U0/i_wrap/pxClk
    SLICE_X36Y10         FDRE                                         r  design_1_i/HDMI_TX_0/U0/i_wrap/TMDS_1/i_Enc/qD_reg[5]/C
  -------------------------------------------------------------------    -------------------
    SLICE_X36Y10         FDRE (Prop_EFF2_SLICEL_C_Q)
                                                      0.040     2.196 r  design_1_i/HDMI_TX_0/U0/i_wrap/TMDS_1/i_Enc/qD_reg[5]/Q
                         net (fo=6, routed)           0.115     2.311    design_1_i/HDMI_TX_0/U0/i_wrap/TMDS_1/i_Enc/p_8_in
    SLICE_X36Y15         LUT3 (Prop_C6LUT_SLICEL_I2_O)
                                                      0.059     2.370 r  design_1_i/HDMI_TX_0/U0/i_wrap/sReg[7]_i_3__0/O
                         net (fo=1, routed)           0.180     2.550    design_1_i/HDMI_TX_0/U0/i_wrap/sReg[7]_i_3__0_n_0
    SLICE_X36Y11         LUT6 (Prop_B6LUT_SLICEL_I3_O)
                                                      0.015     2.565 r  design_1_i/HDMI_TX_0/U0/i_wrap/sReg[7]_i_1__0/O
                         net (fo=1, routed)           0.015     2.580    design_1_i/HDMI_TX_0/U0/i_wrap/sReg[7]_i_1__0_n_0
    SLICE_X36Y11         FDRE                                         r  design_1_i/HDMI_TX_0/U0/i_wrap/TMDS_1/i_GBox/sReg_reg[7]/D
  -------------------------------------------------------------------    -------------------

                         (clock clk125_design_1_clk_wiz_0_0 rise edge)
                                                      0.000     0.000 r  
    D7                                                0.000     0.000 r  clk_100mhz_clk_p (IN)
                         net (fo=0)                   0.100     0.100    design_1_i/clk_wiz_0/inst/clkin1_ibufds/I
    HPIOBDIFFINBUF_X0Y60 DIFFINBUF (Prop_DIFFINBUF_HPIOBDIFFINBUF_DIFF_IN_P_O)
                                                      0.400     0.500 r  design_1_i/clk_wiz_0/inst/clkin1_ibufds/DIFFINBUF_INST/O
                         net (fo=1, routed)           0.050     0.550    design_1_i/clk_wiz_0/inst/clkin1_ibufds/OUT
    D7                   IBUFCTRL (Prop_IBUFCTRL_HPIOB_M_I_O)
                                                      0.000     0.550 r  design_1_i/clk_wiz_0/inst/clkin1_ibufds/IBUFCTRL_INST/O
                         net (fo=1, routed)           0.222     0.772    design_1_i/clk_wiz_0/inst/clk_in1_design_1_clk_wiz_0_0
    MMCM_X0Y2            MMCME4_ADV (Prop_MMCM_CLKIN1_CLKOUT1)
                                                     -0.295     0.477 r  design_1_i/clk_wiz_0/inst/mmcme4_adv_inst/CLKOUT1
                         net (fo=1, routed)           0.170     0.647    design_1_i/clk_wiz_0/inst/clk125_design_1_clk_wiz_0_0
    BUFGCE_X0Y54         BUFGCE (Prop_BUFCE_BUFGCE_I_O)
                                                      0.019     0.666 r  design_1_i/clk_wiz_0/inst/clkout2_buf/O
    X1Y0 (CLOCK_ROOT)    net (fo=53, routed)          1.165     1.831    design_1_i/HDMI_TX_0/U0/i_wrap/pxClkX5
    SLICE_X36Y11         FDRE                                         r  design_1_i/HDMI_TX_0/U0/i_wrap/TMDS_1/i_GBox/sReg_reg[7]/C
                         clock pessimism              0.363     2.195    
                         clock uncertainty            0.202     2.397    
    SLICE_X36Y11         FDRE (Hold_BFF_SLICEL_C_D)
                                                      0.046     2.443    design_1_i/HDMI_TX_0/U0/i_wrap/TMDS_1/i_GBox/sReg_reg[7]
  -------------------------------------------------------------------
                         required time                         -2.443    
                         arrival time                           2.580    
  -------------------------------------------------------------------
                         slack                                  0.137    

Slack (MET) :             0.139ns  (arrival time - required time)
  Source:                 design_1_i/HDMI_TX_0/U0/i_wrap/TMDS_0/i_Enc/qC1C0_reg[0]/C
                            (rising edge-triggered cell FDRE clocked by clk25_design_1_clk_wiz_0_0  {rise@0.000ns fall@20.000ns period=40.000ns})
  Destination:            design_1_i/HDMI_TX_0/U0/i_wrap/TMDS_0/i_GBox/sReg_reg[7]/D
                            (rising edge-triggered cell FDRE clocked by clk125_design_1_clk_wiz_0_0  {rise@0.000ns fall@4.000ns period=8.000ns})
  Path Group:             clk125_design_1_clk_wiz_0_0
  Path Type:              Hold (Min at Fast Process Corner)
  Requirement:            0.000ns  (clk125_design_1_clk_wiz_0_0 rise@0.000ns - clk25_design_1_clk_wiz_0_0 rise@0.000ns)
  Data Path Delay:        0.456ns  (logic 0.089ns (19.508%)  route 0.367ns (80.492%))
  Logic Levels:           1  (LUT6=1)
  Clock Path Skew:        0.069ns (DCD - SCD - CPR)
    Destination Clock Delay (DCD):    1.850ns
    Source Clock Delay      (SCD):    2.144ns
    Clock Pessimism Removal (CPR):    -0.363ns
  Clock Uncertainty:      0.202ns  ((TSJ^2 + DJ^2)^1/2) / 2 + PE
    Total System Jitter     (TSJ):    0.071ns
    Discrete Jitter          (DJ):    0.148ns
    Phase Error              (PE):    0.120ns
  Clock Net Delay (Source):      1.142ns (routing 0.640ns, distribution 0.502ns)
  Clock Net Delay (Destination): 1.184ns (routing 0.637ns, distribution 0.547ns)

    Location             Delay type                Incr(ns)  Path(ns)    Netlist Resource(s)
  -------------------------------------------------------------------    -------------------
                         (clock clk25_design_1_clk_wiz_0_0 rise edge)
                                                      0.000     0.000 r  
    D7                                                0.000     0.000 r  clk_100mhz_clk_p (IN)
                         net (fo=0)                   0.079     0.079    design_1_i/clk_wiz_0/inst/clkin1_ibufds/I
    HPIOBDIFFINBUF_X0Y60 DIFFINBUF (Prop_DIFFINBUF_HPIOBDIFFINBUF_DIFF_IN_P_O)
                                                      0.295     0.374 r  design_1_i/clk_wiz_0/inst/clkin1_ibufds/DIFFINBUF_INST/O
                         net (fo=1, routed)           0.040     0.414    design_1_i/clk_wiz_0/inst/clkin1_ibufds/OUT
    D7                   IBUFCTRL (Prop_IBUFCTRL_HPIOB_M_I_O)
                                                      0.000     0.414 r  design_1_i/clk_wiz_0/inst/clkin1_ibufds/IBUFCTRL_INST/O
                         net (fo=1, routed)           0.196     0.610    design_1_i/clk_wiz_0/inst/clk_in1_design_1_clk_wiz_0_0
    MMCM_X0Y2            MMCME4_ADV (Prop_MMCM_CLKIN1_CLKOUT0)
                                                      0.230     0.840 r  design_1_i/clk_wiz_0/inst/mmcme4_adv_inst/CLKOUT0
                         net (fo=1, routed)           0.145     0.985    design_1_i/clk_wiz_0/inst/clk25_design_1_clk_wiz_0_0
    BUFGCE_X0Y68         BUFGCE (Prop_BUFCE_BUFGCE_I_O)
                                                      0.017     1.002 r  design_1_i/clk_wiz_0/inst/clkout1_buf/O
    X0Y0 (CLOCK_ROOT)    net (fo=99, routed)          1.142     2.144    design_1_i/HDMI_TX_0/U0/i_wrap/pxClk
    SLICE_X35Y18         FDRE                                         r  design_1_i/HDMI_TX_0/U0/i_wrap/TMDS_0/i_Enc/qC1C0_reg[0]/C
  -------------------------------------------------------------------    -------------------
    SLICE_X35Y18         FDRE (Prop_AFF_SLICEL_C_Q)
                                                      0.039     2.183 r  design_1_i/HDMI_TX_0/U0/i_wrap/TMDS_0/i_Enc/qC1C0_reg[0]/Q
                         net (fo=9, routed)           0.351     2.534    design_1_i/HDMI_TX_0/U0/i_wrap/qC1C0[0]
    SLICE_X38Y16         LUT6 (Prop_G6LUT_SLICEL_I5_O)
                                                      0.050     2.584 r  design_1_i/HDMI_TX_0/U0/i_wrap/sReg[7]_i_1/O
                         net (fo=1, routed)           0.016     2.600    design_1_i/HDMI_TX_0/U0/i_wrap/sReg[7]_i_1_n_0
    SLICE_X38Y16         FDRE                                         r  design_1_i/HDMI_TX_0/U0/i_wrap/TMDS_0/i_GBox/sReg_reg[7]/D
  -------------------------------------------------------------------    -------------------

                         (clock clk125_design_1_clk_wiz_0_0 rise edge)
                                                      0.000     0.000 r  
    D7                                                0.000     0.000 r  clk_100mhz_clk_p (IN)
                         net (fo=0)                   0.100     0.100    design_1_i/clk_wiz_0/inst/clkin1_ibufds/I
    HPIOBDIFFINBUF_X0Y60 DIFFINBUF (Prop_DIFFINBUF_HPIOBDIFFINBUF_DIFF_IN_P_O)
                                                      0.400     0.500 r  design_1_i/clk_wiz_0/inst/clkin1_ibufds/DIFFINBUF_INST/O
                         net (fo=1, routed)           0.050     0.550    design_1_i/clk_wiz_0/inst/clkin1_ibufds/OUT
    D7                   IBUFCTRL (Prop_IBUFCTRL_HPIOB_M_I_O)
                                                      0.000     0.550 r  design_1_i/clk_wiz_0/inst/clkin1_ibufds/IBUFCTRL_INST/O
                         net (fo=1, routed)           0.222     0.772    design_1_i/clk_wiz_0/inst/clk_in1_design_1_clk_wiz_0_0
    MMCM_X0Y2            MMCME4_ADV (Prop_MMCM_CLKIN1_CLKOUT1)
                                                     -0.295     0.477 r  design_1_i/clk_wiz_0/inst/mmcme4_adv_inst/CLKOUT1
                         net (fo=1, routed)           0.170     0.647    design_1_i/clk_wiz_0/inst/clk125_design_1_clk_wiz_0_0
    BUFGCE_X0Y54         BUFGCE (Prop_BUFCE_BUFGCE_I_O)
                                                      0.019     0.666 r  design_1_i/clk_wiz_0/inst/clkout2_buf/O
    X1Y0 (CLOCK_ROOT)    net (fo=53, routed)          1.184     1.850    design_1_i/HDMI_TX_0/U0/i_wrap/pxClkX5
    SLICE_X38Y16         FDRE                                         r  design_1_i/HDMI_TX_0/U0/i_wrap/TMDS_0/i_GBox/sReg_reg[7]/C
                         clock pessimism              0.363     2.213    
                         clock uncertainty            0.202     2.415    
    SLICE_X38Y16         FDRE (Hold_GFF_SLICEL_C_D)
                                                      0.046     2.461    design_1_i/HDMI_TX_0/U0/i_wrap/TMDS_0/i_GBox/sReg_reg[7]
  -------------------------------------------------------------------
                         required time                         -2.461    
                         arrival time                           2.600    
  -------------------------------------------------------------------
                         slack                                  0.139    

Slack (MET) :             0.153ns  (arrival time - required time)
  Source:                 design_1_i/HDMI_TX_0/U0/i_wrap/TMDS_0/i_Enc/qD_reg[6]/C
                            (rising edge-triggered cell FDRE clocked by clk25_design_1_clk_wiz_0_0  {rise@0.000ns fall@20.000ns period=40.000ns})
  Destination:            design_1_i/HDMI_TX_0/U0/i_wrap/TMDS_0/i_GBox/sReg_reg[6]/D
                            (rising edge-triggered cell FDRE clocked by clk125_design_1_clk_wiz_0_0  {rise@0.000ns fall@4.000ns period=8.000ns})
  Path Group:             clk125_design_1_clk_wiz_0_0
  Path Type:              Hold (Min at Fast Process Corner)
  Requirement:            0.000ns  (clk125_design_1_clk_wiz_0_0 rise@0.000ns - clk25_design_1_clk_wiz_0_0 rise@0.000ns)
  Data Path Delay:        0.439ns  (logic 0.129ns (29.417%)  route 0.310ns (70.582%))
  Logic Levels:           2  (LUT3=1 LUT6=1)
  Clock Path Skew:        0.037ns (DCD - SCD - CPR)
    Destination Clock Delay (DCD):    1.853ns
    Source Clock Delay      (SCD):    2.179ns
    Clock Pessimism Removal (CPR):    -0.363ns
  Clock Uncertainty:      0.202ns  ((TSJ^2 + DJ^2)^1/2) / 2 + PE
    Total System Jitter     (TSJ):    0.071ns
    Discrete Jitter          (DJ):    0.148ns
    Phase Error              (PE):    0.120ns
  Clock Net Delay (Source):      1.177ns (routing 0.640ns, distribution 0.537ns)
  Clock Net Delay (Destination): 1.187ns (routing 0.637ns, distribution 0.550ns)

    Location             Delay type                Incr(ns)  Path(ns)    Netlist Resource(s)
  -------------------------------------------------------------------    -------------------
                         (clock clk25_design_1_clk_wiz_0_0 rise edge)
                                                      0.000     0.000 r  
    D7                                                0.000     0.000 r  clk_100mhz_clk_p (IN)
                         net (fo=0)                   0.079     0.079    design_1_i/clk_wiz_0/inst/clkin1_ibufds/I
    HPIOBDIFFINBUF_X0Y60 DIFFINBUF (Prop_DIFFINBUF_HPIOBDIFFINBUF_DIFF_IN_P_O)
                                                      0.295     0.374 r  design_1_i/clk_wiz_0/inst/clkin1_ibufds/DIFFINBUF_INST/O
                         net (fo=1, routed)           0.040     0.414    design_1_i/clk_wiz_0/inst/clkin1_ibufds/OUT
    D7                   IBUFCTRL (Prop_IBUFCTRL_HPIOB_M_I_O)
                                                      0.000     0.414 r  design_1_i/clk_wiz_0/inst/clkin1_ibufds/IBUFCTRL_INST/O
                         net (fo=1, routed)           0.196     0.610    design_1_i/clk_wiz_0/inst/clk_in1_design_1_clk_wiz_0_0
    MMCM_X0Y2            MMCME4_ADV (Prop_MMCM_CLKIN1_CLKOUT0)
                                                      0.230     0.840 r  design_1_i/clk_wiz_0/inst/mmcme4_adv_inst/CLKOUT0
                         net (fo=1, routed)           0.145     0.985    design_1_i/clk_wiz_0/inst/clk25_design_1_clk_wiz_0_0
    BUFGCE_X0Y68         BUFGCE (Prop_BUFCE_BUFGCE_I_O)
                                                      0.017     1.002 r  design_1_i/clk_wiz_0/inst/clkout1_buf/O
    X0Y0 (CLOCK_ROOT)    net (fo=99, routed)          1.177     2.179    design_1_i/HDMI_TX_0/U0/i_wrap/pxClk
    SLICE_X38Y12         FDRE                                         r  design_1_i/HDMI_TX_0/U0/i_wrap/TMDS_0/i_Enc/qD_reg[6]/C
  -------------------------------------------------------------------    -------------------
    SLICE_X38Y12         FDRE (Prop_EFF2_SLICEL_C_Q)
                                                      0.040     2.219 r  design_1_i/HDMI_TX_0/U0/i_wrap/TMDS_0/i_Enc/qD_reg[6]/Q
                         net (fo=8, routed)           0.143     2.362    design_1_i/HDMI_TX_0/U0/i_wrap/TMDS_0/i_Enc/p_10_in
    SLICE_X39Y16         LUT3 (Prop_H5LUT_SLICEM_I0_O)
                                                      0.048     2.410 r  design_1_i/HDMI_TX_0/U0/i_wrap/sReg[6]_i_2__0/O
                         net (fo=1, routed)           0.149     2.559    design_1_i/HDMI_TX_0/U0/i_wrap/sReg[6]_i_2__0_n_0
    SLICE_X39Y16         LUT6 (Prop_A6LUT_SLICEM_I0_O)
                                                      0.041     2.600 r  design_1_i/HDMI_TX_0/U0/i_wrap/sReg[6]_i_1/O
                         net (fo=1, routed)           0.018     2.618    design_1_i/HDMI_TX_0/U0/i_wrap/sReg[6]_i_1_n_0
    SLICE_X39Y16         FDRE                                         r  design_1_i/HDMI_TX_0/U0/i_wrap/TMDS_0/i_GBox/sReg_reg[6]/D
  -------------------------------------------------------------------    -------------------

                         (clock clk125_design_1_clk_wiz_0_0 rise edge)
                                                      0.000     0.000 r  
    D7                                                0.000     0.000 r  clk_100mhz_clk_p (IN)
                         net (fo=0)                   0.100     0.100    design_1_i/clk_wiz_0/inst/clkin1_ibufds/I
    HPIOBDIFFINBUF_X0Y60 DIFFINBUF (Prop_DIFFINBUF_HPIOBDIFFINBUF_DIFF_IN_P_O)
                                                      0.400     0.500 r  design_1_i/clk_wiz_0/inst/clkin1_ibufds/DIFFINBUF_INST/O
                         net (fo=1, routed)           0.050     0.550    design_1_i/clk_wiz_0/inst/clkin1_ibufds/OUT
    D7                   IBUFCTRL (Prop_IBUFCTRL_HPIOB_M_I_O)
                                                      0.000     0.550 r  design_1_i/clk_wiz_0/inst/clkin1_ibufds/IBUFCTRL_INST/O
                         net (fo=1, routed)           0.222     0.772    design_1_i/clk_wiz_0/inst/clk_in1_design_1_clk_wiz_0_0
    MMCM_X0Y2            MMCME4_ADV (Prop_MMCM_CLKIN1_CLKOUT1)
                                                     -0.295     0.477 r  design_1_i/clk_wiz_0/inst/mmcme4_adv_inst/CLKOUT1
                         net (fo=1, routed)           0.170     0.647    design_1_i/clk_wiz_0/inst/clk125_design_1_clk_wiz_0_0
    BUFGCE_X0Y54         BUFGCE (Prop_BUFCE_BUFGCE_I_O)
                                                      0.019     0.666 r  design_1_i/clk_wiz_0/inst/clkout2_buf/O
    X1Y0 (CLOCK_ROOT)    net (fo=53, routed)          1.187     1.853    design_1_i/HDMI_TX_0/U0/i_wrap/pxClkX5
    SLICE_X39Y16         FDRE                                         r  design_1_i/HDMI_TX_0/U0/i_wrap/TMDS_0/i_GBox/sReg_reg[6]/C
                         clock pessimism              0.363     2.216    
                         clock uncertainty            0.202     2.418    
    SLICE_X39Y16         FDRE (Hold_AFF_SLICEM_C_D)
                                                      0.046     2.464    design_1_i/HDMI_TX_0/U0/i_wrap/TMDS_0/i_GBox/sReg_reg[6]
  -------------------------------------------------------------------
                         required time                         -2.464    
                         arrival time                           2.618    
  -------------------------------------------------------------------
                         slack                                  0.153    

Slack (MET) :             0.156ns  (arrival time - required time)
  Source:                 design_1_i/HDMI_TX_0/U0/i_wrap/TMDS_0/i_Enc/Cnt_reg[3]/C
                            (rising edge-triggered cell FDRE clocked by clk25_design_1_clk_wiz_0_0  {rise@0.000ns fall@20.000ns period=40.000ns})
  Destination:            design_1_i/HDMI_TX_0/U0/i_wrap/TMDS_0/i_GBox/sReg_reg[1]/D
                            (rising edge-triggered cell FDRE clocked by clk125_design_1_clk_wiz_0_0  {rise@0.000ns fall@4.000ns period=8.000ns})
  Path Group:             clk125_design_1_clk_wiz_0_0
  Path Type:              Hold (Min at Fast Process Corner)
  Requirement:            0.000ns  (clk125_design_1_clk_wiz_0_0 rise@0.000ns - clk25_design_1_clk_wiz_0_0 rise@0.000ns)
  Data Path Delay:        0.432ns  (logic 0.103ns (23.837%)  route 0.329ns (76.163%))
  Logic Levels:           2  (LUT6=2)
  Clock Path Skew:        0.028ns (DCD - SCD - CPR)
    Destination Clock Delay (DCD):    1.850ns
    Source Clock Delay      (SCD):    2.185ns
    Clock Pessimism Removal (CPR):    -0.363ns
  Clock Uncertainty:      0.202ns  ((TSJ^2 + DJ^2)^1/2) / 2 + PE
    Total System Jitter     (TSJ):    0.071ns
    Discrete Jitter          (DJ):    0.148ns
    Phase Error              (PE):    0.120ns
  Clock Net Delay (Source):      1.183ns (routing 0.640ns, distribution 0.543ns)
  Clock Net Delay (Destination): 1.184ns (routing 0.637ns, distribution 0.547ns)

    Location             Delay type                Incr(ns)  Path(ns)    Netlist Resource(s)
  -------------------------------------------------------------------    -------------------
                         (clock clk25_design_1_clk_wiz_0_0 rise edge)
                                                      0.000     0.000 r  
    D7                                                0.000     0.000 r  clk_100mhz_clk_p (IN)
                         net (fo=0)                   0.079     0.079    design_1_i/clk_wiz_0/inst/clkin1_ibufds/I
    HPIOBDIFFINBUF_X0Y60 DIFFINBUF (Prop_DIFFINBUF_HPIOBDIFFINBUF_DIFF_IN_P_O)
                                                      0.295     0.374 r  design_1_i/clk_wiz_0/inst/clkin1_ibufds/DIFFINBUF_INST/O
                         net (fo=1, routed)           0.040     0.414    design_1_i/clk_wiz_0/inst/clkin1_ibufds/OUT
    D7                   IBUFCTRL (Prop_IBUFCTRL_HPIOB_M_I_O)
                                                      0.000     0.414 r  design_1_i/clk_wiz_0/inst/clkin1_ibufds/IBUFCTRL_INST/O
                         net (fo=1, routed)           0.196     0.610    design_1_i/clk_wiz_0/inst/clk_in1_design_1_clk_wiz_0_0
    MMCM_X0Y2            MMCME4_ADV (Prop_MMCM_CLKIN1_CLKOUT0)
                                                      0.230     0.840 r  design_1_i/clk_wiz_0/inst/mmcme4_adv_inst/CLKOUT0
                         net (fo=1, routed)           0.145     0.985    design_1_i/clk_wiz_0/inst/clk25_design_1_clk_wiz_0_0
    BUFGCE_X0Y68         BUFGCE (Prop_BUFCE_BUFGCE_I_O)
                                                      0.017     1.002 r  design_1_i/clk_wiz_0/inst/clkout1_buf/O
    X0Y0 (CLOCK_ROOT)    net (fo=99, routed)          1.183     2.185    design_1_i/HDMI_TX_0/U0/i_wrap/pxClk
    SLICE_X40Y16         FDRE                                         r  design_1_i/HDMI_TX_0/U0/i_wrap/TMDS_0/i_Enc/Cnt_reg[3]/C
  -------------------------------------------------------------------    -------------------
    SLICE_X40Y16         FDRE (Prop_HFF_SLICEM_C_Q)
                                                      0.039     2.224 r  design_1_i/HDMI_TX_0/U0/i_wrap/TMDS_0/i_Enc/Cnt_reg[3]/Q
                         net (fo=10, routed)          0.063     2.287    design_1_i/HDMI_TX_0/U0/i_wrap/TMDS_0/i_Enc/Cnt_reg_n_0_[3]
    SLICE_X40Y15         LUT6 (Prop_G6LUT_SLICEM_I2_O)
                                                      0.050     2.337 r  design_1_i/HDMI_TX_0/U0/i_wrap/Cnt[4]_i_6/O
                         net (fo=7, routed)           0.250     2.587    design_1_i/HDMI_TX_0/U0/i_wrap/Cnt[4]_i_6_n_0
    SLICE_X38Y17         LUT6 (Prop_D6LUT_SLICEL_I3_O)
                                                      0.014     2.601 r  design_1_i/HDMI_TX_0/U0/i_wrap/sReg[1]_i_1/O
                         net (fo=1, routed)           0.016     2.617    design_1_i/HDMI_TX_0/U0/i_wrap/sReg[1]_i_1_n_0
    SLICE_X38Y17         FDRE                                         r  design_1_i/HDMI_TX_0/U0/i_wrap/TMDS_0/i_GBox/sReg_reg[1]/D
  -------------------------------------------------------------------    -------------------

                         (clock clk125_design_1_clk_wiz_0_0 rise edge)
                                                      0.000     0.000 r  
    D7                                                0.000     0.000 r  clk_100mhz_clk_p (IN)
                         net (fo=0)                   0.100     0.100    design_1_i/clk_wiz_0/inst/clkin1_ibufds/I
    HPIOBDIFFINBUF_X0Y60 DIFFINBUF (Prop_DIFFINBUF_HPIOBDIFFINBUF_DIFF_IN_P_O)
                                                      0.400     0.500 r  design_1_i/clk_wiz_0/inst/clkin1_ibufds/DIFFINBUF_INST/O
                         net (fo=1, routed)           0.050     0.550    design_1_i/clk_wiz_0/inst/clkin1_ibufds/OUT
    D7                   IBUFCTRL (Prop_IBUFCTRL_HPIOB_M_I_O)
                                                      0.000     0.550 r  design_1_i/clk_wiz_0/inst/clkin1_ibufds/IBUFCTRL_INST/O
                         net (fo=1, routed)           0.222     0.772    design_1_i/clk_wiz_0/inst/clk_in1_design_1_clk_wiz_0_0
    MMCM_X0Y2            MMCME4_ADV (Prop_MMCM_CLKIN1_CLKOUT1)
                                                     -0.295     0.477 r  design_1_i/clk_wiz_0/inst/mmcme4_adv_inst/CLKOUT1
                         net (fo=1, routed)           0.170     0.647    design_1_i/clk_wiz_0/inst/clk125_design_1_clk_wiz_0_0
    BUFGCE_X0Y54         BUFGCE (Prop_BUFCE_BUFGCE_I_O)
                                                      0.019     0.666 r  design_1_i/clk_wiz_0/inst/clkout2_buf/O
    X1Y0 (CLOCK_ROOT)    net (fo=53, routed)          1.184     1.850    design_1_i/HDMI_TX_0/U0/i_wrap/pxClkX5
    SLICE_X38Y17         FDRE                                         r  design_1_i/HDMI_TX_0/U0/i_wrap/TMDS_0/i_GBox/sReg_reg[1]/C
                         clock pessimism              0.363     2.214    
                         clock uncertainty            0.202     2.416    
    SLICE_X38Y17         FDRE (Hold_DFF_SLICEL_C_D)
                                                      0.046     2.462    design_1_i/HDMI_TX_0/U0/i_wrap/TMDS_0/i_GBox/sReg_reg[1]
  -------------------------------------------------------------------
                         required time                         -2.462    
                         arrival time                           2.617    
  -------------------------------------------------------------------
                         slack                                  0.156    

Slack (MET) :             0.162ns  (arrival time - required time)
  Source:                 design_1_i/HDMI_TX_0/U0/i_wrap/TMDS_0/i_Enc/Cnt_reg[3]/C
                            (rising edge-triggered cell FDRE clocked by clk25_design_1_clk_wiz_0_0  {rise@0.000ns fall@20.000ns period=40.000ns})
  Destination:            design_1_i/HDMI_TX_0/U0/i_wrap/TMDS_0/i_GBox/sReg_reg[3]/D
                            (rising edge-triggered cell FDRE clocked by clk125_design_1_clk_wiz_0_0  {rise@0.000ns fall@4.000ns period=8.000ns})
  Path Group:             clk125_design_1_clk_wiz_0_0
  Path Type:              Hold (Min at Fast Process Corner)
  Requirement:            0.000ns  (clk125_design_1_clk_wiz_0_0 rise@0.000ns - clk25_design_1_clk_wiz_0_0 rise@0.000ns)
  Data Path Delay:        0.443ns  (logic 0.111ns (25.073%)  route 0.332ns (74.927%))
  Logic Levels:           2  (LUT6=2)
  Clock Path Skew:        0.032ns (DCD - SCD - CPR)
    Destination Clock Delay (DCD):    1.854ns
    Source Clock Delay      (SCD):    2.185ns
    Clock Pessimism Removal (CPR):    -0.363ns
  Clock Uncertainty:      0.202ns  ((TSJ^2 + DJ^2)^1/2) / 2 + PE
    Total System Jitter     (TSJ):    0.071ns
    Discrete Jitter          (DJ):    0.148ns
    Phase Error              (PE):    0.120ns
  Clock Net Delay (Source):      1.183ns (routing 0.640ns, distribution 0.543ns)
  Clock Net Delay (Destination): 1.188ns (routing 0.637ns, distribution 0.551ns)

    Location             Delay type                Incr(ns)  Path(ns)    Netlist Resource(s)
  -------------------------------------------------------------------    -------------------
                         (clock clk25_design_1_clk_wiz_0_0 rise edge)
                                                      0.000     0.000 r  
    D7                                                0.000     0.000 r  clk_100mhz_clk_p (IN)
                         net (fo=0)                   0.079     0.079    design_1_i/clk_wiz_0/inst/clkin1_ibufds/I
    HPIOBDIFFINBUF_X0Y60 DIFFINBUF (Prop_DIFFINBUF_HPIOBDIFFINBUF_DIFF_IN_P_O)
                                                      0.295     0.374 r  design_1_i/clk_wiz_0/inst/clkin1_ibufds/DIFFINBUF_INST/O
                         net (fo=1, routed)           0.040     0.414    design_1_i/clk_wiz_0/inst/clkin1_ibufds/OUT
    D7                   IBUFCTRL (Prop_IBUFCTRL_HPIOB_M_I_O)
                                                      0.000     0.414 r  design_1_i/clk_wiz_0/inst/clkin1_ibufds/IBUFCTRL_INST/O
                         net (fo=1, routed)           0.196     0.610    design_1_i/clk_wiz_0/inst/clk_in1_design_1_clk_wiz_0_0
    MMCM_X0Y2            MMCME4_ADV (Prop_MMCM_CLKIN1_CLKOUT0)
                                                      0.230     0.840 r  design_1_i/clk_wiz_0/inst/mmcme4_adv_inst/CLKOUT0
                         net (fo=1, routed)           0.145     0.985    design_1_i/clk_wiz_0/inst/clk25_design_1_clk_wiz_0_0
    BUFGCE_X0Y68         BUFGCE (Prop_BUFCE_BUFGCE_I_O)
                                                      0.017     1.002 r  design_1_i/clk_wiz_0/inst/clkout1_buf/O
    X0Y0 (CLOCK_ROOT)    net (fo=99, routed)          1.183     2.185    design_1_i/HDMI_TX_0/U0/i_wrap/pxClk
    SLICE_X40Y16         FDRE                                         r  design_1_i/HDMI_TX_0/U0/i_wrap/TMDS_0/i_Enc/Cnt_reg[3]/C
  -------------------------------------------------------------------    -------------------
    SLICE_X40Y16         FDRE (Prop_HFF_SLICEM_C_Q)
                                                      0.039     2.224 r  design_1_i/HDMI_TX_0/U0/i_wrap/TMDS_0/i_Enc/Cnt_reg[3]/Q
                         net (fo=10, routed)          0.063     2.287    design_1_i/HDMI_TX_0/U0/i_wrap/TMDS_0/i_Enc/Cnt_reg_n_0_[3]
    SLICE_X40Y15         LUT6 (Prop_G6LUT_SLICEM_I2_O)
                                                      0.050     2.337 r  design_1_i/HDMI_TX_0/U0/i_wrap/Cnt[4]_i_6/O
                         net (fo=7, routed)           0.253     2.590    design_1_i/HDMI_TX_0/U0/i_wrap/Cnt[4]_i_6_n_0
    SLICE_X38Y17         LUT6 (Prop_G6LUT_SLICEL_I4_O)
                                                      0.022     2.612 r  design_1_i/HDMI_TX_0/U0/i_wrap/sReg[3]_i_1/O
                         net (fo=1, routed)           0.016     2.628    design_1_i/HDMI_TX_0/U0/i_wrap/sReg[3]_i_1_n_0
    SLICE_X38Y17         FDRE                                         r  design_1_i/HDMI_TX_0/U0/i_wrap/TMDS_0/i_GBox/sReg_reg[3]/D
  -------------------------------------------------------------------    -------------------

                         (clock clk125_design_1_clk_wiz_0_0 rise edge)
                                                      0.000     0.000 r  
    D7                                                0.000     0.000 r  clk_100mhz_clk_p (IN)
                         net (fo=0)                   0.100     0.100    design_1_i/clk_wiz_0/inst/clkin1_ibufds/I
    HPIOBDIFFINBUF_X0Y60 DIFFINBUF (Prop_DIFFINBUF_HPIOBDIFFINBUF_DIFF_IN_P_O)
                                                      0.400     0.500 r  design_1_i/clk_wiz_0/inst/clkin1_ibufds/DIFFINBUF_INST/O
                         net (fo=1, routed)           0.050     0.550    design_1_i/clk_wiz_0/inst/clkin1_ibufds/OUT
    D7                   IBUFCTRL (Prop_IBUFCTRL_HPIOB_M_I_O)
                                                      0.000     0.550 r  design_1_i/clk_wiz_0/inst/clkin1_ibufds/IBUFCTRL_INST/O
                         net (fo=1, routed)           0.222     0.772    design_1_i/clk_wiz_0/inst/clk_in1_design_1_clk_wiz_0_0
    MMCM_X0Y2            MMCME4_ADV (Prop_MMCM_CLKIN1_CLKOUT1)
                                                     -0.295     0.477 r  design_1_i/clk_wiz_0/inst/mmcme4_adv_inst/CLKOUT1
                         net (fo=1, routed)           0.170     0.647    design_1_i/clk_wiz_0/inst/clk125_design_1_clk_wiz_0_0
    BUFGCE_X0Y54         BUFGCE (Prop_BUFCE_BUFGCE_I_O)
                                                      0.019     0.666 r  design_1_i/clk_wiz_0/inst/clkout2_buf/O
    X1Y0 (CLOCK_ROOT)    net (fo=53, routed)          1.188     1.854    design_1_i/HDMI_TX_0/U0/i_wrap/pxClkX5
    SLICE_X38Y17         FDRE                                         r  design_1_i/HDMI_TX_0/U0/i_wrap/TMDS_0/i_GBox/sReg_reg[3]/C
                         clock pessimism              0.363     2.218    
                         clock uncertainty            0.202     2.420    
    SLICE_X38Y17         FDRE (Hold_GFF_SLICEL_C_D)
                                                      0.046     2.466    design_1_i/HDMI_TX_0/U0/i_wrap/TMDS_0/i_GBox/sReg_reg[3]
  -------------------------------------------------------------------
                         required time                         -2.466    
                         arrival time                           2.628    
  -------------------------------------------------------------------
                         slack                                  0.162    

Slack (MET) :             0.165ns  (arrival time - required time)
  Source:                 design_1_i/HDMI_TX_0/U0/i_wrap/TMDS_0/i_Enc/qDE_reg/C
                            (rising edge-triggered cell FDRE clocked by clk25_design_1_clk_wiz_0_0  {rise@0.000ns fall@20.000ns period=40.000ns})
  Destination:            design_1_i/HDMI_TX_0/U0/i_wrap/TMDS_1/i_GBox/sReg_reg[3]/D
                            (rising edge-triggered cell FDRE clocked by clk125_design_1_clk_wiz_0_0  {rise@0.000ns fall@4.000ns period=8.000ns})
  Path Group:             clk125_design_1_clk_wiz_0_0
  Path Type:              Hold (Min at Fast Process Corner)
  Requirement:            0.000ns  (clk125_design_1_clk_wiz_0_0 rise@0.000ns - clk25_design_1_clk_wiz_0_0 rise@0.000ns)
  Data Path Delay:        0.469ns  (logic 0.074ns (15.779%)  route 0.395ns (84.221%))
  Logic Levels:           1  (LUT6=1)
  Clock Path Skew:        0.056ns (DCD - SCD - CPR)
    Destination Clock Delay (DCD):    1.831ns
    Source Clock Delay      (SCD):    2.139ns
    Clock Pessimism Removal (CPR):    -0.363ns
  Clock Uncertainty:      0.202ns  ((TSJ^2 + DJ^2)^1/2) / 2 + PE
    Total System Jitter     (TSJ):    0.071ns
    Discrete Jitter          (DJ):    0.148ns
    Phase Error              (PE):    0.120ns
  Clock Net Delay (Source):      1.137ns (routing 0.640ns, distribution 0.497ns)
  Clock Net Delay (Destination): 1.165ns (routing 0.637ns, distribution 0.528ns)

    Location             Delay type                Incr(ns)  Path(ns)    Netlist Resource(s)
  -------------------------------------------------------------------    -------------------
                         (clock clk25_design_1_clk_wiz_0_0 rise edge)
                                                      0.000     0.000 r  
    D7                                                0.000     0.000 r  clk_100mhz_clk_p (IN)
                         net (fo=0)                   0.079     0.079    design_1_i/clk_wiz_0/inst/clkin1_ibufds/I
    HPIOBDIFFINBUF_X0Y60 DIFFINBUF (Prop_DIFFINBUF_HPIOBDIFFINBUF_DIFF_IN_P_O)
                                                      0.295     0.374 r  design_1_i/clk_wiz_0/inst/clkin1_ibufds/DIFFINBUF_INST/O
                         net (fo=1, routed)           0.040     0.414    design_1_i/clk_wiz_0/inst/clkin1_ibufds/OUT
    D7                   IBUFCTRL (Prop_IBUFCTRL_HPIOB_M_I_O)
                                                      0.000     0.414 r  design_1_i/clk_wiz_0/inst/clkin1_ibufds/IBUFCTRL_INST/O
                         net (fo=1, routed)           0.196     0.610    design_1_i/clk_wiz_0/inst/clk_in1_design_1_clk_wiz_0_0
    MMCM_X0Y2            MMCME4_ADV (Prop_MMCM_CLKIN1_CLKOUT0)
                                                      0.230     0.840 r  design_1_i/clk_wiz_0/inst/mmcme4_adv_inst/CLKOUT0
                         net (fo=1, routed)           0.145     0.985    design_1_i/clk_wiz_0/inst/clk25_design_1_clk_wiz_0_0
    BUFGCE_X0Y68         BUFGCE (Prop_BUFCE_BUFGCE_I_O)
                                                      0.017     1.002 r  design_1_i/clk_wiz_0/inst/clkout1_buf/O
    X0Y0 (CLOCK_ROOT)    net (fo=99, routed)          1.137     2.139    design_1_i/HDMI_TX_0/U0/i_wrap/pxClk
    SLICE_X33Y21         FDRE                                         r  design_1_i/HDMI_TX_0/U0/i_wrap/TMDS_0/i_Enc/qDE_reg/C
  -------------------------------------------------------------------    -------------------
    SLICE_X33Y21         FDRE (Prop_DFF_SLICEL_C_Q)
                                                      0.039     2.178 r  design_1_i/HDMI_TX_0/U0/i_wrap/TMDS_0/i_Enc/qDE_reg/Q
                         net (fo=33, routed)          0.378     2.556    design_1_i/HDMI_TX_0/U0/i_wrap/qDE
    SLICE_X36Y11         LUT6 (Prop_C6LUT_SLICEL_I5_O)
                                                      0.035     2.591 r  design_1_i/HDMI_TX_0/U0/i_wrap/sReg[3]_i_1__0/O
                         net (fo=1, routed)           0.017     2.608    design_1_i/HDMI_TX_0/U0/i_wrap/sReg[3]_i_1__0_n_0
    SLICE_X36Y11         FDRE                                         r  design_1_i/HDMI_TX_0/U0/i_wrap/TMDS_1/i_GBox/sReg_reg[3]/D
  -------------------------------------------------------------------    -------------------

                         (clock clk125_design_1_clk_wiz_0_0 rise edge)
                                                      0.000     0.000 r  
    D7                                                0.000     0.000 r  clk_100mhz_clk_p (IN)
                         net (fo=0)                   0.100     0.100    design_1_i/clk_wiz_0/inst/clkin1_ibufds/I
    HPIOBDIFFINBUF_X0Y60 DIFFINBUF (Prop_DIFFINBUF_HPIOBDIFFINBUF_DIFF_IN_P_O)
                                                      0.400     0.500 r  design_1_i/clk_wiz_0/inst/clkin1_ibufds/DIFFINBUF_INST/O
                         net (fo=1, routed)           0.050     0.550    design_1_i/clk_wiz_0/inst/clkin1_ibufds/OUT
    D7                   IBUFCTRL (Prop_IBUFCTRL_HPIOB_M_I_O)
                                                      0.000     0.550 r  design_1_i/clk_wiz_0/inst/clkin1_ibufds/IBUFCTRL_INST/O
                         net (fo=1, routed)           0.222     0.772    design_1_i/clk_wiz_0/inst/clk_in1_design_1_clk_wiz_0_0
    MMCM_X0Y2            MMCME4_ADV (Prop_MMCM_CLKIN1_CLKOUT1)
                                                     -0.295     0.477 r  design_1_i/clk_wiz_0/inst/mmcme4_adv_inst/CLKOUT1
                         net (fo=1, routed)           0.170     0.647    design_1_i/clk_wiz_0/inst/clk125_design_1_clk_wiz_0_0
    BUFGCE_X0Y54         BUFGCE (Prop_BUFCE_BUFGCE_I_O)
                                                      0.019     0.666 r  design_1_i/clk_wiz_0/inst/clkout2_buf/O
    X1Y0 (CLOCK_ROOT)    net (fo=53, routed)          1.165     1.831    design_1_i/HDMI_TX_0/U0/i_wrap/pxClkX5
    SLICE_X36Y11         FDRE                                         r  design_1_i/HDMI_TX_0/U0/i_wrap/TMDS_1/i_GBox/sReg_reg[3]/C
                         clock pessimism              0.363     2.195    
                         clock uncertainty            0.202     2.397    
    SLICE_X36Y11         FDRE (Hold_CFF_SLICEL_C_D)
                                                      0.046     2.443    design_1_i/HDMI_TX_0/U0/i_wrap/TMDS_1/i_GBox/sReg_reg[3]
  -------------------------------------------------------------------
                         required time                         -2.443    
                         arrival time                           2.608    
  -------------------------------------------------------------------
                         slack                                  0.165    





--------------------------------------------------------------------------------------
Path Group:  (none)
From Clock:  
  To Clock:  

Max Delay           473 Endpoints
Min Delay           473 Endpoints
--------------------------------------------------------------------------------------


Max Delay Paths
--------------------------------------------------------------------------------------
Slack:                    inf
  Source:                 design_1_i/EnemyController_0/inst/enemies_reg[19][is_active]/C
                            (rising edge-triggered cell FDCE)
  Destination:            design_1_i/EnemyController_0/inst/enemies_reg[23][R][7]/CE
  Path Group:             (none)
  Path Type:              Max at Slow Process Corner
  Data Path Delay:        4.362ns  (logic 0.366ns (8.391%)  route 3.996ns (91.609%))
  Logic Levels:           4  (FDCE=1 LUT6=3)

    Location             Delay type                Incr(ns)  Path(ns)    Netlist Resource(s)
  -------------------------------------------------------------------    -------------------
    SLICE_X18Y12         FDCE                         0.000     0.000 r  design_1_i/EnemyController_0/inst/enemies_reg[19][is_active]/C
    SLICE_X18Y12         FDCE (Prop_HFF2_SLICEL_C_Q)
                                                      0.080     0.080 f  design_1_i/EnemyController_0/inst/enemies_reg[19][is_active]/Q
                         net (fo=158, routed)         1.543     1.623    design_1_i/EnemyController_0/inst/enemies_reg[19][is_active]_0
    SLICE_X22Y23         LUT6 (Prop_H6LUT_SLICEL_I0_O)
                                                      0.150     1.773 f  design_1_i/EnemyController_0/inst/enemies[23][is_active]_i_10/O
                         net (fo=2, routed)           0.250     2.023    design_1_i/EnemyController_0/inst/enemies[23][is_active]_i_10_n_0
    SLICE_X22Y24         LUT6 (Prop_G6LUT_SLICEL_I5_O)
                                                      0.097     2.120 f  design_1_i/EnemyController_0/inst/enemies[23][is_active]_i_3/O
                         net (fo=256, routed)         1.396     3.516    design_1_i/EnemyController_0/inst/enemies[23][is_active]_i_3_n_0
    SLICE_X34Y51         LUT6 (Prop_H6LUT_SLICEM_I2_O)
                                                      0.039     3.555 r  design_1_i/EnemyController_0/inst/enemies[23][R][9]_i_1/O
                         net (fo=9, routed)           0.807     4.362    design_1_i/EnemyController_0/inst/enemies[23][R]
    SLICE_X36Y53         FDCE                                         r  design_1_i/EnemyController_0/inst/enemies_reg[23][R][7]/CE
  -------------------------------------------------------------------    -------------------

Slack:                    inf
  Source:                 design_1_i/EnemyController_0/inst/enemies_reg[19][is_active]/C
                            (rising edge-triggered cell FDCE)
  Destination:            design_1_i/EnemyController_0/inst/enemies_reg[14][R][5]/D
  Path Group:             (none)
  Path Type:              Max at Slow Process Corner
  Data Path Delay:        4.191ns  (logic 0.473ns (11.286%)  route 3.718ns (88.714%))
  Logic Levels:           4  (FDCE=1 LUT6=3)

    Location             Delay type                Incr(ns)  Path(ns)    Netlist Resource(s)
  -------------------------------------------------------------------    -------------------
    SLICE_X18Y12         FDCE                         0.000     0.000 r  design_1_i/EnemyController_0/inst/enemies_reg[19][is_active]/C
    SLICE_X18Y12         FDCE (Prop_HFF2_SLICEL_C_Q)
                                                      0.080     0.080 f  design_1_i/EnemyController_0/inst/enemies_reg[19][is_active]/Q
                         net (fo=158, routed)         1.543     1.623    design_1_i/EnemyController_0/inst/enemies_reg[19][is_active]_0
    SLICE_X22Y23         LUT6 (Prop_H6LUT_SLICEL_I0_O)
                                                      0.150     1.773 f  design_1_i/EnemyController_0/inst/enemies[23][is_active]_i_10/O
                         net (fo=2, routed)           0.250     2.023    design_1_i/EnemyController_0/inst/enemies[23][is_active]_i_10_n_0
    SLICE_X22Y24         LUT6 (Prop_G6LUT_SLICEL_I5_O)
                                                      0.097     2.120 f  design_1_i/EnemyController_0/inst/enemies[23][is_active]_i_3/O
                         net (fo=256, routed)         1.876     3.996    design_1_i/EnemyController_0/inst/enemies[23][is_active]_i_3_n_0
    SLICE_X12Y19         LUT6 (Prop_D6LUT_SLICEL_I5_O)
                                                      0.146     4.142 r  design_1_i/EnemyController_0/inst/enemies[14][R][5]_i_1/O
                         net (fo=1, routed)           0.049     4.191    design_1_i/EnemyController_0/inst/enemies[14][R][5]_i_1_n_0
    SLICE_X12Y19         FDCE                                         r  design_1_i/EnemyController_0/inst/enemies_reg[14][R][5]/D
  -------------------------------------------------------------------    -------------------

Slack:                    inf
  Source:                 design_1_i/EnemyController_0/inst/enemies_reg[19][is_active]/C
                            (rising edge-triggered cell FDCE)
  Destination:            design_1_i/EnemyController_0/inst/enemies_reg[14][R][1]/D
  Path Group:             (none)
  Path Type:              Max at Slow Process Corner
  Data Path Delay:        4.114ns  (logic 0.473ns (11.496%)  route 3.641ns (88.504%))
  Logic Levels:           4  (FDCE=1 LUT6=3)

    Location             Delay type                Incr(ns)  Path(ns)    Netlist Resource(s)
  -------------------------------------------------------------------    -------------------
    SLICE_X18Y12         FDCE                         0.000     0.000 r  design_1_i/EnemyController_0/inst/enemies_reg[19][is_active]/C
    SLICE_X18Y12         FDCE (Prop_HFF2_SLICEL_C_Q)
                                                      0.080     0.080 r  design_1_i/EnemyController_0/inst/enemies_reg[19][is_active]/Q
                         net (fo=158, routed)         1.543     1.623    design_1_i/EnemyController_0/inst/enemies_reg[19][is_active]_0
    SLICE_X22Y23         LUT6 (Prop_H6LUT_SLICEL_I0_O)
                                                      0.150     1.773 r  design_1_i/EnemyController_0/inst/enemies[23][is_active]_i_10/O
                         net (fo=2, routed)           0.250     2.023    design_1_i/EnemyController_0/inst/enemies[23][is_active]_i_10_n_0
    SLICE_X22Y24         LUT6 (Prop_G6LUT_SLICEL_I5_O)
                                                      0.097     2.120 r  design_1_i/EnemyController_0/inst/enemies[23][is_active]_i_3/O
                         net (fo=256, routed)         1.799     3.919    design_1_i/EnemyController_0/inst/enemies[23][is_active]_i_3_n_0
    SLICE_X12Y22         LUT6 (Prop_D6LUT_SLICEL_I1_O)
                                                      0.146     4.065 r  design_1_i/EnemyController_0/inst/enemies[14][R][1]_i_1/O
                         net (fo=1, routed)           0.049     4.114    design_1_i/EnemyController_0/inst/enemies[14][R][1]_i_1_n_0
    SLICE_X12Y22         FDCE                                         r  design_1_i/EnemyController_0/inst/enemies_reg[14][R][1]/D
  -------------------------------------------------------------------    -------------------

Slack:                    inf
  Source:                 design_1_i/EnemyController_0/inst/enemies_reg[19][is_active]/C
                            (rising edge-triggered cell FDCE)
  Destination:            design_1_i/EnemyController_0/inst/enemies_reg[14][R][6]/D
  Path Group:             (none)
  Path Type:              Max at Slow Process Corner
  Data Path Delay:        4.109ns  (logic 0.451ns (10.976%)  route 3.658ns (89.024%))
  Logic Levels:           4  (FDCE=1 LUT6=3)

    Location             Delay type                Incr(ns)  Path(ns)    Netlist Resource(s)
  -------------------------------------------------------------------    -------------------
    SLICE_X18Y12         FDCE                         0.000     0.000 r  design_1_i/EnemyController_0/inst/enemies_reg[19][is_active]/C
    SLICE_X18Y12         FDCE (Prop_HFF2_SLICEL_C_Q)
                                                      0.080     0.080 f  design_1_i/EnemyController_0/inst/enemies_reg[19][is_active]/Q
                         net (fo=158, routed)         1.543     1.623    design_1_i/EnemyController_0/inst/enemies_reg[19][is_active]_0
    SLICE_X22Y23         LUT6 (Prop_H6LUT_SLICEL_I0_O)
                                                      0.150     1.773 f  design_1_i/EnemyController_0/inst/enemies[23][is_active]_i_10/O
                         net (fo=2, routed)           0.250     2.023    design_1_i/EnemyController_0/inst/enemies[23][is_active]_i_10_n_0
    SLICE_X22Y24         LUT6 (Prop_G6LUT_SLICEL_I5_O)
                                                      0.097     2.120 f  design_1_i/EnemyController_0/inst/enemies[23][is_active]_i_3/O
                         net (fo=256, routed)         1.814     3.934    design_1_i/EnemyController_0/inst/enemies[23][is_active]_i_3_n_0
    SLICE_X12Y19         LUT6 (Prop_H6LUT_SLICEL_I5_O)
                                                      0.124     4.058 r  design_1_i/EnemyController_0/inst/enemies[14][R][6]_i_1/O
                         net (fo=1, routed)           0.051     4.109    design_1_i/EnemyController_0/inst/enemies[14][R][6]_i_1_n_0
    SLICE_X12Y19         FDCE                                         r  design_1_i/EnemyController_0/inst/enemies_reg[14][R][6]/D
  -------------------------------------------------------------------    -------------------

Slack:                    inf
  Source:                 design_1_i/EnemyController_0/inst/enemies_reg[19][is_active]/C
                            (rising edge-triggered cell FDCE)
  Destination:            design_1_i/EnemyController_0/inst/enemies_reg[15][R][9]/D
  Path Group:             (none)
  Path Type:              Max at Slow Process Corner
  Data Path Delay:        4.000ns  (logic 0.423ns (10.574%)  route 3.577ns (89.426%))
  Logic Levels:           4  (FDCE=1 LUT6=3)

    Location             Delay type                Incr(ns)  Path(ns)    Netlist Resource(s)
  -------------------------------------------------------------------    -------------------
    SLICE_X18Y12         FDCE                         0.000     0.000 r  design_1_i/EnemyController_0/inst/enemies_reg[19][is_active]/C
    SLICE_X18Y12         FDCE (Prop_HFF2_SLICEL_C_Q)
                                                      0.080     0.080 r  design_1_i/EnemyController_0/inst/enemies_reg[19][is_active]/Q
                         net (fo=158, routed)         1.543     1.623    design_1_i/EnemyController_0/inst/enemies_reg[19][is_active]_0
    SLICE_X22Y23         LUT6 (Prop_H6LUT_SLICEL_I0_O)
                                                      0.150     1.773 r  design_1_i/EnemyController_0/inst/enemies[23][is_active]_i_10/O
                         net (fo=2, routed)           0.250     2.023    design_1_i/EnemyController_0/inst/enemies[23][is_active]_i_10_n_0
    SLICE_X22Y24         LUT6 (Prop_G6LUT_SLICEL_I5_O)
                                                      0.097     2.120 r  design_1_i/EnemyController_0/inst/enemies[23][is_active]_i_3/O
                         net (fo=256, routed)         1.734     3.854    design_1_i/EnemyController_0/inst/enemies[23][is_active]_i_3_n_0
    SLICE_X12Y29         LUT6 (Prop_C6LUT_SLICEL_I4_O)
                                                      0.096     3.950 r  design_1_i/EnemyController_0/inst/enemies[15][R][9]_i_2/O
                         net (fo=1, routed)           0.050     4.000    design_1_i/EnemyController_0/inst/enemies[15][R][9]_i_2_n_0
    SLICE_X12Y29         FDCE                                         r  design_1_i/EnemyController_0/inst/enemies_reg[15][R][9]/D
  -------------------------------------------------------------------    -------------------

Slack:                    inf
  Source:                 design_1_i/EnemyController_0/inst/enemies_reg[19][is_active]/C
                            (rising edge-triggered cell FDCE)
  Destination:            design_1_i/EnemyController_0/inst/enemies_reg[14][R][2]/D
  Path Group:             (none)
  Path Type:              Max at Slow Process Corner
  Data Path Delay:        3.993ns  (logic 0.363ns (9.090%)  route 3.630ns (90.910%))
  Logic Levels:           4  (FDCE=1 LUT6=3)

    Location             Delay type                Incr(ns)  Path(ns)    Netlist Resource(s)
  -------------------------------------------------------------------    -------------------
    SLICE_X18Y12         FDCE                         0.000     0.000 r  design_1_i/EnemyController_0/inst/enemies_reg[19][is_active]/C
    SLICE_X18Y12         FDCE (Prop_HFF2_SLICEL_C_Q)
                                                      0.080     0.080 r  design_1_i/EnemyController_0/inst/enemies_reg[19][is_active]/Q
                         net (fo=158, routed)         1.543     1.623    design_1_i/EnemyController_0/inst/enemies_reg[19][is_active]_0
    SLICE_X22Y23         LUT6 (Prop_H6LUT_SLICEL_I0_O)
                                                      0.150     1.773 r  design_1_i/EnemyController_0/inst/enemies[23][is_active]_i_10/O
                         net (fo=2, routed)           0.250     2.023    design_1_i/EnemyController_0/inst/enemies[23][is_active]_i_10_n_0
    SLICE_X22Y24         LUT6 (Prop_G6LUT_SLICEL_I5_O)
                                                      0.097     2.120 r  design_1_i/EnemyController_0/inst/enemies[23][is_active]_i_3/O
                         net (fo=256, routed)         1.788     3.908    design_1_i/EnemyController_0/inst/enemies[23][is_active]_i_3_n_0
    SLICE_X12Y21         LUT6 (Prop_D6LUT_SLICEL_I1_O)
                                                      0.036     3.944 r  design_1_i/EnemyController_0/inst/enemies[14][R][2]_i_1/O
                         net (fo=1, routed)           0.049     3.993    design_1_i/EnemyController_0/inst/enemies[14][R][2]_i_1_n_0
    SLICE_X12Y21         FDCE                                         r  design_1_i/EnemyController_0/inst/enemies_reg[14][R][2]/D
  -------------------------------------------------------------------    -------------------

Slack:                    inf
  Source:                 design_1_i/EnemyController_0/inst/enemies_reg[19][is_active]/C
                            (rising edge-triggered cell FDCE)
  Destination:            design_1_i/EnemyController_0/inst/enemies_reg[15][R][8]/D
  Path Group:             (none)
  Path Type:              Max at Slow Process Corner
  Data Path Delay:        3.988ns  (logic 0.363ns (9.102%)  route 3.625ns (90.898%))
  Logic Levels:           4  (FDCE=1 LUT6=3)

    Location             Delay type                Incr(ns)  Path(ns)    Netlist Resource(s)
  -------------------------------------------------------------------    -------------------
    SLICE_X18Y12         FDCE                         0.000     0.000 r  design_1_i/EnemyController_0/inst/enemies_reg[19][is_active]/C
    SLICE_X18Y12         FDCE (Prop_HFF2_SLICEL_C_Q)
                                                      0.080     0.080 r  design_1_i/EnemyController_0/inst/enemies_reg[19][is_active]/Q
                         net (fo=158, routed)         1.543     1.623    design_1_i/EnemyController_0/inst/enemies_reg[19][is_active]_0
    SLICE_X22Y23         LUT6 (Prop_H6LUT_SLICEL_I0_O)
                                                      0.150     1.773 r  design_1_i/EnemyController_0/inst/enemies[23][is_active]_i_10/O
                         net (fo=2, routed)           0.250     2.023    design_1_i/EnemyController_0/inst/enemies[23][is_active]_i_10_n_0
    SLICE_X22Y24         LUT6 (Prop_G6LUT_SLICEL_I5_O)
                                                      0.097     2.120 r  design_1_i/EnemyController_0/inst/enemies[23][is_active]_i_3/O
                         net (fo=256, routed)         1.783     3.903    design_1_i/EnemyController_0/inst/enemies[23][is_active]_i_3_n_0
    SLICE_X12Y29         LUT6 (Prop_D6LUT_SLICEL_I3_O)
                                                      0.036     3.939 r  design_1_i/EnemyController_0/inst/enemies[15][R][8]_i_1/O
                         net (fo=1, routed)           0.049     3.988    design_1_i/EnemyController_0/inst/enemies[15][R][8]_i_1_n_0
    SLICE_X12Y29         FDCE                                         r  design_1_i/EnemyController_0/inst/enemies_reg[15][R][8]/D
  -------------------------------------------------------------------    -------------------

Slack:                    inf
  Source:                 design_1_i/EnemyController_0/inst/enemies_reg[19][is_active]/C
                            (rising edge-triggered cell FDCE)
  Destination:            design_1_i/EnemyController_0/inst/enemies_reg[9][R][4]/CE
  Path Group:             (none)
  Path Type:              Max at Slow Process Corner
  Data Path Delay:        3.984ns  (logic 0.363ns (9.111%)  route 3.621ns (90.889%))
  Logic Levels:           4  (FDCE=1 LUT6=3)

    Location             Delay type                Incr(ns)  Path(ns)    Netlist Resource(s)
  -------------------------------------------------------------------    -------------------
    SLICE_X18Y12         FDCE                         0.000     0.000 r  design_1_i/EnemyController_0/inst/enemies_reg[19][is_active]/C
    SLICE_X18Y12         FDCE (Prop_HFF2_SLICEL_C_Q)
                                                      0.080     0.080 f  design_1_i/EnemyController_0/inst/enemies_reg[19][is_active]/Q
                         net (fo=158, routed)         1.543     1.623    design_1_i/EnemyController_0/inst/enemies_reg[19][is_active]_0
    SLICE_X22Y23         LUT6 (Prop_H6LUT_SLICEL_I0_O)
                                                      0.150     1.773 f  design_1_i/EnemyController_0/inst/enemies[23][is_active]_i_10/O
                         net (fo=2, routed)           0.250     2.023    design_1_i/EnemyController_0/inst/enemies[23][is_active]_i_10_n_0
    SLICE_X22Y24         LUT6 (Prop_G6LUT_SLICEL_I5_O)
                                                      0.097     2.120 f  design_1_i/EnemyController_0/inst/enemies[23][is_active]_i_3/O
                         net (fo=256, routed)         1.535     3.655    design_1_i/EnemyController_0/inst/enemies[23][is_active]_i_3_n_0
    SLICE_X36Y17         LUT6 (Prop_H6LUT_SLICEL_I2_O)
                                                      0.036     3.691 r  design_1_i/EnemyController_0/inst/enemies[9][R][9]_i_1/O
                         net (fo=9, routed)           0.294     3.984    design_1_i/EnemyController_0/inst/enemies[9][R]
    SLICE_X37Y18         FDCE                                         r  design_1_i/EnemyController_0/inst/enemies_reg[9][R][4]/CE
  -------------------------------------------------------------------    -------------------

Slack:                    inf
  Source:                 design_1_i/EnemyController_0/inst/enemies_reg[19][is_active]/C
                            (rising edge-triggered cell FDCE)
  Destination:            design_1_i/EnemyController_0/inst/enemies_reg[9][R][3]/CE
  Path Group:             (none)
  Path Type:              Max at Slow Process Corner
  Data Path Delay:        3.945ns  (logic 0.363ns (9.202%)  route 3.582ns (90.798%))
  Logic Levels:           4  (FDCE=1 LUT6=3)

    Location             Delay type                Incr(ns)  Path(ns)    Netlist Resource(s)
  -------------------------------------------------------------------    -------------------
    SLICE_X18Y12         FDCE                         0.000     0.000 r  design_1_i/EnemyController_0/inst/enemies_reg[19][is_active]/C
    SLICE_X18Y12         FDCE (Prop_HFF2_SLICEL_C_Q)
                                                      0.080     0.080 f  design_1_i/EnemyController_0/inst/enemies_reg[19][is_active]/Q
                         net (fo=158, routed)         1.543     1.623    design_1_i/EnemyController_0/inst/enemies_reg[19][is_active]_0
    SLICE_X22Y23         LUT6 (Prop_H6LUT_SLICEL_I0_O)
                                                      0.150     1.773 f  design_1_i/EnemyController_0/inst/enemies[23][is_active]_i_10/O
                         net (fo=2, routed)           0.250     2.023    design_1_i/EnemyController_0/inst/enemies[23][is_active]_i_10_n_0
    SLICE_X22Y24         LUT6 (Prop_G6LUT_SLICEL_I5_O)
                                                      0.097     2.120 f  design_1_i/EnemyController_0/inst/enemies[23][is_active]_i_3/O
                         net (fo=256, routed)         1.535     3.655    design_1_i/EnemyController_0/inst/enemies[23][is_active]_i_3_n_0
    SLICE_X36Y17         LUT6 (Prop_H6LUT_SLICEL_I2_O)
                                                      0.036     3.691 r  design_1_i/EnemyController_0/inst/enemies[9][R][9]_i_1/O
                         net (fo=9, routed)           0.254     3.945    design_1_i/EnemyController_0/inst/enemies[9][R]
    SLICE_X37Y18         FDCE                                         r  design_1_i/EnemyController_0/inst/enemies_reg[9][R][3]/CE
  -------------------------------------------------------------------    -------------------

Slack:                    inf
  Source:                 design_1_i/EnemyController_0/inst/enemies_reg[19][is_active]/C
                            (rising edge-triggered cell FDCE)
  Destination:            design_1_i/EnemyController_0/inst/enemies_reg[9][R][5]/CE
  Path Group:             (none)
  Path Type:              Max at Slow Process Corner
  Data Path Delay:        3.945ns  (logic 0.363ns (9.202%)  route 3.582ns (90.798%))
  Logic Levels:           4  (FDCE=1 LUT6=3)

    Location             Delay type                Incr(ns)  Path(ns)    Netlist Resource(s)
  -------------------------------------------------------------------    -------------------
    SLICE_X18Y12         FDCE                         0.000     0.000 r  design_1_i/EnemyController_0/inst/enemies_reg[19][is_active]/C
    SLICE_X18Y12         FDCE (Prop_HFF2_SLICEL_C_Q)
                                                      0.080     0.080 f  design_1_i/EnemyController_0/inst/enemies_reg[19][is_active]/Q
                         net (fo=158, routed)         1.543     1.623    design_1_i/EnemyController_0/inst/enemies_reg[19][is_active]_0
    SLICE_X22Y23         LUT6 (Prop_H6LUT_SLICEL_I0_O)
                                                      0.150     1.773 f  design_1_i/EnemyController_0/inst/enemies[23][is_active]_i_10/O
                         net (fo=2, routed)           0.250     2.023    design_1_i/EnemyController_0/inst/enemies[23][is_active]_i_10_n_0
    SLICE_X22Y24         LUT6 (Prop_G6LUT_SLICEL_I5_O)
                                                      0.097     2.120 f  design_1_i/EnemyController_0/inst/enemies[23][is_active]_i_3/O
                         net (fo=256, routed)         1.535     3.655    design_1_i/EnemyController_0/inst/enemies[23][is_active]_i_3_n_0
    SLICE_X36Y17         LUT6 (Prop_H6LUT_SLICEL_I2_O)
                                                      0.036     3.691 r  design_1_i/EnemyController_0/inst/enemies[9][R][9]_i_1/O
                         net (fo=9, routed)           0.254     3.945    design_1_i/EnemyController_0/inst/enemies[9][R]
    SLICE_X37Y18         FDCE                                         r  design_1_i/EnemyController_0/inst/enemies_reg[9][R][5]/CE
  -------------------------------------------------------------------    -------------------





Min Delay Paths
--------------------------------------------------------------------------------------
Slack:                    inf
  Source:                 design_1_i/EnemyController_0/inst/lfsr_reg[15]/C
                            (rising edge-triggered cell FDPE)
  Destination:            design_1_i/EnemyController_0/inst/lfsr_reg[0]/D
  Path Group:             (none)
  Path Type:              Min at Fast Process Corner
  Data Path Delay:        0.088ns  (logic 0.059ns (67.045%)  route 0.029ns (32.955%))
  Logic Levels:           2  (FDPE=1 LUT4=1)

    Location             Delay type                Incr(ns)  Path(ns)    Netlist Resource(s)
  -------------------------------------------------------------------    -------------------
    SLICE_X38Y36         FDPE                         0.000     0.000 r  design_1_i/EnemyController_0/inst/lfsr_reg[15]/C
    SLICE_X38Y36         FDPE (Prop_GFF_SLICEL_C_Q)
                                                      0.039     0.039 r  design_1_i/EnemyController_0/inst/lfsr_reg[15]/Q
                         net (fo=1, routed)           0.023     0.062    design_1_i/EnemyController_0/inst/lfsr_reg_n_0_[15]
    SLICE_X38Y36         LUT4 (Prop_D5LUT_SLICEL_I2_O)
                                                      0.020     0.082 r  design_1_i/EnemyController_0/inst/lfsr[0]_i_1/O
                         net (fo=1, routed)           0.006     0.088    design_1_i/EnemyController_0/inst/p_0_out[0]
    SLICE_X38Y36         FDPE                                         r  design_1_i/EnemyController_0/inst/lfsr_reg[0]/D
  -------------------------------------------------------------------    -------------------

Slack:                    inf
  Source:                 design_1_i/EnemyController_0/inst/lfsr_reg[8]/C
                            (rising edge-triggered cell FDCE)
  Destination:            design_1_i/EnemyController_0/inst/lfsr_reg[9]/D
  Path Group:             (none)
  Path Type:              Min at Fast Process Corner
  Data Path Delay:        0.094ns  (logic 0.039ns (41.568%)  route 0.055ns (58.432%))
  Logic Levels:           1  (FDCE=1)

    Location             Delay type                Incr(ns)  Path(ns)    Netlist Resource(s)
  -------------------------------------------------------------------    -------------------
    SLICE_X38Y36         FDCE                         0.000     0.000 r  design_1_i/EnemyController_0/inst/lfsr_reg[8]/C
    SLICE_X38Y36         FDCE (Prop_BFF_SLICEL_C_Q)
                                                      0.039     0.039 r  design_1_i/EnemyController_0/inst/lfsr_reg[8]/Q
                         net (fo=2, routed)           0.055     0.094    design_1_i/EnemyController_0/inst/p_0_in[5]
    SLICE_X38Y36         FDCE                                         r  design_1_i/EnemyController_0/inst/lfsr_reg[9]/D
  -------------------------------------------------------------------    -------------------

Slack:                    inf
  Source:                 design_1_i/EnemyController_0/inst/enemies_reg[14][R][4]/C
                            (rising edge-triggered cell FDCE)
  Destination:            design_1_i/EnemyController_0/inst/enemies_reg[14][R][4]/D
  Path Group:             (none)
  Path Type:              Min at Fast Process Corner
  Data Path Delay:        0.096ns  (logic 0.054ns (56.436%)  route 0.042ns (43.564%))
  Logic Levels:           2  (FDCE=1 LUT6=1)

    Location             Delay type                Incr(ns)  Path(ns)    Netlist Resource(s)
  -------------------------------------------------------------------    -------------------
    SLICE_X13Y22         FDCE                         0.000     0.000 r  design_1_i/EnemyController_0/inst/enemies_reg[14][R][4]/C
    SLICE_X13Y22         FDCE (Prop_BFF_SLICEL_C_Q)
                                                      0.039     0.039 r  design_1_i/EnemyController_0/inst/enemies_reg[14][R][4]/Q
                         net (fo=19, routed)          0.027     0.066    design_1_i/EnemyController_0/inst/enemies_reg[14][R][9]_0[3]
    SLICE_X13Y22         LUT6 (Prop_B6LUT_SLICEL_I0_O)
                                                      0.015     0.081 r  design_1_i/EnemyController_0/inst/enemies[14][R][4]_i_1/O
                         net (fo=1, routed)           0.015     0.096    design_1_i/EnemyController_0/inst/enemies[14][R][4]_i_1_n_0
    SLICE_X13Y22         FDCE                                         r  design_1_i/EnemyController_0/inst/enemies_reg[14][R][4]/D
  -------------------------------------------------------------------    -------------------

Slack:                    inf
  Source:                 design_1_i/EnemyController_0/inst/enemies_reg[5][R][6]/C
                            (rising edge-triggered cell FDCE)
  Destination:            design_1_i/EnemyController_0/inst/enemies_reg[5][R][6]/D
  Path Group:             (none)
  Path Type:              Min at Fast Process Corner
  Data Path Delay:        0.096ns  (logic 0.054ns (56.436%)  route 0.042ns (43.564%))
  Logic Levels:           2  (FDCE=1 LUT6=1)

    Location             Delay type                Incr(ns)  Path(ns)    Netlist Resource(s)
  -------------------------------------------------------------------    -------------------
    SLICE_X15Y16         FDCE                         0.000     0.000 r  design_1_i/EnemyController_0/inst/enemies_reg[5][R][6]/C
    SLICE_X15Y16         FDCE (Prop_BFF_SLICEL_C_Q)
                                                      0.039     0.039 r  design_1_i/EnemyController_0/inst/enemies_reg[5][R][6]/Q
                         net (fo=7, routed)           0.027     0.066    design_1_i/EnemyController_0/inst/enemies_reg[5][R][9]_0[5]
    SLICE_X15Y16         LUT6 (Prop_B6LUT_SLICEL_I0_O)
                                                      0.015     0.081 r  design_1_i/EnemyController_0/inst/enemies[5][R][6]_i_1/O
                         net (fo=1, routed)           0.015     0.096    design_1_i/EnemyController_0/inst/enemies[5][R][6]_i_1_n_0
    SLICE_X15Y16         FDCE                                         r  design_1_i/EnemyController_0/inst/enemies_reg[5][R][6]/D
  -------------------------------------------------------------------    -------------------

Slack:                    inf
  Source:                 design_1_i/EnemyController_0/inst/lfsr_reg[11]/C
                            (rising edge-triggered cell FDPE)
  Destination:            design_1_i/EnemyController_0/inst/lfsr_reg[12]/D
  Path Group:             (none)
  Path Type:              Min at Fast Process Corner
  Data Path Delay:        0.097ns  (logic 0.039ns (40.206%)  route 0.058ns (59.794%))
  Logic Levels:           1  (FDPE=1)

    Location             Delay type                Incr(ns)  Path(ns)    Netlist Resource(s)
  -------------------------------------------------------------------    -------------------
    SLICE_X38Y36         FDPE                         0.000     0.000 r  design_1_i/EnemyController_0/inst/lfsr_reg[11]/C
    SLICE_X38Y36         FDPE (Prop_EFF_SLICEL_C_Q)
                                                      0.039     0.039 r  design_1_i/EnemyController_0/inst/lfsr_reg[11]/Q
                         net (fo=1, routed)           0.058     0.097    design_1_i/EnemyController_0/inst/lfsr_reg_n_0_[11]
    SLICE_X38Y36         FDCE                                         r  design_1_i/EnemyController_0/inst/lfsr_reg[12]/D
  -------------------------------------------------------------------    -------------------

Slack:                    inf
  Source:                 design_1_i/EnemyController_0/inst/lfsr_reg[5]/C
                            (rising edge-triggered cell FDPE)
  Destination:            design_1_i/EnemyController_0/inst/lfsr_reg[6]/D
  Path Group:             (none)
  Path Type:              Min at Fast Process Corner
  Data Path Delay:        0.097ns  (logic 0.039ns (40.206%)  route 0.058ns (59.794%))
  Logic Levels:           1  (FDPE=1)

    Location             Delay type                Incr(ns)  Path(ns)    Netlist Resource(s)
  -------------------------------------------------------------------    -------------------
    SLICE_X35Y33         FDPE                         0.000     0.000 r  design_1_i/EnemyController_0/inst/lfsr_reg[5]/C
    SLICE_X35Y33         FDPE (Prop_EFF_SLICEL_C_Q)
                                                      0.039     0.039 r  design_1_i/EnemyController_0/inst/lfsr_reg[5]/Q
                         net (fo=1, routed)           0.058     0.097    design_1_i/EnemyController_0/inst/p_0_in[2]
    SLICE_X35Y33         FDPE                                         r  design_1_i/EnemyController_0/inst/lfsr_reg[6]/D
  -------------------------------------------------------------------    -------------------

Slack:                    inf
  Source:                 design_1_i/EnemyController_0/inst/enemies_reg[23][R][2]/C
                            (rising edge-triggered cell FDCE)
  Destination:            design_1_i/EnemyController_0/inst/enemies_reg[23][R][2]/D
  Path Group:             (none)
  Path Type:              Min at Fast Process Corner
  Data Path Delay:        0.098ns  (logic 0.053ns (54.342%)  route 0.045ns (45.658%))
  Logic Levels:           2  (FDCE=1 LUT6=1)

    Location             Delay type                Incr(ns)  Path(ns)    Netlist Resource(s)
  -------------------------------------------------------------------    -------------------
    SLICE_X35Y51         FDCE                         0.000     0.000 r  design_1_i/EnemyController_0/inst/enemies_reg[23][R][2]/C
    SLICE_X35Y51         FDCE (Prop_DFF_SLICEL_C_Q)
                                                      0.039     0.039 r  design_1_i/EnemyController_0/inst/enemies_reg[23][R][2]/Q
                         net (fo=8, routed)           0.029     0.068    design_1_i/EnemyController_0/inst/enemies_reg[23][R][9]_0[1]
    SLICE_X35Y51         LUT6 (Prop_D6LUT_SLICEL_I4_O)
                                                      0.014     0.082 r  design_1_i/EnemyController_0/inst/enemies[23][R][2]_i_1/O
                         net (fo=1, routed)           0.016     0.098    design_1_i/EnemyController_0/inst/enemies[23][R][2]_i_1_n_0
    SLICE_X35Y51         FDCE                                         r  design_1_i/EnemyController_0/inst/enemies_reg[23][R][2]/D
  -------------------------------------------------------------------    -------------------

Slack:                    inf
  Source:                 design_1_i/EnemyController_0/inst/enemies_reg[15][R][9]/C
                            (rising edge-triggered cell FDCE)
  Destination:            design_1_i/EnemyController_0/inst/enemies_reg[15][R][9]/D
  Path Group:             (none)
  Path Type:              Min at Fast Process Corner
  Data Path Delay:        0.098ns  (logic 0.053ns (54.257%)  route 0.045ns (45.743%))
  Logic Levels:           2  (FDCE=1 LUT6=1)

    Location             Delay type                Incr(ns)  Path(ns)    Netlist Resource(s)
  -------------------------------------------------------------------    -------------------
    SLICE_X12Y29         FDCE                         0.000     0.000 r  design_1_i/EnemyController_0/inst/enemies_reg[15][R][9]/C
    SLICE_X12Y29         FDCE (Prop_CFF_SLICEL_C_Q)
                                                      0.039     0.039 r  design_1_i/EnemyController_0/inst/enemies_reg[15][R][9]/Q
                         net (fo=4, routed)           0.028     0.067    design_1_i/EnemyController_0/inst/enemies_reg[15][R][9]_0[8]
    SLICE_X12Y29         LUT6 (Prop_C6LUT_SLICEL_I2_O)
                                                      0.014     0.081 r  design_1_i/EnemyController_0/inst/enemies[15][R][9]_i_2/O
                         net (fo=1, routed)           0.017     0.098    design_1_i/EnemyController_0/inst/enemies[15][R][9]_i_2_n_0
    SLICE_X12Y29         FDCE                                         r  design_1_i/EnemyController_0/inst/enemies_reg[15][R][9]/D
  -------------------------------------------------------------------    -------------------

Slack:                    inf
  Source:                 design_1_i/EnemyController_0/inst/enemies_reg[19][R][7]/C
                            (rising edge-triggered cell FDCE)
  Destination:            design_1_i/EnemyController_0/inst/enemies_reg[19][R][7]/D
  Path Group:             (none)
  Path Type:              Min at Fast Process Corner
  Data Path Delay:        0.098ns  (logic 0.053ns (54.206%)  route 0.045ns (45.794%))
  Logic Levels:           2  (FDCE=1 LUT6=1)

    Location             Delay type                Incr(ns)  Path(ns)    Netlist Resource(s)
  -------------------------------------------------------------------    -------------------
    SLICE_X15Y6          FDCE                         0.000     0.000 r  design_1_i/EnemyController_0/inst/enemies_reg[19][R][7]/C
    SLICE_X15Y6          FDCE (Prop_DFF_SLICEL_C_Q)
                                                      0.039     0.039 r  design_1_i/EnemyController_0/inst/enemies_reg[19][R][7]/Q
                         net (fo=5, routed)           0.029     0.068    design_1_i/EnemyController_0/inst/enemies_reg[19][R][9]_0[6]
    SLICE_X15Y6          LUT6 (Prop_D6LUT_SLICEL_I5_O)
                                                      0.014     0.082 r  design_1_i/EnemyController_0/inst/enemies[19][R][7]_i_1/O
                         net (fo=1, routed)           0.016     0.098    design_1_i/EnemyController_0/inst/enemies[19][R][7]_i_1_n_0
    SLICE_X15Y6          FDCE                                         r  design_1_i/EnemyController_0/inst/enemies_reg[19][R][7]/D
  -------------------------------------------------------------------    -------------------

Slack:                    inf
  Source:                 design_1_i/EnemyController_0/inst/enemies_reg[1][R][7]/C
                            (rising edge-triggered cell FDCE)
  Destination:            design_1_i/EnemyController_0/inst/enemies_reg[1][R][7]/D
  Path Group:             (none)
  Path Type:              Min at Fast Process Corner
  Data Path Delay:        0.098ns  (logic 0.053ns (54.206%)  route 0.045ns (45.794%))
  Logic Levels:           2  (FDCE=1 LUT6=1)

    Location             Delay type                Incr(ns)  Path(ns)    Netlist Resource(s)
  -------------------------------------------------------------------    -------------------
    SLICE_X35Y35         FDCE                         0.000     0.000 r  design_1_i/EnemyController_0/inst/enemies_reg[1][R][7]/C
    SLICE_X35Y35         FDCE (Prop_DFF_SLICEL_C_Q)
                                                      0.039     0.039 r  design_1_i/EnemyController_0/inst/enemies_reg[1][R][7]/Q
                         net (fo=6, routed)           0.029     0.068    design_1_i/EnemyController_0/inst/enemies_reg[1][R][9]_0[6]
    SLICE_X35Y35         LUT6 (Prop_D6LUT_SLICEL_I5_O)
                                                      0.014     0.082 r  design_1_i/EnemyController_0/inst/enemies[1][R][7]_i_1/O
                         net (fo=1, routed)           0.016     0.098    design_1_i/EnemyController_0/inst/enemies[1][R][7]_i_1_n_0
    SLICE_X35Y35         FDCE                                         r  design_1_i/EnemyController_0/inst/enemies_reg[1][R][7]/D
  -------------------------------------------------------------------    -------------------





--------------------------------------------------------------------------------------
Path Group:  (none)
From Clock:  clk125_design_1_clk_wiz_0_0
  To Clock:  

Max Delay             8 Endpoints
Min Delay             8 Endpoints
--------------------------------------------------------------------------------------


Max Delay Paths
--------------------------------------------------------------------------------------
Slack:                    inf
  Source:                 design_1_i/HDMI_TX_0/U0/i_wrap/TMDS_2/i_ODDRE_P/CLK
                            (falling edge-triggered cell OSERDESE3 clocked by clk125_design_1_clk_wiz_0_0  {rise@0.000ns fall@4.000ns period=8.000ns})
  Destination:            HDMI_D2_P
                            (output port)
  Path Group:             (none)
  Path Type:              Max at Slow Process Corner
  Data Path Delay:        3.607ns  (logic 3.604ns (99.917%)  route 0.003ns (0.083%))
  Logic Levels:           1  (OBUF=1)
  Clock Uncertainty:      0.144ns  ((TSJ^2 + DJ^2)^1/2) / 2 + PE
    Total System Jitter     (TSJ):    0.050ns
    Discrete Jitter          (DJ):    0.108ns
    Phase Error              (PE):    0.085ns
  Clock Net Delay (Source):      1.885ns (routing 1.034ns, distribution 0.851ns)

    Location             Delay type                Incr(ns)  Path(ns)    Netlist Resource(s)
  -------------------------------------------------------------------    -------------------
                         (clock clk125_design_1_clk_wiz_0_0 fall edge)
                                                      4.000     4.000 f  
    D7                                                0.000     4.000 f  clk_100mhz_clk_p (IN)
                         net (fo=0)                   0.100     4.100    design_1_i/clk_wiz_0/inst/clkin1_ibufds/I
    HPIOBDIFFINBUF_X0Y60 DIFFINBUF (Prop_DIFFINBUF_HPIOBDIFFINBUF_DIFF_IN_P_O)
                                                      0.629     4.729 f  design_1_i/clk_wiz_0/inst/clkin1_ibufds/DIFFINBUF_INST/O
                         net (fo=1, routed)           0.050     4.779    design_1_i/clk_wiz_0/inst/clkin1_ibufds/OUT
    D7                   IBUFCTRL (Prop_IBUFCTRL_HPIOB_M_I_O)
                                                      0.000     4.779 f  design_1_i/clk_wiz_0/inst/clkin1_ibufds/IBUFCTRL_INST/O
                         net (fo=1, routed)           0.384     5.163    design_1_i/clk_wiz_0/inst/clk_in1_design_1_clk_wiz_0_0
    MMCM_X0Y2            MMCME4_ADV (Prop_MMCM_CLKIN1_CLKOUT1)
                                                     -0.127     5.036 f  design_1_i/clk_wiz_0/inst/mmcme4_adv_inst/CLKOUT1
                         net (fo=1, routed)           0.250     5.286    design_1_i/clk_wiz_0/inst/clk125_design_1_clk_wiz_0_0
    BUFGCE_X0Y54         BUFGCE (Prop_BUFCE_BUFGCE_I_O)
                                                      0.028     5.314 f  design_1_i/clk_wiz_0/inst/clkout2_buf/O
    X1Y0 (CLOCK_ROOT)    net (fo=53, routed)          1.885     7.199    design_1_i/HDMI_TX_0/U0/i_wrap/pxClkX5
    HDIOLOGIC_M_X1Y1     OSERDESE3                                    f  design_1_i/HDMI_TX_0/U0/i_wrap/TMDS_2/i_ODDRE_P/CLK
  -------------------------------------------------------------------    -------------------
    HDIOLOGIC_M_X1Y1     OSERDESE3 (Prop_OPTFF_HDIOLOGIC_M_CLK_OQ)
                                                      0.818     8.017 r  design_1_i/HDMI_TX_0/U0/i_wrap/TMDS_2/i_ODDRE_P/OQ
                         net (fo=1, routed)           0.003     8.020    HDMI_D2_P_OBUF
    AF11                 OBUF (Prop_OUTBUF_HDIOB_M_I_O)
                                                      2.786    10.806 r  HDMI_D2_P_OBUF_inst/O
                         net (fo=0)                   0.000    10.806    HDMI_D2_P
    AF11                                                              r  HDMI_D2_P (OUT)
  -------------------------------------------------------------------    -------------------

Slack:                    inf
  Source:                 design_1_i/HDMI_TX_0/U0/i_wrap/TMDS_1/i_ODDRE_P/CLK
                            (falling edge-triggered cell OSERDESE3 clocked by clk125_design_1_clk_wiz_0_0  {rise@0.000ns fall@4.000ns period=8.000ns})
  Destination:            HDMI_D1_P
                            (output port)
  Path Group:             (none)
  Path Type:              Max at Slow Process Corner
  Data Path Delay:        3.618ns  (logic 3.615ns (99.917%)  route 0.003ns (0.083%))
  Logic Levels:           1  (OBUF=1)
  Clock Uncertainty:      0.144ns  ((TSJ^2 + DJ^2)^1/2) / 2 + PE
    Total System Jitter     (TSJ):    0.050ns
    Discrete Jitter          (DJ):    0.108ns
    Phase Error              (PE):    0.085ns
  Clock Net Delay (Source):      1.871ns (routing 1.034ns, distribution 0.837ns)

    Location             Delay type                Incr(ns)  Path(ns)    Netlist Resource(s)
  -------------------------------------------------------------------    -------------------
                         (clock clk125_design_1_clk_wiz_0_0 fall edge)
                                                      4.000     4.000 f  
    D7                                                0.000     4.000 f  clk_100mhz_clk_p (IN)
                         net (fo=0)                   0.100     4.100    design_1_i/clk_wiz_0/inst/clkin1_ibufds/I
    HPIOBDIFFINBUF_X0Y60 DIFFINBUF (Prop_DIFFINBUF_HPIOBDIFFINBUF_DIFF_IN_P_O)
                                                      0.629     4.729 f  design_1_i/clk_wiz_0/inst/clkin1_ibufds/DIFFINBUF_INST/O
                         net (fo=1, routed)           0.050     4.779    design_1_i/clk_wiz_0/inst/clkin1_ibufds/OUT
    D7                   IBUFCTRL (Prop_IBUFCTRL_HPIOB_M_I_O)
                                                      0.000     4.779 f  design_1_i/clk_wiz_0/inst/clkin1_ibufds/IBUFCTRL_INST/O
                         net (fo=1, routed)           0.384     5.163    design_1_i/clk_wiz_0/inst/clk_in1_design_1_clk_wiz_0_0
    MMCM_X0Y2            MMCME4_ADV (Prop_MMCM_CLKIN1_CLKOUT1)
                                                     -0.127     5.036 f  design_1_i/clk_wiz_0/inst/mmcme4_adv_inst/CLKOUT1
                         net (fo=1, routed)           0.250     5.286    design_1_i/clk_wiz_0/inst/clk125_design_1_clk_wiz_0_0
    BUFGCE_X0Y54         BUFGCE (Prop_BUFCE_BUFGCE_I_O)
                                                      0.028     5.314 f  design_1_i/clk_wiz_0/inst/clkout2_buf/O
    X1Y0 (CLOCK_ROOT)    net (fo=53, routed)          1.871     7.185    design_1_i/HDMI_TX_0/U0/i_wrap/pxClkX5
    HDIOLOGIC_S_X1Y2     OSERDESE3                                    f  design_1_i/HDMI_TX_0/U0/i_wrap/TMDS_1/i_ODDRE_P/CLK
  -------------------------------------------------------------------    -------------------
    HDIOLOGIC_S_X1Y2     OSERDESE3 (Prop_OPTFF_HDIOLOGIC_S_CLK_OQ)
                                                      0.819     8.004 r  design_1_i/HDMI_TX_0/U0/i_wrap/TMDS_1/i_ODDRE_P/OQ
                         net (fo=1, routed)           0.003     8.007    HDMI_D1_P_OBUF
    AH11                 OBUF (Prop_OUTBUF_HDIOB_S_I_O)
                                                      2.796    10.803 r  HDMI_D1_P_OBUF_inst/O
                         net (fo=0)                   0.000    10.803    HDMI_D1_P
    AH11                                                              r  HDMI_D1_P (OUT)
  -------------------------------------------------------------------    -------------------

Slack:                    inf
  Source:                 design_1_i/HDMI_TX_0/U0/i_wrap/TMDS_1/i_ODDRE_N/CLK
                            (falling edge-triggered cell OSERDESE3 clocked by clk125_design_1_clk_wiz_0_0  {rise@0.000ns fall@4.000ns period=8.000ns})
  Destination:            HDMI_D1_N
                            (output port)
  Path Group:             (none)
  Path Type:              Max at Slow Process Corner
  Data Path Delay:        3.617ns  (logic 3.614ns (99.917%)  route 0.003ns (0.083%))
  Logic Levels:           1  (OBUF=1)
  Clock Uncertainty:      0.144ns  ((TSJ^2 + DJ^2)^1/2) / 2 + PE
    Total System Jitter     (TSJ):    0.050ns
    Discrete Jitter          (DJ):    0.108ns
    Phase Error              (PE):    0.085ns
  Clock Net Delay (Source):      1.872ns (routing 1.034ns, distribution 0.838ns)

    Location             Delay type                Incr(ns)  Path(ns)    Netlist Resource(s)
  -------------------------------------------------------------------    -------------------
                         (clock clk125_design_1_clk_wiz_0_0 fall edge)
                                                      4.000     4.000 f  
    D7                                                0.000     4.000 f  clk_100mhz_clk_p (IN)
                         net (fo=0)                   0.100     4.100    design_1_i/clk_wiz_0/inst/clkin1_ibufds/I
    HPIOBDIFFINBUF_X0Y60 DIFFINBUF (Prop_DIFFINBUF_HPIOBDIFFINBUF_DIFF_IN_P_O)
                                                      0.629     4.729 f  design_1_i/clk_wiz_0/inst/clkin1_ibufds/DIFFINBUF_INST/O
                         net (fo=1, routed)           0.050     4.779    design_1_i/clk_wiz_0/inst/clkin1_ibufds/OUT
    D7                   IBUFCTRL (Prop_IBUFCTRL_HPIOB_M_I_O)
                                                      0.000     4.779 f  design_1_i/clk_wiz_0/inst/clkin1_ibufds/IBUFCTRL_INST/O
                         net (fo=1, routed)           0.384     5.163    design_1_i/clk_wiz_0/inst/clk_in1_design_1_clk_wiz_0_0
    MMCM_X0Y2            MMCME4_ADV (Prop_MMCM_CLKIN1_CLKOUT1)
                                                     -0.127     5.036 f  design_1_i/clk_wiz_0/inst/mmcme4_adv_inst/CLKOUT1
                         net (fo=1, routed)           0.250     5.286    design_1_i/clk_wiz_0/inst/clk125_design_1_clk_wiz_0_0
    BUFGCE_X0Y54         BUFGCE (Prop_BUFCE_BUFGCE_I_O)
                                                      0.028     5.314 f  design_1_i/clk_wiz_0/inst/clkout2_buf/O
    X1Y0 (CLOCK_ROOT)    net (fo=53, routed)          1.872     7.186    design_1_i/HDMI_TX_0/U0/i_wrap/pxClkX5
    HDIOLOGIC_M_X1Y2     OSERDESE3                                    f  design_1_i/HDMI_TX_0/U0/i_wrap/TMDS_1/i_ODDRE_N/CLK
  -------------------------------------------------------------------    -------------------
    HDIOLOGIC_M_X1Y2     OSERDESE3 (Prop_OPTFF_HDIOLOGIC_M_CLK_OQ)
                                                      0.818     8.004 r  design_1_i/HDMI_TX_0/U0/i_wrap/TMDS_1/i_ODDRE_N/OQ
                         net (fo=1, routed)           0.003     8.007    HDMI_D1_N_OBUF
    AH12                 OBUF (Prop_OUTBUF_HDIOB_M_I_O)
                                                      2.796    10.803 r  HDMI_D1_N_OBUF_inst/O
                         net (fo=0)                   0.000    10.803    HDMI_D1_N
    AH12                                                              r  HDMI_D1_N (OUT)
  -------------------------------------------------------------------    -------------------

Slack:                    inf
  Source:                 design_1_i/HDMI_TX_0/U0/i_wrap/TMDS_2/i_ODDRE_N/CLK
                            (falling edge-triggered cell OSERDESE3 clocked by clk125_design_1_clk_wiz_0_0  {rise@0.000ns fall@4.000ns period=8.000ns})
  Destination:            HDMI_D2_N
                            (output port)
  Path Group:             (none)
  Path Type:              Max at Slow Process Corner
  Data Path Delay:        3.607ns  (logic 3.604ns (99.917%)  route 0.003ns (0.083%))
  Logic Levels:           1  (OBUF=1)
  Clock Uncertainty:      0.144ns  ((TSJ^2 + DJ^2)^1/2) / 2 + PE
    Total System Jitter     (TSJ):    0.050ns
    Discrete Jitter          (DJ):    0.108ns
    Phase Error              (PE):    0.085ns
  Clock Net Delay (Source):      1.874ns (routing 1.034ns, distribution 0.840ns)

    Location             Delay type                Incr(ns)  Path(ns)    Netlist Resource(s)
  -------------------------------------------------------------------    -------------------
                         (clock clk125_design_1_clk_wiz_0_0 fall edge)
                                                      4.000     4.000 f  
    D7                                                0.000     4.000 f  clk_100mhz_clk_p (IN)
                         net (fo=0)                   0.100     4.100    design_1_i/clk_wiz_0/inst/clkin1_ibufds/I
    HPIOBDIFFINBUF_X0Y60 DIFFINBUF (Prop_DIFFINBUF_HPIOBDIFFINBUF_DIFF_IN_P_O)
                                                      0.629     4.729 f  design_1_i/clk_wiz_0/inst/clkin1_ibufds/DIFFINBUF_INST/O
                         net (fo=1, routed)           0.050     4.779    design_1_i/clk_wiz_0/inst/clkin1_ibufds/OUT
    D7                   IBUFCTRL (Prop_IBUFCTRL_HPIOB_M_I_O)
                                                      0.000     4.779 f  design_1_i/clk_wiz_0/inst/clkin1_ibufds/IBUFCTRL_INST/O
                         net (fo=1, routed)           0.384     5.163    design_1_i/clk_wiz_0/inst/clk_in1_design_1_clk_wiz_0_0
    MMCM_X0Y2            MMCME4_ADV (Prop_MMCM_CLKIN1_CLKOUT1)
                                                     -0.127     5.036 f  design_1_i/clk_wiz_0/inst/mmcme4_adv_inst/CLKOUT1
                         net (fo=1, routed)           0.250     5.286    design_1_i/clk_wiz_0/inst/clk125_design_1_clk_wiz_0_0
    BUFGCE_X0Y54         BUFGCE (Prop_BUFCE_BUFGCE_I_O)
                                                      0.028     5.314 f  design_1_i/clk_wiz_0/inst/clkout2_buf/O
    X1Y0 (CLOCK_ROOT)    net (fo=53, routed)          1.874     7.188    design_1_i/HDMI_TX_0/U0/i_wrap/pxClkX5
    HDIOLOGIC_S_X1Y1     OSERDESE3                                    f  design_1_i/HDMI_TX_0/U0/i_wrap/TMDS_2/i_ODDRE_N/CLK
  -------------------------------------------------------------------    -------------------
    HDIOLOGIC_S_X1Y1     OSERDESE3 (Prop_OPTFF_HDIOLOGIC_S_CLK_OQ)
                                                      0.819     8.007 r  design_1_i/HDMI_TX_0/U0/i_wrap/TMDS_2/i_ODDRE_N/OQ
                         net (fo=1, routed)           0.003     8.010    HDMI_D2_N_OBUF
    AG11                 OBUF (Prop_OUTBUF_HDIOB_S_I_O)
                                                      2.785    10.796 r  HDMI_D2_N_OBUF_inst/O
                         net (fo=0)                   0.000    10.796    HDMI_D2_N
    AG11                                                              r  HDMI_D2_N (OUT)
  -------------------------------------------------------------------    -------------------

Slack:                    inf
  Source:                 design_1_i/HDMI_TX_0/U0/i_wrap/TMDS_0/i_ODDRE_N/CLK
                            (falling edge-triggered cell OSERDESE3 clocked by clk125_design_1_clk_wiz_0_0  {rise@0.000ns fall@4.000ns period=8.000ns})
  Destination:            HDMI_D0_N
                            (output port)
  Path Group:             (none)
  Path Type:              Max at Slow Process Corner
  Data Path Delay:        3.609ns  (logic 3.606ns (99.917%)  route 0.003ns (0.083%))
  Logic Levels:           1  (OBUF=1)
  Clock Uncertainty:      0.144ns  ((TSJ^2 + DJ^2)^1/2) / 2 + PE
    Total System Jitter     (TSJ):    0.050ns
    Discrete Jitter          (DJ):    0.108ns
    Phase Error              (PE):    0.085ns
  Clock Net Delay (Source):      1.869ns (routing 1.034ns, distribution 0.835ns)

    Location             Delay type                Incr(ns)  Path(ns)    Netlist Resource(s)
  -------------------------------------------------------------------    -------------------
                         (clock clk125_design_1_clk_wiz_0_0 fall edge)
                                                      4.000     4.000 f  
    D7                                                0.000     4.000 f  clk_100mhz_clk_p (IN)
                         net (fo=0)                   0.100     4.100    design_1_i/clk_wiz_0/inst/clkin1_ibufds/I
    HPIOBDIFFINBUF_X0Y60 DIFFINBUF (Prop_DIFFINBUF_HPIOBDIFFINBUF_DIFF_IN_P_O)
                                                      0.629     4.729 f  design_1_i/clk_wiz_0/inst/clkin1_ibufds/DIFFINBUF_INST/O
                         net (fo=1, routed)           0.050     4.779    design_1_i/clk_wiz_0/inst/clkin1_ibufds/OUT
    D7                   IBUFCTRL (Prop_IBUFCTRL_HPIOB_M_I_O)
                                                      0.000     4.779 f  design_1_i/clk_wiz_0/inst/clkin1_ibufds/IBUFCTRL_INST/O
                         net (fo=1, routed)           0.384     5.163    design_1_i/clk_wiz_0/inst/clk_in1_design_1_clk_wiz_0_0
    MMCM_X0Y2            MMCME4_ADV (Prop_MMCM_CLKIN1_CLKOUT1)
                                                     -0.127     5.036 f  design_1_i/clk_wiz_0/inst/mmcme4_adv_inst/CLKOUT1
                         net (fo=1, routed)           0.250     5.286    design_1_i/clk_wiz_0/inst/clk125_design_1_clk_wiz_0_0
    BUFGCE_X0Y54         BUFGCE (Prop_BUFCE_BUFGCE_I_O)
                                                      0.028     5.314 f  design_1_i/clk_wiz_0/inst/clkout2_buf/O
    X1Y0 (CLOCK_ROOT)    net (fo=53, routed)          1.869     7.183    design_1_i/HDMI_TX_0/U0/i_wrap/pxClkX5
    HDIOLOGIC_M_X1Y3     OSERDESE3                                    f  design_1_i/HDMI_TX_0/U0/i_wrap/TMDS_0/i_ODDRE_N/CLK
  -------------------------------------------------------------------    -------------------
    HDIOLOGIC_M_X1Y3     OSERDESE3 (Prop_OPTFF_HDIOLOGIC_M_CLK_OQ)
                                                      0.818     8.001 r  design_1_i/HDMI_TX_0/U0/i_wrap/TMDS_0/i_ODDRE_N/OQ
                         net (fo=1, routed)           0.003     8.004    HDMI_D0_N_OBUF
    AE10                 OBUF (Prop_OUTBUF_HDIOB_M_I_O)
                                                      2.788    10.793 r  HDMI_D0_N_OBUF_inst/O
                         net (fo=0)                   0.000    10.793    HDMI_D0_N
    AE10                                                              r  HDMI_D0_N (OUT)
  -------------------------------------------------------------------    -------------------

Slack:                    inf
  Source:                 design_1_i/HDMI_TX_0/U0/i_wrap/TMDS_0/i_ODDRE_P/CLK
                            (falling edge-triggered cell OSERDESE3 clocked by clk125_design_1_clk_wiz_0_0  {rise@0.000ns fall@4.000ns period=8.000ns})
  Destination:            HDMI_D0_P
                            (output port)
  Path Group:             (none)
  Path Type:              Max at Slow Process Corner
  Data Path Delay:        3.610ns  (logic 3.607ns (99.917%)  route 0.003ns (0.083%))
  Logic Levels:           1  (OBUF=1)
  Clock Uncertainty:      0.144ns  ((TSJ^2 + DJ^2)^1/2) / 2 + PE
    Total System Jitter     (TSJ):    0.050ns
    Discrete Jitter          (DJ):    0.108ns
    Phase Error              (PE):    0.085ns
  Clock Net Delay (Source):      1.867ns (routing 1.034ns, distribution 0.833ns)

    Location             Delay type                Incr(ns)  Path(ns)    Netlist Resource(s)
  -------------------------------------------------------------------    -------------------
                         (clock clk125_design_1_clk_wiz_0_0 fall edge)
                                                      4.000     4.000 f  
    D7                                                0.000     4.000 f  clk_100mhz_clk_p (IN)
                         net (fo=0)                   0.100     4.100    design_1_i/clk_wiz_0/inst/clkin1_ibufds/I
    HPIOBDIFFINBUF_X0Y60 DIFFINBUF (Prop_DIFFINBUF_HPIOBDIFFINBUF_DIFF_IN_P_O)
                                                      0.629     4.729 f  design_1_i/clk_wiz_0/inst/clkin1_ibufds/DIFFINBUF_INST/O
                         net (fo=1, routed)           0.050     4.779    design_1_i/clk_wiz_0/inst/clkin1_ibufds/OUT
    D7                   IBUFCTRL (Prop_IBUFCTRL_HPIOB_M_I_O)
                                                      0.000     4.779 f  design_1_i/clk_wiz_0/inst/clkin1_ibufds/IBUFCTRL_INST/O
                         net (fo=1, routed)           0.384     5.163    design_1_i/clk_wiz_0/inst/clk_in1_design_1_clk_wiz_0_0
    MMCM_X0Y2            MMCME4_ADV (Prop_MMCM_CLKIN1_CLKOUT1)
                                                     -0.127     5.036 f  design_1_i/clk_wiz_0/inst/mmcme4_adv_inst/CLKOUT1
                         net (fo=1, routed)           0.250     5.286    design_1_i/clk_wiz_0/inst/clk125_design_1_clk_wiz_0_0
    BUFGCE_X0Y54         BUFGCE (Prop_BUFCE_BUFGCE_I_O)
                                                      0.028     5.314 f  design_1_i/clk_wiz_0/inst/clkout2_buf/O
    X1Y0 (CLOCK_ROOT)    net (fo=53, routed)          1.867     7.181    design_1_i/HDMI_TX_0/U0/i_wrap/pxClkX5
    HDIOLOGIC_S_X1Y3     OSERDESE3                                    f  design_1_i/HDMI_TX_0/U0/i_wrap/TMDS_0/i_ODDRE_P/CLK
  -------------------------------------------------------------------    -------------------
    HDIOLOGIC_S_X1Y3     OSERDESE3 (Prop_OPTFF_HDIOLOGIC_S_CLK_OQ)
                                                      0.819     8.000 r  design_1_i/HDMI_TX_0/U0/i_wrap/TMDS_0/i_ODDRE_P/OQ
                         net (fo=1, routed)           0.003     8.003    HDMI_D0_P_OBUF
    AF10                 OBUF (Prop_OUTBUF_HDIOB_S_I_O)
                                                      2.788    10.792 r  HDMI_D0_P_OBUF_inst/O
                         net (fo=0)                   0.000    10.792    HDMI_D0_P
    AF10                                                              r  HDMI_D0_P (OUT)
  -------------------------------------------------------------------    -------------------

Slack:                    inf
  Source:                 design_1_i/HDMI_TX_0/U0/i_wrap/TMDS_3/i_ODDRE_N/CLK
                            (falling edge-triggered cell OSERDESE3 clocked by clk125_design_1_clk_wiz_0_0  {rise@0.000ns fall@4.000ns period=8.000ns})
  Destination:            HDMI_CK_N
                            (output port)
  Path Group:             (none)
  Path Type:              Max at Slow Process Corner
  Data Path Delay:        3.603ns  (logic 3.600ns (99.917%)  route 0.003ns (0.083%))
  Logic Levels:           1  (OBUF=1)
  Clock Uncertainty:      0.144ns  ((TSJ^2 + DJ^2)^1/2) / 2 + PE
    Total System Jitter     (TSJ):    0.050ns
    Discrete Jitter          (DJ):    0.108ns
    Phase Error              (PE):    0.085ns
  Clock Net Delay (Source):      1.858ns (routing 1.034ns, distribution 0.824ns)

    Location             Delay type                Incr(ns)  Path(ns)    Netlist Resource(s)
  -------------------------------------------------------------------    -------------------
                         (clock clk125_design_1_clk_wiz_0_0 fall edge)
                                                      4.000     4.000 f  
    D7                                                0.000     4.000 f  clk_100mhz_clk_p (IN)
                         net (fo=0)                   0.100     4.100    design_1_i/clk_wiz_0/inst/clkin1_ibufds/I
    HPIOBDIFFINBUF_X0Y60 DIFFINBUF (Prop_DIFFINBUF_HPIOBDIFFINBUF_DIFF_IN_P_O)
                                                      0.629     4.729 f  design_1_i/clk_wiz_0/inst/clkin1_ibufds/DIFFINBUF_INST/O
                         net (fo=1, routed)           0.050     4.779    design_1_i/clk_wiz_0/inst/clkin1_ibufds/OUT
    D7                   IBUFCTRL (Prop_IBUFCTRL_HPIOB_M_I_O)
                                                      0.000     4.779 f  design_1_i/clk_wiz_0/inst/clkin1_ibufds/IBUFCTRL_INST/O
                         net (fo=1, routed)           0.384     5.163    design_1_i/clk_wiz_0/inst/clk_in1_design_1_clk_wiz_0_0
    MMCM_X0Y2            MMCME4_ADV (Prop_MMCM_CLKIN1_CLKOUT1)
                                                     -0.127     5.036 f  design_1_i/clk_wiz_0/inst/mmcme4_adv_inst/CLKOUT1
                         net (fo=1, routed)           0.250     5.286    design_1_i/clk_wiz_0/inst/clk125_design_1_clk_wiz_0_0
    BUFGCE_X0Y54         BUFGCE (Prop_BUFCE_BUFGCE_I_O)
                                                      0.028     5.314 f  design_1_i/clk_wiz_0/inst/clkout2_buf/O
    X1Y0 (CLOCK_ROOT)    net (fo=53, routed)          1.858     7.172    design_1_i/HDMI_TX_0/U0/i_wrap/pxClkX5
    HDIOLOGIC_M_X1Y5     OSERDESE3                                    f  design_1_i/HDMI_TX_0/U0/i_wrap/TMDS_3/i_ODDRE_N/CLK
  -------------------------------------------------------------------    -------------------
    HDIOLOGIC_M_X1Y5     OSERDESE3 (Prop_OPTFF_HDIOLOGIC_M_CLK_OQ)
                                                      0.818     7.990 r  design_1_i/HDMI_TX_0/U0/i_wrap/TMDS_3/i_ODDRE_N/OQ
                         net (fo=1, routed)           0.003     7.993    HDMI_CK_N_OBUF
    AC12                 OBUF (Prop_OUTBUF_HDIOB_M_I_O)
                                                      2.782    10.775 r  HDMI_CK_N_OBUF_inst/O
                         net (fo=0)                   0.000    10.775    HDMI_CK_N
    AC12                                                              r  HDMI_CK_N (OUT)
  -------------------------------------------------------------------    -------------------

Slack:                    inf
  Source:                 design_1_i/HDMI_TX_0/U0/i_wrap/TMDS_3/i_ODDRE_P/CLK
                            (falling edge-triggered cell OSERDESE3 clocked by clk125_design_1_clk_wiz_0_0  {rise@0.000ns fall@4.000ns period=8.000ns})
  Destination:            HDMI_CK_P
                            (output port)
  Path Group:             (none)
  Path Type:              Max at Slow Process Corner
  Data Path Delay:        3.604ns  (logic 3.601ns (99.917%)  route 0.003ns (0.083%))
  Logic Levels:           1  (OBUF=1)
  Clock Uncertainty:      0.144ns  ((TSJ^2 + DJ^2)^1/2) / 2 + PE
    Total System Jitter     (TSJ):    0.050ns
    Discrete Jitter          (DJ):    0.108ns
    Phase Error              (PE):    0.085ns
  Clock Net Delay (Source):      1.855ns (routing 1.034ns, distribution 0.821ns)

    Location             Delay type                Incr(ns)  Path(ns)    Netlist Resource(s)
  -------------------------------------------------------------------    -------------------
                         (clock clk125_design_1_clk_wiz_0_0 fall edge)
                                                      4.000     4.000 f  
    D7                                                0.000     4.000 f  clk_100mhz_clk_p (IN)
                         net (fo=0)                   0.100     4.100    design_1_i/clk_wiz_0/inst/clkin1_ibufds/I
    HPIOBDIFFINBUF_X0Y60 DIFFINBUF (Prop_DIFFINBUF_HPIOBDIFFINBUF_DIFF_IN_P_O)
                                                      0.629     4.729 f  design_1_i/clk_wiz_0/inst/clkin1_ibufds/DIFFINBUF_INST/O
                         net (fo=1, routed)           0.050     4.779    design_1_i/clk_wiz_0/inst/clkin1_ibufds/OUT
    D7                   IBUFCTRL (Prop_IBUFCTRL_HPIOB_M_I_O)
                                                      0.000     4.779 f  design_1_i/clk_wiz_0/inst/clkin1_ibufds/IBUFCTRL_INST/O
                         net (fo=1, routed)           0.384     5.163    design_1_i/clk_wiz_0/inst/clk_in1_design_1_clk_wiz_0_0
    MMCM_X0Y2            MMCME4_ADV (Prop_MMCM_CLKIN1_CLKOUT1)
                                                     -0.127     5.036 f  design_1_i/clk_wiz_0/inst/mmcme4_adv_inst/CLKOUT1
                         net (fo=1, routed)           0.250     5.286    design_1_i/clk_wiz_0/inst/clk125_design_1_clk_wiz_0_0
    BUFGCE_X0Y54         BUFGCE (Prop_BUFCE_BUFGCE_I_O)
                                                      0.028     5.314 f  design_1_i/clk_wiz_0/inst/clkout2_buf/O
    X1Y0 (CLOCK_ROOT)    net (fo=53, routed)          1.855     7.169    design_1_i/HDMI_TX_0/U0/i_wrap/pxClkX5
    HDIOLOGIC_S_X1Y5     OSERDESE3                                    f  design_1_i/HDMI_TX_0/U0/i_wrap/TMDS_3/i_ODDRE_P/CLK
  -------------------------------------------------------------------    -------------------
    HDIOLOGIC_S_X1Y5     OSERDESE3 (Prop_OPTFF_HDIOLOGIC_S_CLK_OQ)
                                                      0.819     7.988 r  design_1_i/HDMI_TX_0/U0/i_wrap/TMDS_3/i_ODDRE_P/OQ
                         net (fo=1, routed)           0.003     7.991    HDMI_CK_P_OBUF
    AD12                 OBUF (Prop_OUTBUF_HDIOB_S_I_O)
                                                      2.782    10.774 r  HDMI_CK_P_OBUF_inst/O
                         net (fo=0)                   0.000    10.774    HDMI_CK_P
    AD12                                                              r  HDMI_CK_P (OUT)
  -------------------------------------------------------------------    -------------------





Min Delay Paths
--------------------------------------------------------------------------------------
Slack:                    inf
  Source:                 design_1_i/HDMI_TX_0/U0/i_wrap/TMDS_3/i_ODDRE_P/CLK
                            (rising edge-triggered cell OSERDESE3 clocked by clk125_design_1_clk_wiz_0_0  {rise@0.000ns fall@4.000ns period=8.000ns})
  Destination:            HDMI_CK_P
                            (output port)
  Path Group:             (none)
  Path Type:              Min at Fast Process Corner
  Data Path Delay:        1.609ns  (logic 1.607ns (99.876%)  route 0.002ns (0.124%))
  Logic Levels:           1  (OBUF=1)
  Clock Uncertainty:      0.144ns  ((TSJ^2 + DJ^2)^1/2) / 2 + PE
    Total System Jitter     (TSJ):    0.050ns
    Discrete Jitter          (DJ):    0.108ns
    Phase Error              (PE):    0.085ns
  Clock Net Delay (Source):      1.034ns (routing 0.568ns, distribution 0.466ns)

    Location             Delay type                Incr(ns)  Path(ns)    Netlist Resource(s)
  -------------------------------------------------------------------    -------------------
                         (clock clk125_design_1_clk_wiz_0_0 rise edge)
                                                      0.000     0.000 r  
    D7                                                0.000     0.000 r  clk_100mhz_clk_p (IN)
                         net (fo=0)                   0.079     0.079    design_1_i/clk_wiz_0/inst/clkin1_ibufds/I
    HPIOBDIFFINBUF_X0Y60 DIFFINBUF (Prop_DIFFINBUF_HPIOBDIFFINBUF_DIFF_IN_P_O)
                                                      0.295     0.374 r  design_1_i/clk_wiz_0/inst/clkin1_ibufds/DIFFINBUF_INST/O
                         net (fo=1, routed)           0.040     0.414    design_1_i/clk_wiz_0/inst/clkin1_ibufds/OUT
    D7                   IBUFCTRL (Prop_IBUFCTRL_HPIOB_M_I_O)
                                                      0.000     0.414 r  design_1_i/clk_wiz_0/inst/clkin1_ibufds/IBUFCTRL_INST/O
                         net (fo=1, routed)           0.196     0.610    design_1_i/clk_wiz_0/inst/clk_in1_design_1_clk_wiz_0_0
    MMCM_X0Y2            MMCME4_ADV (Prop_MMCM_CLKIN1_CLKOUT1)
                                                      0.230     0.840 r  design_1_i/clk_wiz_0/inst/mmcme4_adv_inst/CLKOUT1
                         net (fo=1, routed)           0.149     0.989    design_1_i/clk_wiz_0/inst/clk125_design_1_clk_wiz_0_0
    BUFGCE_X0Y54         BUFGCE (Prop_BUFCE_BUFGCE_I_O)
                                                      0.017     1.006 r  design_1_i/clk_wiz_0/inst/clkout2_buf/O
    X1Y0 (CLOCK_ROOT)    net (fo=53, routed)          1.034     2.040    design_1_i/HDMI_TX_0/U0/i_wrap/pxClkX5
    HDIOLOGIC_S_X1Y5     OSERDESE3                                    r  design_1_i/HDMI_TX_0/U0/i_wrap/TMDS_3/i_ODDRE_P/CLK
  -------------------------------------------------------------------    -------------------
    HDIOLOGIC_S_X1Y5     OSERDESE3 (Prop_OPTFF_HDIOLOGIC_S_CLK_OQ)
                                                      0.168     2.208 r  design_1_i/HDMI_TX_0/U0/i_wrap/TMDS_3/i_ODDRE_P/OQ
                         net (fo=1, routed)           0.002     2.210    HDMI_CK_P_OBUF
    AD12                 OBUF (Prop_OUTBUF_HDIOB_S_I_O)
                                                      1.439     3.649 r  HDMI_CK_P_OBUF_inst/O
                         net (fo=0)                   0.000     3.649    HDMI_CK_P
    AD12                                                              r  HDMI_CK_P (OUT)
  -------------------------------------------------------------------    -------------------

Slack:                    inf
  Source:                 design_1_i/HDMI_TX_0/U0/i_wrap/TMDS_3/i_ODDRE_N/CLK
                            (rising edge-triggered cell OSERDESE3 clocked by clk125_design_1_clk_wiz_0_0  {rise@0.000ns fall@4.000ns period=8.000ns})
  Destination:            HDMI_CK_N
                            (output port)
  Path Group:             (none)
  Path Type:              Min at Fast Process Corner
  Data Path Delay:        1.615ns  (logic 1.613ns (99.876%)  route 0.002ns (0.124%))
  Logic Levels:           1  (OBUF=1)
  Clock Uncertainty:      0.144ns  ((TSJ^2 + DJ^2)^1/2) / 2 + PE
    Total System Jitter     (TSJ):    0.050ns
    Discrete Jitter          (DJ):    0.108ns
    Phase Error              (PE):    0.085ns
  Clock Net Delay (Source):      1.036ns (routing 0.568ns, distribution 0.468ns)

    Location             Delay type                Incr(ns)  Path(ns)    Netlist Resource(s)
  -------------------------------------------------------------------    -------------------
                         (clock clk125_design_1_clk_wiz_0_0 rise edge)
                                                      0.000     0.000 r  
    D7                                                0.000     0.000 r  clk_100mhz_clk_p (IN)
                         net (fo=0)                   0.079     0.079    design_1_i/clk_wiz_0/inst/clkin1_ibufds/I
    HPIOBDIFFINBUF_X0Y60 DIFFINBUF (Prop_DIFFINBUF_HPIOBDIFFINBUF_DIFF_IN_P_O)
                                                      0.295     0.374 r  design_1_i/clk_wiz_0/inst/clkin1_ibufds/DIFFINBUF_INST/O
                         net (fo=1, routed)           0.040     0.414    design_1_i/clk_wiz_0/inst/clkin1_ibufds/OUT
    D7                   IBUFCTRL (Prop_IBUFCTRL_HPIOB_M_I_O)
                                                      0.000     0.414 r  design_1_i/clk_wiz_0/inst/clkin1_ibufds/IBUFCTRL_INST/O
                         net (fo=1, routed)           0.196     0.610    design_1_i/clk_wiz_0/inst/clk_in1_design_1_clk_wiz_0_0
    MMCM_X0Y2            MMCME4_ADV (Prop_MMCM_CLKIN1_CLKOUT1)
                                                      0.230     0.840 r  design_1_i/clk_wiz_0/inst/mmcme4_adv_inst/CLKOUT1
                         net (fo=1, routed)           0.149     0.989    design_1_i/clk_wiz_0/inst/clk125_design_1_clk_wiz_0_0
    BUFGCE_X0Y54         BUFGCE (Prop_BUFCE_BUFGCE_I_O)
                                                      0.017     1.006 r  design_1_i/clk_wiz_0/inst/clkout2_buf/O
    X1Y0 (CLOCK_ROOT)    net (fo=53, routed)          1.036     2.042    design_1_i/HDMI_TX_0/U0/i_wrap/pxClkX5
    HDIOLOGIC_M_X1Y5     OSERDESE3                                    r  design_1_i/HDMI_TX_0/U0/i_wrap/TMDS_3/i_ODDRE_N/CLK
  -------------------------------------------------------------------    -------------------
    HDIOLOGIC_M_X1Y5     OSERDESE3 (Prop_OPTFF_HDIOLOGIC_M_CLK_OQ)
                                                      0.175     2.217 r  design_1_i/HDMI_TX_0/U0/i_wrap/TMDS_3/i_ODDRE_N/OQ
                         net (fo=1, routed)           0.002     2.219    HDMI_CK_N_OBUF
    AC12                 OBUF (Prop_OUTBUF_HDIOB_M_I_O)
                                                      1.438     3.658 r  HDMI_CK_N_OBUF_inst/O
                         net (fo=0)                   0.000     3.658    HDMI_CK_N
    AC12                                                              r  HDMI_CK_N (OUT)
  -------------------------------------------------------------------    -------------------

Slack:                    inf
  Source:                 design_1_i/HDMI_TX_0/U0/i_wrap/TMDS_0/i_ODDRE_P/CLK
                            (rising edge-triggered cell OSERDESE3 clocked by clk125_design_1_clk_wiz_0_0  {rise@0.000ns fall@4.000ns period=8.000ns})
  Destination:            HDMI_D0_P
                            (output port)
  Path Group:             (none)
  Path Type:              Min at Fast Process Corner
  Data Path Delay:        1.615ns  (logic 1.613ns (99.876%)  route 0.002ns (0.124%))
  Logic Levels:           1  (OBUF=1)
  Clock Uncertainty:      0.144ns  ((TSJ^2 + DJ^2)^1/2) / 2 + PE
    Total System Jitter     (TSJ):    0.050ns
    Discrete Jitter          (DJ):    0.108ns
    Phase Error              (PE):    0.085ns
  Clock Net Delay (Source):      1.040ns (routing 0.568ns, distribution 0.472ns)

    Location             Delay type                Incr(ns)  Path(ns)    Netlist Resource(s)
  -------------------------------------------------------------------    -------------------
                         (clock clk125_design_1_clk_wiz_0_0 rise edge)
                                                      0.000     0.000 r  
    D7                                                0.000     0.000 r  clk_100mhz_clk_p (IN)
                         net (fo=0)                   0.079     0.079    design_1_i/clk_wiz_0/inst/clkin1_ibufds/I
    HPIOBDIFFINBUF_X0Y60 DIFFINBUF (Prop_DIFFINBUF_HPIOBDIFFINBUF_DIFF_IN_P_O)
                                                      0.295     0.374 r  design_1_i/clk_wiz_0/inst/clkin1_ibufds/DIFFINBUF_INST/O
                         net (fo=1, routed)           0.040     0.414    design_1_i/clk_wiz_0/inst/clkin1_ibufds/OUT
    D7                   IBUFCTRL (Prop_IBUFCTRL_HPIOB_M_I_O)
                                                      0.000     0.414 r  design_1_i/clk_wiz_0/inst/clkin1_ibufds/IBUFCTRL_INST/O
                         net (fo=1, routed)           0.196     0.610    design_1_i/clk_wiz_0/inst/clk_in1_design_1_clk_wiz_0_0
    MMCM_X0Y2            MMCME4_ADV (Prop_MMCM_CLKIN1_CLKOUT1)
                                                      0.230     0.840 r  design_1_i/clk_wiz_0/inst/mmcme4_adv_inst/CLKOUT1
                         net (fo=1, routed)           0.149     0.989    design_1_i/clk_wiz_0/inst/clk125_design_1_clk_wiz_0_0
    BUFGCE_X0Y54         BUFGCE (Prop_BUFCE_BUFGCE_I_O)
                                                      0.017     1.006 r  design_1_i/clk_wiz_0/inst/clkout2_buf/O
    X1Y0 (CLOCK_ROOT)    net (fo=53, routed)          1.040     2.046    design_1_i/HDMI_TX_0/U0/i_wrap/pxClkX5
    HDIOLOGIC_S_X1Y3     OSERDESE3                                    r  design_1_i/HDMI_TX_0/U0/i_wrap/TMDS_0/i_ODDRE_P/CLK
  -------------------------------------------------------------------    -------------------
    HDIOLOGIC_S_X1Y3     OSERDESE3 (Prop_OPTFF_HDIOLOGIC_S_CLK_OQ)
                                                      0.168     2.214 r  design_1_i/HDMI_TX_0/U0/i_wrap/TMDS_0/i_ODDRE_P/OQ
                         net (fo=1, routed)           0.002     2.216    HDMI_D0_P_OBUF
    AF10                 OBUF (Prop_OUTBUF_HDIOB_S_I_O)
                                                      1.445     3.661 r  HDMI_D0_P_OBUF_inst/O
                         net (fo=0)                   0.000     3.661    HDMI_D0_P
    AF10                                                              r  HDMI_D0_P (OUT)
  -------------------------------------------------------------------    -------------------

Slack:                    inf
  Source:                 design_1_i/HDMI_TX_0/U0/i_wrap/TMDS_2/i_ODDRE_N/CLK
                            (rising edge-triggered cell OSERDESE3 clocked by clk125_design_1_clk_wiz_0_0  {rise@0.000ns fall@4.000ns period=8.000ns})
  Destination:            HDMI_D2_N
                            (output port)
  Path Group:             (none)
  Path Type:              Min at Fast Process Corner
  Data Path Delay:        1.612ns  (logic 1.610ns (99.876%)  route 0.002ns (0.124%))
  Logic Levels:           1  (OBUF=1)
  Clock Uncertainty:      0.144ns  ((TSJ^2 + DJ^2)^1/2) / 2 + PE
    Total System Jitter     (TSJ):    0.050ns
    Discrete Jitter          (DJ):    0.108ns
    Phase Error              (PE):    0.085ns
  Clock Net Delay (Source):      1.044ns (routing 0.568ns, distribution 0.476ns)

    Location             Delay type                Incr(ns)  Path(ns)    Netlist Resource(s)
  -------------------------------------------------------------------    -------------------
                         (clock clk125_design_1_clk_wiz_0_0 rise edge)
                                                      0.000     0.000 r  
    D7                                                0.000     0.000 r  clk_100mhz_clk_p (IN)
                         net (fo=0)                   0.079     0.079    design_1_i/clk_wiz_0/inst/clkin1_ibufds/I
    HPIOBDIFFINBUF_X0Y60 DIFFINBUF (Prop_DIFFINBUF_HPIOBDIFFINBUF_DIFF_IN_P_O)
                                                      0.295     0.374 r  design_1_i/clk_wiz_0/inst/clkin1_ibufds/DIFFINBUF_INST/O
                         net (fo=1, routed)           0.040     0.414    design_1_i/clk_wiz_0/inst/clkin1_ibufds/OUT
    D7                   IBUFCTRL (Prop_IBUFCTRL_HPIOB_M_I_O)
                                                      0.000     0.414 r  design_1_i/clk_wiz_0/inst/clkin1_ibufds/IBUFCTRL_INST/O
                         net (fo=1, routed)           0.196     0.610    design_1_i/clk_wiz_0/inst/clk_in1_design_1_clk_wiz_0_0
    MMCM_X0Y2            MMCME4_ADV (Prop_MMCM_CLKIN1_CLKOUT1)
                                                      0.230     0.840 r  design_1_i/clk_wiz_0/inst/mmcme4_adv_inst/CLKOUT1
                         net (fo=1, routed)           0.149     0.989    design_1_i/clk_wiz_0/inst/clk125_design_1_clk_wiz_0_0
    BUFGCE_X0Y54         BUFGCE (Prop_BUFCE_BUFGCE_I_O)
                                                      0.017     1.006 r  design_1_i/clk_wiz_0/inst/clkout2_buf/O
    X1Y0 (CLOCK_ROOT)    net (fo=53, routed)          1.044     2.050    design_1_i/HDMI_TX_0/U0/i_wrap/pxClkX5
    HDIOLOGIC_S_X1Y1     OSERDESE3                                    r  design_1_i/HDMI_TX_0/U0/i_wrap/TMDS_2/i_ODDRE_N/CLK
  -------------------------------------------------------------------    -------------------
    HDIOLOGIC_S_X1Y1     OSERDESE3 (Prop_OPTFF_HDIOLOGIC_S_CLK_OQ)
                                                      0.168     2.218 r  design_1_i/HDMI_TX_0/U0/i_wrap/TMDS_2/i_ODDRE_N/OQ
                         net (fo=1, routed)           0.002     2.220    HDMI_D2_N_OBUF
    AG11                 OBUF (Prop_OUTBUF_HDIOB_S_I_O)
                                                      1.442     3.662 r  HDMI_D2_N_OBUF_inst/O
                         net (fo=0)                   0.000     3.662    HDMI_D2_N
    AG11                                                              r  HDMI_D2_N (OUT)
  -------------------------------------------------------------------    -------------------

Slack:                    inf
  Source:                 design_1_i/HDMI_TX_0/U0/i_wrap/TMDS_0/i_ODDRE_N/CLK
                            (rising edge-triggered cell OSERDESE3 clocked by clk125_design_1_clk_wiz_0_0  {rise@0.000ns fall@4.000ns period=8.000ns})
  Destination:            HDMI_D0_N
                            (output port)
  Path Group:             (none)
  Path Type:              Min at Fast Process Corner
  Data Path Delay:        1.622ns  (logic 1.620ns (99.877%)  route 0.002ns (0.123%))
  Logic Levels:           1  (OBUF=1)
  Clock Uncertainty:      0.144ns  ((TSJ^2 + DJ^2)^1/2) / 2 + PE
    Total System Jitter     (TSJ):    0.050ns
    Discrete Jitter          (DJ):    0.108ns
    Phase Error              (PE):    0.085ns
  Clock Net Delay (Source):      1.041ns (routing 0.568ns, distribution 0.473ns)

    Location             Delay type                Incr(ns)  Path(ns)    Netlist Resource(s)
  -------------------------------------------------------------------    -------------------
                         (clock clk125_design_1_clk_wiz_0_0 rise edge)
                                                      0.000     0.000 r  
    D7                                                0.000     0.000 r  clk_100mhz_clk_p (IN)
                         net (fo=0)                   0.079     0.079    design_1_i/clk_wiz_0/inst/clkin1_ibufds/I
    HPIOBDIFFINBUF_X0Y60 DIFFINBUF (Prop_DIFFINBUF_HPIOBDIFFINBUF_DIFF_IN_P_O)
                                                      0.295     0.374 r  design_1_i/clk_wiz_0/inst/clkin1_ibufds/DIFFINBUF_INST/O
                         net (fo=1, routed)           0.040     0.414    design_1_i/clk_wiz_0/inst/clkin1_ibufds/OUT
    D7                   IBUFCTRL (Prop_IBUFCTRL_HPIOB_M_I_O)
                                                      0.000     0.414 r  design_1_i/clk_wiz_0/inst/clkin1_ibufds/IBUFCTRL_INST/O
                         net (fo=1, routed)           0.196     0.610    design_1_i/clk_wiz_0/inst/clk_in1_design_1_clk_wiz_0_0
    MMCM_X0Y2            MMCME4_ADV (Prop_MMCM_CLKIN1_CLKOUT1)
                                                      0.230     0.840 r  design_1_i/clk_wiz_0/inst/mmcme4_adv_inst/CLKOUT1
                         net (fo=1, routed)           0.149     0.989    design_1_i/clk_wiz_0/inst/clk125_design_1_clk_wiz_0_0
    BUFGCE_X0Y54         BUFGCE (Prop_BUFCE_BUFGCE_I_O)
                                                      0.017     1.006 r  design_1_i/clk_wiz_0/inst/clkout2_buf/O
    X1Y0 (CLOCK_ROOT)    net (fo=53, routed)          1.041     2.047    design_1_i/HDMI_TX_0/U0/i_wrap/pxClkX5
    HDIOLOGIC_M_X1Y3     OSERDESE3                                    r  design_1_i/HDMI_TX_0/U0/i_wrap/TMDS_0/i_ODDRE_N/CLK
  -------------------------------------------------------------------    -------------------
    HDIOLOGIC_M_X1Y3     OSERDESE3 (Prop_OPTFF_HDIOLOGIC_M_CLK_OQ)
                                                      0.175     2.222 r  design_1_i/HDMI_TX_0/U0/i_wrap/TMDS_0/i_ODDRE_N/OQ
                         net (fo=1, routed)           0.002     2.224    HDMI_D0_N_OBUF
    AE10                 OBUF (Prop_OUTBUF_HDIOB_M_I_O)
                                                      1.445     3.669 r  HDMI_D0_N_OBUF_inst/O
                         net (fo=0)                   0.000     3.669    HDMI_D0_N
    AE10                                                              r  HDMI_D0_N (OUT)
  -------------------------------------------------------------------    -------------------

Slack:                    inf
  Source:                 design_1_i/HDMI_TX_0/U0/i_wrap/TMDS_1/i_ODDRE_P/CLK
                            (rising edge-triggered cell OSERDESE3 clocked by clk125_design_1_clk_wiz_0_0  {rise@0.000ns fall@4.000ns period=8.000ns})
  Destination:            HDMI_D1_P
                            (output port)
  Path Group:             (none)
  Path Type:              Min at Fast Process Corner
  Data Path Delay:        1.622ns  (logic 1.620ns (99.877%)  route 0.002ns (0.123%))
  Logic Levels:           1  (OBUF=1)
  Clock Uncertainty:      0.144ns  ((TSJ^2 + DJ^2)^1/2) / 2 + PE
    Total System Jitter     (TSJ):    0.050ns
    Discrete Jitter          (DJ):    0.108ns
    Phase Error              (PE):    0.085ns
  Clock Net Delay (Source):      1.042ns (routing 0.568ns, distribution 0.474ns)

    Location             Delay type                Incr(ns)  Path(ns)    Netlist Resource(s)
  -------------------------------------------------------------------    -------------------
                         (clock clk125_design_1_clk_wiz_0_0 rise edge)
                                                      0.000     0.000 r  
    D7                                                0.000     0.000 r  clk_100mhz_clk_p (IN)
                         net (fo=0)                   0.079     0.079    design_1_i/clk_wiz_0/inst/clkin1_ibufds/I
    HPIOBDIFFINBUF_X0Y60 DIFFINBUF (Prop_DIFFINBUF_HPIOBDIFFINBUF_DIFF_IN_P_O)
                                                      0.295     0.374 r  design_1_i/clk_wiz_0/inst/clkin1_ibufds/DIFFINBUF_INST/O
                         net (fo=1, routed)           0.040     0.414    design_1_i/clk_wiz_0/inst/clkin1_ibufds/OUT
    D7                   IBUFCTRL (Prop_IBUFCTRL_HPIOB_M_I_O)
                                                      0.000     0.414 r  design_1_i/clk_wiz_0/inst/clkin1_ibufds/IBUFCTRL_INST/O
                         net (fo=1, routed)           0.196     0.610    design_1_i/clk_wiz_0/inst/clk_in1_design_1_clk_wiz_0_0
    MMCM_X0Y2            MMCME4_ADV (Prop_MMCM_CLKIN1_CLKOUT1)
                                                      0.230     0.840 r  design_1_i/clk_wiz_0/inst/mmcme4_adv_inst/CLKOUT1
                         net (fo=1, routed)           0.149     0.989    design_1_i/clk_wiz_0/inst/clk125_design_1_clk_wiz_0_0
    BUFGCE_X0Y54         BUFGCE (Prop_BUFCE_BUFGCE_I_O)
                                                      0.017     1.006 r  design_1_i/clk_wiz_0/inst/clkout2_buf/O
    X1Y0 (CLOCK_ROOT)    net (fo=53, routed)          1.042     2.048    design_1_i/HDMI_TX_0/U0/i_wrap/pxClkX5
    HDIOLOGIC_S_X1Y2     OSERDESE3                                    r  design_1_i/HDMI_TX_0/U0/i_wrap/TMDS_1/i_ODDRE_P/CLK
  -------------------------------------------------------------------    -------------------
    HDIOLOGIC_S_X1Y2     OSERDESE3 (Prop_OPTFF_HDIOLOGIC_S_CLK_OQ)
                                                      0.168     2.216 r  design_1_i/HDMI_TX_0/U0/i_wrap/TMDS_1/i_ODDRE_P/OQ
                         net (fo=1, routed)           0.002     2.218    HDMI_D1_P_OBUF
    AH11                 OBUF (Prop_OUTBUF_HDIOB_S_I_O)
                                                      1.452     3.671 r  HDMI_D1_P_OBUF_inst/O
                         net (fo=0)                   0.000     3.671    HDMI_D1_P
    AH11                                                              r  HDMI_D1_P (OUT)
  -------------------------------------------------------------------    -------------------

Slack:                    inf
  Source:                 design_1_i/HDMI_TX_0/U0/i_wrap/TMDS_2/i_ODDRE_P/CLK
                            (rising edge-triggered cell OSERDESE3 clocked by clk125_design_1_clk_wiz_0_0  {rise@0.000ns fall@4.000ns period=8.000ns})
  Destination:            HDMI_D2_P
                            (output port)
  Path Group:             (none)
  Path Type:              Min at Fast Process Corner
  Data Path Delay:        1.619ns  (logic 1.617ns (99.876%)  route 0.002ns (0.124%))
  Logic Levels:           1  (OBUF=1)
  Clock Uncertainty:      0.144ns  ((TSJ^2 + DJ^2)^1/2) / 2 + PE
    Total System Jitter     (TSJ):    0.050ns
    Discrete Jitter          (DJ):    0.108ns
    Phase Error              (PE):    0.085ns
  Clock Net Delay (Source):      1.048ns (routing 0.568ns, distribution 0.480ns)

    Location             Delay type                Incr(ns)  Path(ns)    Netlist Resource(s)
  -------------------------------------------------------------------    -------------------
                         (clock clk125_design_1_clk_wiz_0_0 rise edge)
                                                      0.000     0.000 r  
    D7                                                0.000     0.000 r  clk_100mhz_clk_p (IN)
                         net (fo=0)                   0.079     0.079    design_1_i/clk_wiz_0/inst/clkin1_ibufds/I
    HPIOBDIFFINBUF_X0Y60 DIFFINBUF (Prop_DIFFINBUF_HPIOBDIFFINBUF_DIFF_IN_P_O)
                                                      0.295     0.374 r  design_1_i/clk_wiz_0/inst/clkin1_ibufds/DIFFINBUF_INST/O
                         net (fo=1, routed)           0.040     0.414    design_1_i/clk_wiz_0/inst/clkin1_ibufds/OUT
    D7                   IBUFCTRL (Prop_IBUFCTRL_HPIOB_M_I_O)
                                                      0.000     0.414 r  design_1_i/clk_wiz_0/inst/clkin1_ibufds/IBUFCTRL_INST/O
                         net (fo=1, routed)           0.196     0.610    design_1_i/clk_wiz_0/inst/clk_in1_design_1_clk_wiz_0_0
    MMCM_X0Y2            MMCME4_ADV (Prop_MMCM_CLKIN1_CLKOUT1)
                                                      0.230     0.840 r  design_1_i/clk_wiz_0/inst/mmcme4_adv_inst/CLKOUT1
                         net (fo=1, routed)           0.149     0.989    design_1_i/clk_wiz_0/inst/clk125_design_1_clk_wiz_0_0
    BUFGCE_X0Y54         BUFGCE (Prop_BUFCE_BUFGCE_I_O)
                                                      0.017     1.006 r  design_1_i/clk_wiz_0/inst/clkout2_buf/O
    X1Y0 (CLOCK_ROOT)    net (fo=53, routed)          1.048     2.054    design_1_i/HDMI_TX_0/U0/i_wrap/pxClkX5
    HDIOLOGIC_M_X1Y1     OSERDESE3                                    r  design_1_i/HDMI_TX_0/U0/i_wrap/TMDS_2/i_ODDRE_P/CLK
  -------------------------------------------------------------------    -------------------
    HDIOLOGIC_M_X1Y1     OSERDESE3 (Prop_OPTFF_HDIOLOGIC_M_CLK_OQ)
                                                      0.175     2.229 r  design_1_i/HDMI_TX_0/U0/i_wrap/TMDS_2/i_ODDRE_P/OQ
                         net (fo=1, routed)           0.002     2.231    HDMI_D2_P_OBUF
    AF11                 OBUF (Prop_OUTBUF_HDIOB_M_I_O)
                                                      1.442     3.673 r  HDMI_D2_P_OBUF_inst/O
                         net (fo=0)                   0.000     3.673    HDMI_D2_P
    AF11                                                              r  HDMI_D2_P (OUT)
  -------------------------------------------------------------------    -------------------

Slack:                    inf
  Source:                 design_1_i/HDMI_TX_0/U0/i_wrap/TMDS_1/i_ODDRE_N/CLK
                            (rising edge-triggered cell OSERDESE3 clocked by clk125_design_1_clk_wiz_0_0  {rise@0.000ns fall@4.000ns period=8.000ns})
  Destination:            HDMI_D1_N
                            (output port)
  Path Group:             (none)
  Path Type:              Min at Fast Process Corner
  Data Path Delay:        1.629ns  (logic 1.627ns (99.877%)  route 0.002ns (0.123%))
  Logic Levels:           1  (OBUF=1)
  Clock Uncertainty:      0.144ns  ((TSJ^2 + DJ^2)^1/2) / 2 + PE
    Total System Jitter     (TSJ):    0.050ns
    Discrete Jitter          (DJ):    0.108ns
    Phase Error              (PE):    0.085ns
  Clock Net Delay (Source):      1.043ns (routing 0.568ns, distribution 0.475ns)

    Location             Delay type                Incr(ns)  Path(ns)    Netlist Resource(s)
  -------------------------------------------------------------------    -------------------
                         (clock clk125_design_1_clk_wiz_0_0 rise edge)
                                                      0.000     0.000 r  
    D7                                                0.000     0.000 r  clk_100mhz_clk_p (IN)
                         net (fo=0)                   0.079     0.079    design_1_i/clk_wiz_0/inst/clkin1_ibufds/I
    HPIOBDIFFINBUF_X0Y60 DIFFINBUF (Prop_DIFFINBUF_HPIOBDIFFINBUF_DIFF_IN_P_O)
                                                      0.295     0.374 r  design_1_i/clk_wiz_0/inst/clkin1_ibufds/DIFFINBUF_INST/O
                         net (fo=1, routed)           0.040     0.414    design_1_i/clk_wiz_0/inst/clkin1_ibufds/OUT
    D7                   IBUFCTRL (Prop_IBUFCTRL_HPIOB_M_I_O)
                                                      0.000     0.414 r  design_1_i/clk_wiz_0/inst/clkin1_ibufds/IBUFCTRL_INST/O
                         net (fo=1, routed)           0.196     0.610    design_1_i/clk_wiz_0/inst/clk_in1_design_1_clk_wiz_0_0
    MMCM_X0Y2            MMCME4_ADV (Prop_MMCM_CLKIN1_CLKOUT1)
                                                      0.230     0.840 r  design_1_i/clk_wiz_0/inst/mmcme4_adv_inst/CLKOUT1
                         net (fo=1, routed)           0.149     0.989    design_1_i/clk_wiz_0/inst/clk125_design_1_clk_wiz_0_0
    BUFGCE_X0Y54         BUFGCE (Prop_BUFCE_BUFGCE_I_O)
                                                      0.017     1.006 r  design_1_i/clk_wiz_0/inst/clkout2_buf/O
    X1Y0 (CLOCK_ROOT)    net (fo=53, routed)          1.043     2.049    design_1_i/HDMI_TX_0/U0/i_wrap/pxClkX5
    HDIOLOGIC_M_X1Y2     OSERDESE3                                    r  design_1_i/HDMI_TX_0/U0/i_wrap/TMDS_1/i_ODDRE_N/CLK
  -------------------------------------------------------------------    -------------------
    HDIOLOGIC_M_X1Y2     OSERDESE3 (Prop_OPTFF_HDIOLOGIC_M_CLK_OQ)
                                                      0.175     2.224 r  design_1_i/HDMI_TX_0/U0/i_wrap/TMDS_1/i_ODDRE_N/OQ
                         net (fo=1, routed)           0.002     2.226    HDMI_D1_N_OBUF
    AH12                 OBUF (Prop_OUTBUF_HDIOB_M_I_O)
                                                      1.452     3.678 r  HDMI_D1_N_OBUF_inst/O
                         net (fo=0)                   0.000     3.678    HDMI_D1_N
    AH12                                                              r  HDMI_D1_N (OUT)
  -------------------------------------------------------------------    -------------------





--------------------------------------------------------------------------------------
Path Group:  (none)
From Clock:  clk25_design_1_clk_wiz_0_0
  To Clock:  

Max Delay           260 Endpoints
Min Delay           260 Endpoints
--------------------------------------------------------------------------------------


Max Delay Paths
--------------------------------------------------------------------------------------
Slack:                    inf
  Source:                 design_1_i/VideoTiming_0/inst/VSync_reg/C
                            (rising edge-triggered cell FDRE clocked by clk25_design_1_clk_wiz_0_0  {rise@0.000ns fall@20.000ns period=40.000ns})
  Destination:            design_1_i/EnemyController_0/inst/enemies_reg[23][R][7]/CE
  Path Group:             (none)
  Path Type:              Max at Slow Process Corner
  Data Path Delay:        2.574ns  (logic 0.180ns (6.993%)  route 2.394ns (93.007%))
  Logic Levels:           1  (LUT6=1)
  Clock Uncertainty:      0.163ns  ((TSJ^2 + DJ^2)^1/2) / 2 + PE
    Total System Jitter     (TSJ):    0.050ns
    Discrete Jitter          (DJ):    0.148ns
    Phase Error              (PE):    0.085ns
  Clock Net Delay (Source):      2.048ns (routing 1.172ns, distribution 0.876ns)

    Location             Delay type                Incr(ns)  Path(ns)    Netlist Resource(s)
  -------------------------------------------------------------------    -------------------
                         (clock clk25_design_1_clk_wiz_0_0 rise edge)
                                                      0.000     0.000 r  
    D7                                                0.000     0.000 r  clk_100mhz_clk_p (IN)
                         net (fo=0)                   0.100     0.100    design_1_i/clk_wiz_0/inst/clkin1_ibufds/I
    HPIOBDIFFINBUF_X0Y60 DIFFINBUF (Prop_DIFFINBUF_HPIOBDIFFINBUF_DIFF_IN_P_O)
                                                      0.629     0.729 r  design_1_i/clk_wiz_0/inst/clkin1_ibufds/DIFFINBUF_INST/O
                         net (fo=1, routed)           0.050     0.779    design_1_i/clk_wiz_0/inst/clkin1_ibufds/OUT
    D7                   IBUFCTRL (Prop_IBUFCTRL_HPIOB_M_I_O)
                                                      0.000     0.779 r  design_1_i/clk_wiz_0/inst/clkin1_ibufds/IBUFCTRL_INST/O
                         net (fo=1, routed)           0.384     1.163    design_1_i/clk_wiz_0/inst/clk_in1_design_1_clk_wiz_0_0
    MMCM_X0Y2            MMCME4_ADV (Prop_MMCM_CLKIN1_CLKOUT0)
                                                     -0.127     1.036 r  design_1_i/clk_wiz_0/inst/mmcme4_adv_inst/CLKOUT0
                         net (fo=1, routed)           0.244     1.280    design_1_i/clk_wiz_0/inst/clk25_design_1_clk_wiz_0_0
    BUFGCE_X0Y68         BUFGCE (Prop_BUFCE_BUFGCE_I_O)
                                                      0.028     1.308 r  design_1_i/clk_wiz_0/inst/clkout1_buf/O
    X0Y0 (CLOCK_ROOT)    net (fo=99, routed)          2.048     3.356    design_1_i/VideoTiming_0/inst/pixClk
    SLICE_X32Y22         FDRE                                         r  design_1_i/VideoTiming_0/inst/VSync_reg/C
  -------------------------------------------------------------------    -------------------
    SLICE_X32Y22         FDRE (Prop_DFF_SLICEL_C_Q)
                                                      0.079     3.435 r  design_1_i/VideoTiming_0/inst/VSync_reg/Q
                         net (fo=67, routed)          1.587     5.022    design_1_i/EnemyController_0/inst/FrameTick
    SLICE_X34Y51         LUT6 (Prop_H6LUT_SLICEM_I0_O)
                                                      0.101     5.123 r  design_1_i/EnemyController_0/inst/enemies[23][R][9]_i_1/O
                         net (fo=9, routed)           0.807     5.930    design_1_i/EnemyController_0/inst/enemies[23][R]
    SLICE_X36Y53         FDCE                                         r  design_1_i/EnemyController_0/inst/enemies_reg[23][R][7]/CE
  -------------------------------------------------------------------    -------------------

Slack:                    inf
  Source:                 design_1_i/GameController_0/inst/health_reg_reg[1]/C
                            (rising edge-triggered cell FDPE clocked by clk25_design_1_clk_wiz_0_0  {rise@0.000ns fall@20.000ns period=40.000ns})
  Destination:            PL_USER_LED[1]
                            (output port)
  Path Group:             (none)
  Path Type:              Max at Slow Process Corner
  Data Path Delay:        2.192ns  (logic 0.861ns (39.267%)  route 1.331ns (60.733%))
  Logic Levels:           1  (OBUF=1)
  Clock Uncertainty:      0.163ns  ((TSJ^2 + DJ^2)^1/2) / 2 + PE
    Total System Jitter     (TSJ):    0.050ns
    Discrete Jitter          (DJ):    0.148ns
    Phase Error              (PE):    0.085ns
  Clock Net Delay (Source):      2.144ns (routing 1.172ns, distribution 0.972ns)

    Location             Delay type                Incr(ns)  Path(ns)    Netlist Resource(s)
  -------------------------------------------------------------------    -------------------
                         (clock clk25_design_1_clk_wiz_0_0 rise edge)
                                                      0.000     0.000 r  
    D7                                                0.000     0.000 r  clk_100mhz_clk_p (IN)
                         net (fo=0)                   0.100     0.100    design_1_i/clk_wiz_0/inst/clkin1_ibufds/I
    HPIOBDIFFINBUF_X0Y60 DIFFINBUF (Prop_DIFFINBUF_HPIOBDIFFINBUF_DIFF_IN_P_O)
                                                      0.629     0.729 r  design_1_i/clk_wiz_0/inst/clkin1_ibufds/DIFFINBUF_INST/O
                         net (fo=1, routed)           0.050     0.779    design_1_i/clk_wiz_0/inst/clkin1_ibufds/OUT
    D7                   IBUFCTRL (Prop_IBUFCTRL_HPIOB_M_I_O)
                                                      0.000     0.779 r  design_1_i/clk_wiz_0/inst/clkin1_ibufds/IBUFCTRL_INST/O
                         net (fo=1, routed)           0.384     1.163    design_1_i/clk_wiz_0/inst/clk_in1_design_1_clk_wiz_0_0
    MMCM_X0Y2            MMCME4_ADV (Prop_MMCM_CLKIN1_CLKOUT0)
                                                     -0.127     1.036 r  design_1_i/clk_wiz_0/inst/mmcme4_adv_inst/CLKOUT0
                         net (fo=1, routed)           0.244     1.280    design_1_i/clk_wiz_0/inst/clk25_design_1_clk_wiz_0_0
    BUFGCE_X0Y68         BUFGCE (Prop_BUFCE_BUFGCE_I_O)
                                                      0.028     1.308 r  design_1_i/clk_wiz_0/inst/clkout1_buf/O
    X0Y0 (CLOCK_ROOT)    net (fo=99, routed)          2.144     3.452    design_1_i/GameController_0/inst/Clk
    SLICE_X48Y31         FDPE                                         r  design_1_i/GameController_0/inst/health_reg_reg[1]/C
  -------------------------------------------------------------------    -------------------
    SLICE_X48Y31         FDPE (Prop_DFF2_SLICEM_C_Q)
                                                      0.080     3.532 r  design_1_i/GameController_0/inst/health_reg_reg[1]/Q
                         net (fo=4, routed)           1.331     4.863    PL_USER_LED_OBUF[1]
    AE7                  OBUF (Prop_OUTBUF_HPIOB_S_I_O)
                                                      0.781     5.644 r  PL_USER_LED_OBUF[1]_inst/O
                         net (fo=0)                   0.000     5.644    PL_USER_LED[1]
    AE7                                                               r  PL_USER_LED[1] (OUT)
  -------------------------------------------------------------------    -------------------

Slack:                    inf
  Source:                 design_1_i/GameController_0/inst/health_reg_reg[2]/C
                            (rising edge-triggered cell FDCE clocked by clk25_design_1_clk_wiz_0_0  {rise@0.000ns fall@20.000ns period=40.000ns})
  Destination:            PL_USER_LED[2]
                            (output port)
  Path Group:             (none)
  Path Type:              Max at Slow Process Corner
  Data Path Delay:        2.131ns  (logic 0.904ns (42.429%)  route 1.227ns (57.571%))
  Logic Levels:           1  (OBUF=1)
  Clock Uncertainty:      0.163ns  ((TSJ^2 + DJ^2)^1/2) / 2 + PE
    Total System Jitter     (TSJ):    0.050ns
    Discrete Jitter          (DJ):    0.148ns
    Phase Error              (PE):    0.085ns
  Clock Net Delay (Source):      2.144ns (routing 1.172ns, distribution 0.972ns)

    Location             Delay type                Incr(ns)  Path(ns)    Netlist Resource(s)
  -------------------------------------------------------------------    -------------------
                         (clock clk25_design_1_clk_wiz_0_0 rise edge)
                                                      0.000     0.000 r  
    D7                                                0.000     0.000 r  clk_100mhz_clk_p (IN)
                         net (fo=0)                   0.100     0.100    design_1_i/clk_wiz_0/inst/clkin1_ibufds/I
    HPIOBDIFFINBUF_X0Y60 DIFFINBUF (Prop_DIFFINBUF_HPIOBDIFFINBUF_DIFF_IN_P_O)
                                                      0.629     0.729 r  design_1_i/clk_wiz_0/inst/clkin1_ibufds/DIFFINBUF_INST/O
                         net (fo=1, routed)           0.050     0.779    design_1_i/clk_wiz_0/inst/clkin1_ibufds/OUT
    D7                   IBUFCTRL (Prop_IBUFCTRL_HPIOB_M_I_O)
                                                      0.000     0.779 r  design_1_i/clk_wiz_0/inst/clkin1_ibufds/IBUFCTRL_INST/O
                         net (fo=1, routed)           0.384     1.163    design_1_i/clk_wiz_0/inst/clk_in1_design_1_clk_wiz_0_0
    MMCM_X0Y2            MMCME4_ADV (Prop_MMCM_CLKIN1_CLKOUT0)
                                                     -0.127     1.036 r  design_1_i/clk_wiz_0/inst/mmcme4_adv_inst/CLKOUT0
                         net (fo=1, routed)           0.244     1.280    design_1_i/clk_wiz_0/inst/clk25_design_1_clk_wiz_0_0
    BUFGCE_X0Y68         BUFGCE (Prop_BUFCE_BUFGCE_I_O)
                                                      0.028     1.308 r  design_1_i/clk_wiz_0/inst/clkout1_buf/O
    X0Y0 (CLOCK_ROOT)    net (fo=99, routed)          2.144     3.452    design_1_i/GameController_0/inst/Clk
    SLICE_X48Y31         FDCE                                         r  design_1_i/GameController_0/inst/health_reg_reg[2]/C
  -------------------------------------------------------------------    -------------------
    SLICE_X48Y31         FDCE (Prop_CFF2_SLICEM_C_Q)
                                                      0.077     3.529 r  design_1_i/GameController_0/inst/health_reg_reg[2]/Q
                         net (fo=4, routed)           1.227     4.756    PL_USER_LED_OBUF[2]
    AH2                  OBUF (Prop_OUTBUF_HPIOB_M_I_O)
                                                      0.827     5.584 r  PL_USER_LED_OBUF[2]_inst/O
                         net (fo=0)                   0.000     5.584    PL_USER_LED[2]
    AH2                                                               r  PL_USER_LED[2] (OUT)
  -------------------------------------------------------------------    -------------------

Slack:                    inf
  Source:                 design_1_i/VideoTiming_0/inst/VSync_reg/C
                            (rising edge-triggered cell FDRE clocked by clk25_design_1_clk_wiz_0_0  {rise@0.000ns fall@20.000ns period=40.000ns})
  Destination:            design_1_i/EnemyController_0/inst/enemies_reg[7][R][5]/CE
  Path Group:             (none)
  Path Type:              Max at Slow Process Corner
  Data Path Delay:        2.189ns  (logic 0.204ns (9.318%)  route 1.985ns (90.682%))
  Logic Levels:           1  (LUT6=1)
  Clock Uncertainty:      0.163ns  ((TSJ^2 + DJ^2)^1/2) / 2 + PE
    Total System Jitter     (TSJ):    0.050ns
    Discrete Jitter          (DJ):    0.148ns
    Phase Error              (PE):    0.085ns
  Clock Net Delay (Source):      2.048ns (routing 1.172ns, distribution 0.876ns)

    Location             Delay type                Incr(ns)  Path(ns)    Netlist Resource(s)
  -------------------------------------------------------------------    -------------------
                         (clock clk25_design_1_clk_wiz_0_0 rise edge)
                                                      0.000     0.000 r  
    D7                                                0.000     0.000 r  clk_100mhz_clk_p (IN)
                         net (fo=0)                   0.100     0.100    design_1_i/clk_wiz_0/inst/clkin1_ibufds/I
    HPIOBDIFFINBUF_X0Y60 DIFFINBUF (Prop_DIFFINBUF_HPIOBDIFFINBUF_DIFF_IN_P_O)
                                                      0.629     0.729 r  design_1_i/clk_wiz_0/inst/clkin1_ibufds/DIFFINBUF_INST/O
                         net (fo=1, routed)           0.050     0.779    design_1_i/clk_wiz_0/inst/clkin1_ibufds/OUT
    D7                   IBUFCTRL (Prop_IBUFCTRL_HPIOB_M_I_O)
                                                      0.000     0.779 r  design_1_i/clk_wiz_0/inst/clkin1_ibufds/IBUFCTRL_INST/O
                         net (fo=1, routed)           0.384     1.163    design_1_i/clk_wiz_0/inst/clk_in1_design_1_clk_wiz_0_0
    MMCM_X0Y2            MMCME4_ADV (Prop_MMCM_CLKIN1_CLKOUT0)
                                                     -0.127     1.036 r  design_1_i/clk_wiz_0/inst/mmcme4_adv_inst/CLKOUT0
                         net (fo=1, routed)           0.244     1.280    design_1_i/clk_wiz_0/inst/clk25_design_1_clk_wiz_0_0
    BUFGCE_X0Y68         BUFGCE (Prop_BUFCE_BUFGCE_I_O)
                                                      0.028     1.308 r  design_1_i/clk_wiz_0/inst/clkout1_buf/O
    X0Y0 (CLOCK_ROOT)    net (fo=99, routed)          2.048     3.356    design_1_i/VideoTiming_0/inst/pixClk
    SLICE_X32Y22         FDRE                                         r  design_1_i/VideoTiming_0/inst/VSync_reg/C
  -------------------------------------------------------------------    -------------------
    SLICE_X32Y22         FDRE (Prop_DFF_SLICEL_C_Q)
                                                      0.079     3.435 r  design_1_i/VideoTiming_0/inst/VSync_reg/Q
                         net (fo=67, routed)          1.300     4.735    design_1_i/EnemyController_0/inst/FrameTick
    SLICE_X16Y8          LUT6 (Prop_H6LUT_SLICEM_I0_O)
                                                      0.125     4.860 r  design_1_i/EnemyController_0/inst/enemies[7][R][9]_i_1/O
                         net (fo=9, routed)           0.686     5.546    design_1_i/EnemyController_0/inst/enemies[7][R]
    SLICE_X17Y3          FDCE                                         r  design_1_i/EnemyController_0/inst/enemies_reg[7][R][5]/CE
  -------------------------------------------------------------------    -------------------

Slack:                    inf
  Source:                 design_1_i/VideoTiming_0/inst/VSync_reg/C
                            (rising edge-triggered cell FDRE clocked by clk25_design_1_clk_wiz_0_0  {rise@0.000ns fall@20.000ns period=40.000ns})
  Destination:            design_1_i/EnemyController_0/inst/enemies_reg[7][R][6]/CE
  Path Group:             (none)
  Path Type:              Max at Slow Process Corner
  Data Path Delay:        2.189ns  (logic 0.204ns (9.318%)  route 1.985ns (90.682%))
  Logic Levels:           1  (LUT6=1)
  Clock Uncertainty:      0.163ns  ((TSJ^2 + DJ^2)^1/2) / 2 + PE
    Total System Jitter     (TSJ):    0.050ns
    Discrete Jitter          (DJ):    0.148ns
    Phase Error              (PE):    0.085ns
  Clock Net Delay (Source):      2.048ns (routing 1.172ns, distribution 0.876ns)

    Location             Delay type                Incr(ns)  Path(ns)    Netlist Resource(s)
  -------------------------------------------------------------------    -------------------
                         (clock clk25_design_1_clk_wiz_0_0 rise edge)
                                                      0.000     0.000 r  
    D7                                                0.000     0.000 r  clk_100mhz_clk_p (IN)
                         net (fo=0)                   0.100     0.100    design_1_i/clk_wiz_0/inst/clkin1_ibufds/I
    HPIOBDIFFINBUF_X0Y60 DIFFINBUF (Prop_DIFFINBUF_HPIOBDIFFINBUF_DIFF_IN_P_O)
                                                      0.629     0.729 r  design_1_i/clk_wiz_0/inst/clkin1_ibufds/DIFFINBUF_INST/O
                         net (fo=1, routed)           0.050     0.779    design_1_i/clk_wiz_0/inst/clkin1_ibufds/OUT
    D7                   IBUFCTRL (Prop_IBUFCTRL_HPIOB_M_I_O)
                                                      0.000     0.779 r  design_1_i/clk_wiz_0/inst/clkin1_ibufds/IBUFCTRL_INST/O
                         net (fo=1, routed)           0.384     1.163    design_1_i/clk_wiz_0/inst/clk_in1_design_1_clk_wiz_0_0
    MMCM_X0Y2            MMCME4_ADV (Prop_MMCM_CLKIN1_CLKOUT0)
                                                     -0.127     1.036 r  design_1_i/clk_wiz_0/inst/mmcme4_adv_inst/CLKOUT0
                         net (fo=1, routed)           0.244     1.280    design_1_i/clk_wiz_0/inst/clk25_design_1_clk_wiz_0_0
    BUFGCE_X0Y68         BUFGCE (Prop_BUFCE_BUFGCE_I_O)
                                                      0.028     1.308 r  design_1_i/clk_wiz_0/inst/clkout1_buf/O
    X0Y0 (CLOCK_ROOT)    net (fo=99, routed)          2.048     3.356    design_1_i/VideoTiming_0/inst/pixClk
    SLICE_X32Y22         FDRE                                         r  design_1_i/VideoTiming_0/inst/VSync_reg/C
  -------------------------------------------------------------------    -------------------
    SLICE_X32Y22         FDRE (Prop_DFF_SLICEL_C_Q)
                                                      0.079     3.435 r  design_1_i/VideoTiming_0/inst/VSync_reg/Q
                         net (fo=67, routed)          1.300     4.735    design_1_i/EnemyController_0/inst/FrameTick
    SLICE_X16Y8          LUT6 (Prop_H6LUT_SLICEM_I0_O)
                                                      0.125     4.860 r  design_1_i/EnemyController_0/inst/enemies[7][R][9]_i_1/O
                         net (fo=9, routed)           0.686     5.546    design_1_i/EnemyController_0/inst/enemies[7][R]
    SLICE_X17Y3          FDCE                                         r  design_1_i/EnemyController_0/inst/enemies_reg[7][R][6]/CE
  -------------------------------------------------------------------    -------------------

Slack:                    inf
  Source:                 design_1_i/VideoTiming_0/inst/VSync_reg/C
                            (rising edge-triggered cell FDRE clocked by clk25_design_1_clk_wiz_0_0  {rise@0.000ns fall@20.000ns period=40.000ns})
  Destination:            design_1_i/EnemyController_0/inst/enemies_reg[23][R][5]/CE
  Path Group:             (none)
  Path Type:              Max at Slow Process Corner
  Data Path Delay:        2.114ns  (logic 0.180ns (8.515%)  route 1.934ns (91.485%))
  Logic Levels:           1  (LUT6=1)
  Clock Uncertainty:      0.163ns  ((TSJ^2 + DJ^2)^1/2) / 2 + PE
    Total System Jitter     (TSJ):    0.050ns
    Discrete Jitter          (DJ):    0.148ns
    Phase Error              (PE):    0.085ns
  Clock Net Delay (Source):      2.048ns (routing 1.172ns, distribution 0.876ns)

    Location             Delay type                Incr(ns)  Path(ns)    Netlist Resource(s)
  -------------------------------------------------------------------    -------------------
                         (clock clk25_design_1_clk_wiz_0_0 rise edge)
                                                      0.000     0.000 r  
    D7                                                0.000     0.000 r  clk_100mhz_clk_p (IN)
                         net (fo=0)                   0.100     0.100    design_1_i/clk_wiz_0/inst/clkin1_ibufds/I
    HPIOBDIFFINBUF_X0Y60 DIFFINBUF (Prop_DIFFINBUF_HPIOBDIFFINBUF_DIFF_IN_P_O)
                                                      0.629     0.729 r  design_1_i/clk_wiz_0/inst/clkin1_ibufds/DIFFINBUF_INST/O
                         net (fo=1, routed)           0.050     0.779    design_1_i/clk_wiz_0/inst/clkin1_ibufds/OUT
    D7                   IBUFCTRL (Prop_IBUFCTRL_HPIOB_M_I_O)
                                                      0.000     0.779 r  design_1_i/clk_wiz_0/inst/clkin1_ibufds/IBUFCTRL_INST/O
                         net (fo=1, routed)           0.384     1.163    design_1_i/clk_wiz_0/inst/clk_in1_design_1_clk_wiz_0_0
    MMCM_X0Y2            MMCME4_ADV (Prop_MMCM_CLKIN1_CLKOUT0)
                                                     -0.127     1.036 r  design_1_i/clk_wiz_0/inst/mmcme4_adv_inst/CLKOUT0
                         net (fo=1, routed)           0.244     1.280    design_1_i/clk_wiz_0/inst/clk25_design_1_clk_wiz_0_0
    BUFGCE_X0Y68         BUFGCE (Prop_BUFCE_BUFGCE_I_O)
                                                      0.028     1.308 r  design_1_i/clk_wiz_0/inst/clkout1_buf/O
    X0Y0 (CLOCK_ROOT)    net (fo=99, routed)          2.048     3.356    design_1_i/VideoTiming_0/inst/pixClk
    SLICE_X32Y22         FDRE                                         r  design_1_i/VideoTiming_0/inst/VSync_reg/C
  -------------------------------------------------------------------    -------------------
    SLICE_X32Y22         FDRE (Prop_DFF_SLICEL_C_Q)
                                                      0.079     3.435 r  design_1_i/VideoTiming_0/inst/VSync_reg/Q
                         net (fo=67, routed)          1.587     5.022    design_1_i/EnemyController_0/inst/FrameTick
    SLICE_X34Y51         LUT6 (Prop_H6LUT_SLICEM_I0_O)
                                                      0.101     5.123 r  design_1_i/EnemyController_0/inst/enemies[23][R][9]_i_1/O
                         net (fo=9, routed)           0.347     5.470    design_1_i/EnemyController_0/inst/enemies[23][R]
    SLICE_X36Y53         FDCE                                         r  design_1_i/EnemyController_0/inst/enemies_reg[23][R][5]/CE
  -------------------------------------------------------------------    -------------------

Slack:                    inf
  Source:                 design_1_i/VideoTiming_0/inst/VSync_reg/C
                            (rising edge-triggered cell FDRE clocked by clk25_design_1_clk_wiz_0_0  {rise@0.000ns fall@20.000ns period=40.000ns})
  Destination:            design_1_i/EnemyController_0/inst/enemies_reg[23][R][6]/CE
  Path Group:             (none)
  Path Type:              Max at Slow Process Corner
  Data Path Delay:        2.114ns  (logic 0.180ns (8.515%)  route 1.934ns (91.485%))
  Logic Levels:           1  (LUT6=1)
  Clock Uncertainty:      0.163ns  ((TSJ^2 + DJ^2)^1/2) / 2 + PE
    Total System Jitter     (TSJ):    0.050ns
    Discrete Jitter          (DJ):    0.148ns
    Phase Error              (PE):    0.085ns
  Clock Net Delay (Source):      2.048ns (routing 1.172ns, distribution 0.876ns)

    Location             Delay type                Incr(ns)  Path(ns)    Netlist Resource(s)
  -------------------------------------------------------------------    -------------------
                         (clock clk25_design_1_clk_wiz_0_0 rise edge)
                                                      0.000     0.000 r  
    D7                                                0.000     0.000 r  clk_100mhz_clk_p (IN)
                         net (fo=0)                   0.100     0.100    design_1_i/clk_wiz_0/inst/clkin1_ibufds/I
    HPIOBDIFFINBUF_X0Y60 DIFFINBUF (Prop_DIFFINBUF_HPIOBDIFFINBUF_DIFF_IN_P_O)
                                                      0.629     0.729 r  design_1_i/clk_wiz_0/inst/clkin1_ibufds/DIFFINBUF_INST/O
                         net (fo=1, routed)           0.050     0.779    design_1_i/clk_wiz_0/inst/clkin1_ibufds/OUT
    D7                   IBUFCTRL (Prop_IBUFCTRL_HPIOB_M_I_O)
                                                      0.000     0.779 r  design_1_i/clk_wiz_0/inst/clkin1_ibufds/IBUFCTRL_INST/O
                         net (fo=1, routed)           0.384     1.163    design_1_i/clk_wiz_0/inst/clk_in1_design_1_clk_wiz_0_0
    MMCM_X0Y2            MMCME4_ADV (Prop_MMCM_CLKIN1_CLKOUT0)
                                                     -0.127     1.036 r  design_1_i/clk_wiz_0/inst/mmcme4_adv_inst/CLKOUT0
                         net (fo=1, routed)           0.244     1.280    design_1_i/clk_wiz_0/inst/clk25_design_1_clk_wiz_0_0
    BUFGCE_X0Y68         BUFGCE (Prop_BUFCE_BUFGCE_I_O)
                                                      0.028     1.308 r  design_1_i/clk_wiz_0/inst/clkout1_buf/O
    X0Y0 (CLOCK_ROOT)    net (fo=99, routed)          2.048     3.356    design_1_i/VideoTiming_0/inst/pixClk
    SLICE_X32Y22         FDRE                                         r  design_1_i/VideoTiming_0/inst/VSync_reg/C
  -------------------------------------------------------------------    -------------------
    SLICE_X32Y22         FDRE (Prop_DFF_SLICEL_C_Q)
                                                      0.079     3.435 r  design_1_i/VideoTiming_0/inst/VSync_reg/Q
                         net (fo=67, routed)          1.587     5.022    design_1_i/EnemyController_0/inst/FrameTick
    SLICE_X34Y51         LUT6 (Prop_H6LUT_SLICEM_I0_O)
                                                      0.101     5.123 r  design_1_i/EnemyController_0/inst/enemies[23][R][9]_i_1/O
                         net (fo=9, routed)           0.347     5.470    design_1_i/EnemyController_0/inst/enemies[23][R]
    SLICE_X36Y53         FDCE                                         r  design_1_i/EnemyController_0/inst/enemies_reg[23][R][6]/CE
  -------------------------------------------------------------------    -------------------

Slack:                    inf
  Source:                 design_1_i/GameController_0/inst/health_reg_reg[0]/C
                            (rising edge-triggered cell FDPE clocked by clk25_design_1_clk_wiz_0_0  {rise@0.000ns fall@20.000ns period=40.000ns})
  Destination:            PL_USER_LED[0]
                            (output port)
  Path Group:             (none)
  Path Type:              Max at Slow Process Corner
  Data Path Delay:        1.953ns  (logic 0.868ns (44.472%)  route 1.084ns (55.528%))
  Logic Levels:           1  (OBUF=1)
  Clock Uncertainty:      0.163ns  ((TSJ^2 + DJ^2)^1/2) / 2 + PE
    Total System Jitter     (TSJ):    0.050ns
    Discrete Jitter          (DJ):    0.148ns
    Phase Error              (PE):    0.085ns
  Clock Net Delay (Source):      2.144ns (routing 1.172ns, distribution 0.972ns)

    Location             Delay type                Incr(ns)  Path(ns)    Netlist Resource(s)
  -------------------------------------------------------------------    -------------------
                         (clock clk25_design_1_clk_wiz_0_0 rise edge)
                                                      0.000     0.000 r  
    D7                                                0.000     0.000 r  clk_100mhz_clk_p (IN)
                         net (fo=0)                   0.100     0.100    design_1_i/clk_wiz_0/inst/clkin1_ibufds/I
    HPIOBDIFFINBUF_X0Y60 DIFFINBUF (Prop_DIFFINBUF_HPIOBDIFFINBUF_DIFF_IN_P_O)
                                                      0.629     0.729 r  design_1_i/clk_wiz_0/inst/clkin1_ibufds/DIFFINBUF_INST/O
                         net (fo=1, routed)           0.050     0.779    design_1_i/clk_wiz_0/inst/clkin1_ibufds/OUT
    D7                   IBUFCTRL (Prop_IBUFCTRL_HPIOB_M_I_O)
                                                      0.000     0.779 r  design_1_i/clk_wiz_0/inst/clkin1_ibufds/IBUFCTRL_INST/O
                         net (fo=1, routed)           0.384     1.163    design_1_i/clk_wiz_0/inst/clk_in1_design_1_clk_wiz_0_0
    MMCM_X0Y2            MMCME4_ADV (Prop_MMCM_CLKIN1_CLKOUT0)
                                                     -0.127     1.036 r  design_1_i/clk_wiz_0/inst/mmcme4_adv_inst/CLKOUT0
                         net (fo=1, routed)           0.244     1.280    design_1_i/clk_wiz_0/inst/clk25_design_1_clk_wiz_0_0
    BUFGCE_X0Y68         BUFGCE (Prop_BUFCE_BUFGCE_I_O)
                                                      0.028     1.308 r  design_1_i/clk_wiz_0/inst/clkout1_buf/O
    X0Y0 (CLOCK_ROOT)    net (fo=99, routed)          2.144     3.452    design_1_i/GameController_0/inst/Clk
    SLICE_X48Y31         FDPE                                         r  design_1_i/GameController_0/inst/health_reg_reg[0]/C
  -------------------------------------------------------------------    -------------------
    SLICE_X48Y31         FDPE (Prop_DFF_SLICEM_C_Q)
                                                      0.078     3.530 r  design_1_i/GameController_0/inst/health_reg_reg[0]/Q
                         net (fo=4, routed)           1.084     4.615    PL_USER_LED_OBUF[0]
    AF5                  OBUF (Prop_OUTBUF_HPIOB_S_I_O)
                                                      0.790     5.405 r  PL_USER_LED_OBUF[0]_inst/O
                         net (fo=0)                   0.000     5.405    PL_USER_LED[0]
    AF5                                                               r  PL_USER_LED[0] (OUT)
  -------------------------------------------------------------------    -------------------

Slack:                    inf
  Source:                 design_1_i/VideoTiming_0/inst/VSync_reg/C
                            (rising edge-triggered cell FDRE clocked by clk25_design_1_clk_wiz_0_0  {rise@0.000ns fall@20.000ns period=40.000ns})
  Destination:            design_1_i/EnemyController_0/inst/enemies_reg[23][R][1]/CE
  Path Group:             (none)
  Path Type:              Max at Slow Process Corner
  Data Path Delay:        1.981ns  (logic 0.180ns (9.086%)  route 1.801ns (90.914%))
  Logic Levels:           1  (LUT6=1)
  Clock Uncertainty:      0.163ns  ((TSJ^2 + DJ^2)^1/2) / 2 + PE
    Total System Jitter     (TSJ):    0.050ns
    Discrete Jitter          (DJ):    0.148ns
    Phase Error              (PE):    0.085ns
  Clock Net Delay (Source):      2.048ns (routing 1.172ns, distribution 0.876ns)

    Location             Delay type                Incr(ns)  Path(ns)    Netlist Resource(s)
  -------------------------------------------------------------------    -------------------
                         (clock clk25_design_1_clk_wiz_0_0 rise edge)
                                                      0.000     0.000 r  
    D7                                                0.000     0.000 r  clk_100mhz_clk_p (IN)
                         net (fo=0)                   0.100     0.100    design_1_i/clk_wiz_0/inst/clkin1_ibufds/I
    HPIOBDIFFINBUF_X0Y60 DIFFINBUF (Prop_DIFFINBUF_HPIOBDIFFINBUF_DIFF_IN_P_O)
                                                      0.629     0.729 r  design_1_i/clk_wiz_0/inst/clkin1_ibufds/DIFFINBUF_INST/O
                         net (fo=1, routed)           0.050     0.779    design_1_i/clk_wiz_0/inst/clkin1_ibufds/OUT
    D7                   IBUFCTRL (Prop_IBUFCTRL_HPIOB_M_I_O)
                                                      0.000     0.779 r  design_1_i/clk_wiz_0/inst/clkin1_ibufds/IBUFCTRL_INST/O
                         net (fo=1, routed)           0.384     1.163    design_1_i/clk_wiz_0/inst/clk_in1_design_1_clk_wiz_0_0
    MMCM_X0Y2            MMCME4_ADV (Prop_MMCM_CLKIN1_CLKOUT0)
                                                     -0.127     1.036 r  design_1_i/clk_wiz_0/inst/mmcme4_adv_inst/CLKOUT0
                         net (fo=1, routed)           0.244     1.280    design_1_i/clk_wiz_0/inst/clk25_design_1_clk_wiz_0_0
    BUFGCE_X0Y68         BUFGCE (Prop_BUFCE_BUFGCE_I_O)
                                                      0.028     1.308 r  design_1_i/clk_wiz_0/inst/clkout1_buf/O
    X0Y0 (CLOCK_ROOT)    net (fo=99, routed)          2.048     3.356    design_1_i/VideoTiming_0/inst/pixClk
    SLICE_X32Y22         FDRE                                         r  design_1_i/VideoTiming_0/inst/VSync_reg/C
  -------------------------------------------------------------------    -------------------
    SLICE_X32Y22         FDRE (Prop_DFF_SLICEL_C_Q)
                                                      0.079     3.435 r  design_1_i/VideoTiming_0/inst/VSync_reg/Q
                         net (fo=67, routed)          1.587     5.022    design_1_i/EnemyController_0/inst/FrameTick
    SLICE_X34Y51         LUT6 (Prop_H6LUT_SLICEM_I0_O)
                                                      0.101     5.123 r  design_1_i/EnemyController_0/inst/enemies[23][R][9]_i_1/O
                         net (fo=9, routed)           0.214     5.337    design_1_i/EnemyController_0/inst/enemies[23][R]
    SLICE_X34Y51         FDCE                                         r  design_1_i/EnemyController_0/inst/enemies_reg[23][R][1]/CE
  -------------------------------------------------------------------    -------------------

Slack:                    inf
  Source:                 design_1_i/VideoTiming_0/inst/VSync_reg/C
                            (rising edge-triggered cell FDRE clocked by clk25_design_1_clk_wiz_0_0  {rise@0.000ns fall@20.000ns period=40.000ns})
  Destination:            design_1_i/EnemyController_0/inst/enemies_reg[23][R][2]/CE
  Path Group:             (none)
  Path Type:              Max at Slow Process Corner
  Data Path Delay:        1.976ns  (logic 0.180ns (9.109%)  route 1.796ns (90.891%))
  Logic Levels:           1  (LUT6=1)
  Clock Uncertainty:      0.163ns  ((TSJ^2 + DJ^2)^1/2) / 2 + PE
    Total System Jitter     (TSJ):    0.050ns
    Discrete Jitter          (DJ):    0.148ns
    Phase Error              (PE):    0.085ns
  Clock Net Delay (Source):      2.048ns (routing 1.172ns, distribution 0.876ns)

    Location             Delay type                Incr(ns)  Path(ns)    Netlist Resource(s)
  -------------------------------------------------------------------    -------------------
                         (clock clk25_design_1_clk_wiz_0_0 rise edge)
                                                      0.000     0.000 r  
    D7                                                0.000     0.000 r  clk_100mhz_clk_p (IN)
                         net (fo=0)                   0.100     0.100    design_1_i/clk_wiz_0/inst/clkin1_ibufds/I
    HPIOBDIFFINBUF_X0Y60 DIFFINBUF (Prop_DIFFINBUF_HPIOBDIFFINBUF_DIFF_IN_P_O)
                                                      0.629     0.729 r  design_1_i/clk_wiz_0/inst/clkin1_ibufds/DIFFINBUF_INST/O
                         net (fo=1, routed)           0.050     0.779    design_1_i/clk_wiz_0/inst/clkin1_ibufds/OUT
    D7                   IBUFCTRL (Prop_IBUFCTRL_HPIOB_M_I_O)
                                                      0.000     0.779 r  design_1_i/clk_wiz_0/inst/clkin1_ibufds/IBUFCTRL_INST/O
                         net (fo=1, routed)           0.384     1.163    design_1_i/clk_wiz_0/inst/clk_in1_design_1_clk_wiz_0_0
    MMCM_X0Y2            MMCME4_ADV (Prop_MMCM_CLKIN1_CLKOUT0)
                                                     -0.127     1.036 r  design_1_i/clk_wiz_0/inst/mmcme4_adv_inst/CLKOUT0
                         net (fo=1, routed)           0.244     1.280    design_1_i/clk_wiz_0/inst/clk25_design_1_clk_wiz_0_0
    BUFGCE_X0Y68         BUFGCE (Prop_BUFCE_BUFGCE_I_O)
                                                      0.028     1.308 r  design_1_i/clk_wiz_0/inst/clkout1_buf/O
    X0Y0 (CLOCK_ROOT)    net (fo=99, routed)          2.048     3.356    design_1_i/VideoTiming_0/inst/pixClk
    SLICE_X32Y22         FDRE                                         r  design_1_i/VideoTiming_0/inst/VSync_reg/C
  -------------------------------------------------------------------    -------------------
    SLICE_X32Y22         FDRE (Prop_DFF_SLICEL_C_Q)
                                                      0.079     3.435 r  design_1_i/VideoTiming_0/inst/VSync_reg/Q
                         net (fo=67, routed)          1.587     5.022    design_1_i/EnemyController_0/inst/FrameTick
    SLICE_X34Y51         LUT6 (Prop_H6LUT_SLICEM_I0_O)
                                                      0.101     5.123 r  design_1_i/EnemyController_0/inst/enemies[23][R][9]_i_1/O
                         net (fo=9, routed)           0.209     5.332    design_1_i/EnemyController_0/inst/enemies[23][R]
    SLICE_X35Y51         FDCE                                         r  design_1_i/EnemyController_0/inst/enemies_reg[23][R][2]/CE
  -------------------------------------------------------------------    -------------------





Min Delay Paths
--------------------------------------------------------------------------------------
Slack:                    inf
  Source:                 design_1_i/VideoTiming_0/inst/VSync_reg/C
                            (rising edge-triggered cell FDRE clocked by clk25_design_1_clk_wiz_0_0  {rise@0.000ns fall@20.000ns period=40.000ns})
  Destination:            design_1_i/EnemyController_0/inst/enemies_reg[11][is_active]/D
  Path Group:             (none)
  Path Type:              Min at Fast Process Corner
  Data Path Delay:        0.248ns  (logic 0.080ns (32.268%)  route 0.168ns (67.731%))
  Logic Levels:           1  (LUT6=1)
  Clock Uncertainty:      0.163ns  ((TSJ^2 + DJ^2)^1/2) / 2 + PE
    Total System Jitter     (TSJ):    0.050ns
    Discrete Jitter          (DJ):    0.148ns
    Phase Error              (PE):    0.085ns
  Clock Net Delay (Source):      1.130ns (routing 0.640ns, distribution 0.490ns)

    Location             Delay type                Incr(ns)  Path(ns)    Netlist Resource(s)
  -------------------------------------------------------------------    -------------------
                         (clock clk25_design_1_clk_wiz_0_0 rise edge)
                                                      0.000     0.000 r  
    D7                                                0.000     0.000 r  clk_100mhz_clk_p (IN)
                         net (fo=0)                   0.079     0.079    design_1_i/clk_wiz_0/inst/clkin1_ibufds/I
    HPIOBDIFFINBUF_X0Y60 DIFFINBUF (Prop_DIFFINBUF_HPIOBDIFFINBUF_DIFF_IN_P_O)
                                                      0.295     0.374 r  design_1_i/clk_wiz_0/inst/clkin1_ibufds/DIFFINBUF_INST/O
                         net (fo=1, routed)           0.040     0.414    design_1_i/clk_wiz_0/inst/clkin1_ibufds/OUT
    D7                   IBUFCTRL (Prop_IBUFCTRL_HPIOB_M_I_O)
                                                      0.000     0.414 r  design_1_i/clk_wiz_0/inst/clkin1_ibufds/IBUFCTRL_INST/O
                         net (fo=1, routed)           0.196     0.610    design_1_i/clk_wiz_0/inst/clk_in1_design_1_clk_wiz_0_0
    MMCM_X0Y2            MMCME4_ADV (Prop_MMCM_CLKIN1_CLKOUT0)
                                                      0.230     0.840 r  design_1_i/clk_wiz_0/inst/mmcme4_adv_inst/CLKOUT0
                         net (fo=1, routed)           0.145     0.985    design_1_i/clk_wiz_0/inst/clk25_design_1_clk_wiz_0_0
    BUFGCE_X0Y68         BUFGCE (Prop_BUFCE_BUFGCE_I_O)
                                                      0.017     1.002 r  design_1_i/clk_wiz_0/inst/clkout1_buf/O
    X0Y0 (CLOCK_ROOT)    net (fo=99, routed)          1.130     2.132    design_1_i/VideoTiming_0/inst/pixClk
    SLICE_X32Y22         FDRE                                         r  design_1_i/VideoTiming_0/inst/VSync_reg/C
  -------------------------------------------------------------------    -------------------
    SLICE_X32Y22         FDRE (Prop_DFF_SLICEL_C_Q)
                                                      0.039     2.171 r  design_1_i/VideoTiming_0/inst/VSync_reg/Q
                         net (fo=67, routed)          0.148     2.319    design_1_i/EnemyController_0/inst/FrameTick
    SLICE_X28Y24         LUT6 (Prop_H6LUT_SLICEM_I0_O)
                                                      0.041     2.360 r  design_1_i/EnemyController_0/inst/enemies[11][is_active]_i_1/O
                         net (fo=1, routed)           0.020     2.380    design_1_i/EnemyController_0/inst/enemies[11][is_active]_i_1_n_0
    SLICE_X28Y24         FDCE                                         r  design_1_i/EnemyController_0/inst/enemies_reg[11][is_active]/D
  -------------------------------------------------------------------    -------------------

Slack:                    inf
  Source:                 design_1_i/VideoTiming_0/inst/VSync_reg/C
                            (rising edge-triggered cell FDRE clocked by clk25_design_1_clk_wiz_0_0  {rise@0.000ns fall@20.000ns period=40.000ns})
  Destination:            design_1_i/EnemyController_0/inst/enemies_reg[8][is_active]/D
  Path Group:             (none)
  Path Type:              Min at Fast Process Corner
  Data Path Delay:        0.251ns  (logic 0.062ns (24.706%)  route 0.189ns (75.294%))
  Logic Levels:           1  (LUT6=1)
  Clock Uncertainty:      0.163ns  ((TSJ^2 + DJ^2)^1/2) / 2 + PE
    Total System Jitter     (TSJ):    0.050ns
    Discrete Jitter          (DJ):    0.148ns
    Phase Error              (PE):    0.085ns
  Clock Net Delay (Source):      1.130ns (routing 0.640ns, distribution 0.490ns)

    Location             Delay type                Incr(ns)  Path(ns)    Netlist Resource(s)
  -------------------------------------------------------------------    -------------------
                         (clock clk25_design_1_clk_wiz_0_0 rise edge)
                                                      0.000     0.000 r  
    D7                                                0.000     0.000 r  clk_100mhz_clk_p (IN)
                         net (fo=0)                   0.079     0.079    design_1_i/clk_wiz_0/inst/clkin1_ibufds/I
    HPIOBDIFFINBUF_X0Y60 DIFFINBUF (Prop_DIFFINBUF_HPIOBDIFFINBUF_DIFF_IN_P_O)
                                                      0.295     0.374 r  design_1_i/clk_wiz_0/inst/clkin1_ibufds/DIFFINBUF_INST/O
                         net (fo=1, routed)           0.040     0.414    design_1_i/clk_wiz_0/inst/clkin1_ibufds/OUT
    D7                   IBUFCTRL (Prop_IBUFCTRL_HPIOB_M_I_O)
                                                      0.000     0.414 r  design_1_i/clk_wiz_0/inst/clkin1_ibufds/IBUFCTRL_INST/O
                         net (fo=1, routed)           0.196     0.610    design_1_i/clk_wiz_0/inst/clk_in1_design_1_clk_wiz_0_0
    MMCM_X0Y2            MMCME4_ADV (Prop_MMCM_CLKIN1_CLKOUT0)
                                                      0.230     0.840 r  design_1_i/clk_wiz_0/inst/mmcme4_adv_inst/CLKOUT0
                         net (fo=1, routed)           0.145     0.985    design_1_i/clk_wiz_0/inst/clk25_design_1_clk_wiz_0_0
    BUFGCE_X0Y68         BUFGCE (Prop_BUFCE_BUFGCE_I_O)
                                                      0.017     1.002 r  design_1_i/clk_wiz_0/inst/clkout1_buf/O
    X0Y0 (CLOCK_ROOT)    net (fo=99, routed)          1.130     2.132    design_1_i/VideoTiming_0/inst/pixClk
    SLICE_X32Y22         FDRE                                         r  design_1_i/VideoTiming_0/inst/VSync_reg/C
  -------------------------------------------------------------------    -------------------
    SLICE_X32Y22         FDRE (Prop_DFF_SLICEL_C_Q)
                                                      0.039     2.171 r  design_1_i/VideoTiming_0/inst/VSync_reg/Q
                         net (fo=67, routed)          0.169     2.340    design_1_i/EnemyController_0/inst/FrameTick
    SLICE_X28Y23         LUT6 (Prop_H6LUT_SLICEM_I0_O)
                                                      0.023     2.363 r  design_1_i/EnemyController_0/inst/enemies[8][is_active]_i_1/O
                         net (fo=1, routed)           0.020     2.383    design_1_i/EnemyController_0/inst/enemies[8][is_active]_i_1_n_0
    SLICE_X28Y23         FDCE                                         r  design_1_i/EnemyController_0/inst/enemies_reg[8][is_active]/D
  -------------------------------------------------------------------    -------------------

Slack:                    inf
  Source:                 design_1_i/VideoTiming_0/inst/VSync_reg/C
                            (rising edge-triggered cell FDRE clocked by clk25_design_1_clk_wiz_0_0  {rise@0.000ns fall@20.000ns period=40.000ns})
  Destination:            design_1_i/EnemyController_0/inst/enemies_reg[18][is_active]/D
  Path Group:             (none)
  Path Type:              Min at Fast Process Corner
  Data Path Delay:        0.301ns  (logic 0.074ns (24.554%)  route 0.227ns (75.446%))
  Logic Levels:           1  (LUT6=1)
  Clock Uncertainty:      0.163ns  ((TSJ^2 + DJ^2)^1/2) / 2 + PE
    Total System Jitter     (TSJ):    0.050ns
    Discrete Jitter          (DJ):    0.148ns
    Phase Error              (PE):    0.085ns
  Clock Net Delay (Source):      1.130ns (routing 0.640ns, distribution 0.490ns)

    Location             Delay type                Incr(ns)  Path(ns)    Netlist Resource(s)
  -------------------------------------------------------------------    -------------------
                         (clock clk25_design_1_clk_wiz_0_0 rise edge)
                                                      0.000     0.000 r  
    D7                                                0.000     0.000 r  clk_100mhz_clk_p (IN)
                         net (fo=0)                   0.079     0.079    design_1_i/clk_wiz_0/inst/clkin1_ibufds/I
    HPIOBDIFFINBUF_X0Y60 DIFFINBUF (Prop_DIFFINBUF_HPIOBDIFFINBUF_DIFF_IN_P_O)
                                                      0.295     0.374 r  design_1_i/clk_wiz_0/inst/clkin1_ibufds/DIFFINBUF_INST/O
                         net (fo=1, routed)           0.040     0.414    design_1_i/clk_wiz_0/inst/clkin1_ibufds/OUT
    D7                   IBUFCTRL (Prop_IBUFCTRL_HPIOB_M_I_O)
                                                      0.000     0.414 r  design_1_i/clk_wiz_0/inst/clkin1_ibufds/IBUFCTRL_INST/O
                         net (fo=1, routed)           0.196     0.610    design_1_i/clk_wiz_0/inst/clk_in1_design_1_clk_wiz_0_0
    MMCM_X0Y2            MMCME4_ADV (Prop_MMCM_CLKIN1_CLKOUT0)
                                                      0.230     0.840 r  design_1_i/clk_wiz_0/inst/mmcme4_adv_inst/CLKOUT0
                         net (fo=1, routed)           0.145     0.985    design_1_i/clk_wiz_0/inst/clk25_design_1_clk_wiz_0_0
    BUFGCE_X0Y68         BUFGCE (Prop_BUFCE_BUFGCE_I_O)
                                                      0.017     1.002 r  design_1_i/clk_wiz_0/inst/clkout1_buf/O
    X0Y0 (CLOCK_ROOT)    net (fo=99, routed)          1.130     2.132    design_1_i/VideoTiming_0/inst/pixClk
    SLICE_X32Y22         FDRE                                         r  design_1_i/VideoTiming_0/inst/VSync_reg/C
  -------------------------------------------------------------------    -------------------
    SLICE_X32Y22         FDRE (Prop_DFF_SLICEL_C_Q)
                                                      0.039     2.171 r  design_1_i/VideoTiming_0/inst/VSync_reg/Q
                         net (fo=67, routed)          0.212     2.383    design_1_i/EnemyController_0/inst/FrameTick
    SLICE_X23Y24         LUT6 (Prop_H6LUT_SLICEL_I0_O)
                                                      0.035     2.418 r  design_1_i/EnemyController_0/inst/enemies[18][is_active]_i_1/O
                         net (fo=1, routed)           0.015     2.433    design_1_i/EnemyController_0/inst/enemies[18][is_active]_i_1_n_0
    SLICE_X23Y24         FDCE                                         r  design_1_i/EnemyController_0/inst/enemies_reg[18][is_active]/D
  -------------------------------------------------------------------    -------------------

Slack:                    inf
  Source:                 design_1_i/VideoTiming_0/inst/VSync_reg/C
                            (rising edge-triggered cell FDRE clocked by clk25_design_1_clk_wiz_0_0  {rise@0.000ns fall@20.000ns period=40.000ns})
  Destination:            design_1_i/EnemyController_0/inst/enemies_reg[8][R][1]/CE
  Path Group:             (none)
  Path Type:              Min at Fast Process Corner
  Data Path Delay:        0.309ns  (logic 0.079ns (25.599%)  route 0.230ns (74.401%))
  Logic Levels:           1  (LUT6=1)
  Clock Uncertainty:      0.163ns  ((TSJ^2 + DJ^2)^1/2) / 2 + PE
    Total System Jitter     (TSJ):    0.050ns
    Discrete Jitter          (DJ):    0.148ns
    Phase Error              (PE):    0.085ns
  Clock Net Delay (Source):      1.130ns (routing 0.640ns, distribution 0.490ns)

    Location             Delay type                Incr(ns)  Path(ns)    Netlist Resource(s)
  -------------------------------------------------------------------    -------------------
                         (clock clk25_design_1_clk_wiz_0_0 rise edge)
                                                      0.000     0.000 r  
    D7                                                0.000     0.000 r  clk_100mhz_clk_p (IN)
                         net (fo=0)                   0.079     0.079    design_1_i/clk_wiz_0/inst/clkin1_ibufds/I
    HPIOBDIFFINBUF_X0Y60 DIFFINBUF (Prop_DIFFINBUF_HPIOBDIFFINBUF_DIFF_IN_P_O)
                                                      0.295     0.374 r  design_1_i/clk_wiz_0/inst/clkin1_ibufds/DIFFINBUF_INST/O
                         net (fo=1, routed)           0.040     0.414    design_1_i/clk_wiz_0/inst/clkin1_ibufds/OUT
    D7                   IBUFCTRL (Prop_IBUFCTRL_HPIOB_M_I_O)
                                                      0.000     0.414 r  design_1_i/clk_wiz_0/inst/clkin1_ibufds/IBUFCTRL_INST/O
                         net (fo=1, routed)           0.196     0.610    design_1_i/clk_wiz_0/inst/clk_in1_design_1_clk_wiz_0_0
    MMCM_X0Y2            MMCME4_ADV (Prop_MMCM_CLKIN1_CLKOUT0)
                                                      0.230     0.840 r  design_1_i/clk_wiz_0/inst/mmcme4_adv_inst/CLKOUT0
                         net (fo=1, routed)           0.145     0.985    design_1_i/clk_wiz_0/inst/clk25_design_1_clk_wiz_0_0
    BUFGCE_X0Y68         BUFGCE (Prop_BUFCE_BUFGCE_I_O)
                                                      0.017     1.002 r  design_1_i/clk_wiz_0/inst/clkout1_buf/O
    X0Y0 (CLOCK_ROOT)    net (fo=99, routed)          1.130     2.132    design_1_i/VideoTiming_0/inst/pixClk
    SLICE_X32Y22         FDRE                                         r  design_1_i/VideoTiming_0/inst/VSync_reg/C
  -------------------------------------------------------------------    -------------------
    SLICE_X32Y22         FDRE (Prop_DFF_SLICEL_C_Q)
                                                      0.039     2.171 r  design_1_i/VideoTiming_0/inst/VSync_reg/Q
                         net (fo=67, routed)          0.146     2.317    design_1_i/EnemyController_0/inst/FrameTick
    SLICE_X28Y24         LUT6 (Prop_G6LUT_SLICEM_I0_O)
                                                      0.040     2.357 r  design_1_i/EnemyController_0/inst/enemies[8][R][9]_i_1/O
                         net (fo=9, routed)           0.084     2.441    design_1_i/EnemyController_0/inst/enemies[8][R]
    SLICE_X27Y24         FDCE                                         r  design_1_i/EnemyController_0/inst/enemies_reg[8][R][1]/CE
  -------------------------------------------------------------------    -------------------

Slack:                    inf
  Source:                 design_1_i/VideoTiming_0/inst/VSync_reg/C
                            (rising edge-triggered cell FDRE clocked by clk25_design_1_clk_wiz_0_0  {rise@0.000ns fall@20.000ns period=40.000ns})
  Destination:            design_1_i/EnemyController_0/inst/enemies_reg[8][R][2]/CE
  Path Group:             (none)
  Path Type:              Min at Fast Process Corner
  Data Path Delay:        0.309ns  (logic 0.079ns (25.599%)  route 0.230ns (74.401%))
  Logic Levels:           1  (LUT6=1)
  Clock Uncertainty:      0.163ns  ((TSJ^2 + DJ^2)^1/2) / 2 + PE
    Total System Jitter     (TSJ):    0.050ns
    Discrete Jitter          (DJ):    0.148ns
    Phase Error              (PE):    0.085ns
  Clock Net Delay (Source):      1.130ns (routing 0.640ns, distribution 0.490ns)

    Location             Delay type                Incr(ns)  Path(ns)    Netlist Resource(s)
  -------------------------------------------------------------------    -------------------
                         (clock clk25_design_1_clk_wiz_0_0 rise edge)
                                                      0.000     0.000 r  
    D7                                                0.000     0.000 r  clk_100mhz_clk_p (IN)
                         net (fo=0)                   0.079     0.079    design_1_i/clk_wiz_0/inst/clkin1_ibufds/I
    HPIOBDIFFINBUF_X0Y60 DIFFINBUF (Prop_DIFFINBUF_HPIOBDIFFINBUF_DIFF_IN_P_O)
                                                      0.295     0.374 r  design_1_i/clk_wiz_0/inst/clkin1_ibufds/DIFFINBUF_INST/O
                         net (fo=1, routed)           0.040     0.414    design_1_i/clk_wiz_0/inst/clkin1_ibufds/OUT
    D7                   IBUFCTRL (Prop_IBUFCTRL_HPIOB_M_I_O)
                                                      0.000     0.414 r  design_1_i/clk_wiz_0/inst/clkin1_ibufds/IBUFCTRL_INST/O
                         net (fo=1, routed)           0.196     0.610    design_1_i/clk_wiz_0/inst/clk_in1_design_1_clk_wiz_0_0
    MMCM_X0Y2            MMCME4_ADV (Prop_MMCM_CLKIN1_CLKOUT0)
                                                      0.230     0.840 r  design_1_i/clk_wiz_0/inst/mmcme4_adv_inst/CLKOUT0
                         net (fo=1, routed)           0.145     0.985    design_1_i/clk_wiz_0/inst/clk25_design_1_clk_wiz_0_0
    BUFGCE_X0Y68         BUFGCE (Prop_BUFCE_BUFGCE_I_O)
                                                      0.017     1.002 r  design_1_i/clk_wiz_0/inst/clkout1_buf/O
    X0Y0 (CLOCK_ROOT)    net (fo=99, routed)          1.130     2.132    design_1_i/VideoTiming_0/inst/pixClk
    SLICE_X32Y22         FDRE                                         r  design_1_i/VideoTiming_0/inst/VSync_reg/C
  -------------------------------------------------------------------    -------------------
    SLICE_X32Y22         FDRE (Prop_DFF_SLICEL_C_Q)
                                                      0.039     2.171 r  design_1_i/VideoTiming_0/inst/VSync_reg/Q
                         net (fo=67, routed)          0.146     2.317    design_1_i/EnemyController_0/inst/FrameTick
    SLICE_X28Y24         LUT6 (Prop_G6LUT_SLICEM_I0_O)
                                                      0.040     2.357 r  design_1_i/EnemyController_0/inst/enemies[8][R][9]_i_1/O
                         net (fo=9, routed)           0.084     2.441    design_1_i/EnemyController_0/inst/enemies[8][R]
    SLICE_X27Y24         FDCE                                         r  design_1_i/EnemyController_0/inst/enemies_reg[8][R][2]/CE
  -------------------------------------------------------------------    -------------------

Slack:                    inf
  Source:                 design_1_i/VideoTiming_0/inst/VSync_reg/C
                            (rising edge-triggered cell FDRE clocked by clk25_design_1_clk_wiz_0_0  {rise@0.000ns fall@20.000ns period=40.000ns})
  Destination:            design_1_i/EnemyController_0/inst/enemies_reg[8][R][3]/CE
  Path Group:             (none)
  Path Type:              Min at Fast Process Corner
  Data Path Delay:        0.321ns  (logic 0.079ns (24.638%)  route 0.242ns (75.362%))
  Logic Levels:           1  (LUT6=1)
  Clock Uncertainty:      0.163ns  ((TSJ^2 + DJ^2)^1/2) / 2 + PE
    Total System Jitter     (TSJ):    0.050ns
    Discrete Jitter          (DJ):    0.148ns
    Phase Error              (PE):    0.085ns
  Clock Net Delay (Source):      1.130ns (routing 0.640ns, distribution 0.490ns)

    Location             Delay type                Incr(ns)  Path(ns)    Netlist Resource(s)
  -------------------------------------------------------------------    -------------------
                         (clock clk25_design_1_clk_wiz_0_0 rise edge)
                                                      0.000     0.000 r  
    D7                                                0.000     0.000 r  clk_100mhz_clk_p (IN)
                         net (fo=0)                   0.079     0.079    design_1_i/clk_wiz_0/inst/clkin1_ibufds/I
    HPIOBDIFFINBUF_X0Y60 DIFFINBUF (Prop_DIFFINBUF_HPIOBDIFFINBUF_DIFF_IN_P_O)
                                                      0.295     0.374 r  design_1_i/clk_wiz_0/inst/clkin1_ibufds/DIFFINBUF_INST/O
                         net (fo=1, routed)           0.040     0.414    design_1_i/clk_wiz_0/inst/clkin1_ibufds/OUT
    D7                   IBUFCTRL (Prop_IBUFCTRL_HPIOB_M_I_O)
                                                      0.000     0.414 r  design_1_i/clk_wiz_0/inst/clkin1_ibufds/IBUFCTRL_INST/O
                         net (fo=1, routed)           0.196     0.610    design_1_i/clk_wiz_0/inst/clk_in1_design_1_clk_wiz_0_0
    MMCM_X0Y2            MMCME4_ADV (Prop_MMCM_CLKIN1_CLKOUT0)
                                                      0.230     0.840 r  design_1_i/clk_wiz_0/inst/mmcme4_adv_inst/CLKOUT0
                         net (fo=1, routed)           0.145     0.985    design_1_i/clk_wiz_0/inst/clk25_design_1_clk_wiz_0_0
    BUFGCE_X0Y68         BUFGCE (Prop_BUFCE_BUFGCE_I_O)
                                                      0.017     1.002 r  design_1_i/clk_wiz_0/inst/clkout1_buf/O
    X0Y0 (CLOCK_ROOT)    net (fo=99, routed)          1.130     2.132    design_1_i/VideoTiming_0/inst/pixClk
    SLICE_X32Y22         FDRE                                         r  design_1_i/VideoTiming_0/inst/VSync_reg/C
  -------------------------------------------------------------------    -------------------
    SLICE_X32Y22         FDRE (Prop_DFF_SLICEL_C_Q)
                                                      0.039     2.171 r  design_1_i/VideoTiming_0/inst/VSync_reg/Q
                         net (fo=67, routed)          0.146     2.317    design_1_i/EnemyController_0/inst/FrameTick
    SLICE_X28Y24         LUT6 (Prop_G6LUT_SLICEM_I0_O)
                                                      0.040     2.357 r  design_1_i/EnemyController_0/inst/enemies[8][R][9]_i_1/O
                         net (fo=9, routed)           0.096     2.453    design_1_i/EnemyController_0/inst/enemies[8][R]
    SLICE_X29Y24         FDCE                                         r  design_1_i/EnemyController_0/inst/enemies_reg[8][R][3]/CE
  -------------------------------------------------------------------    -------------------

Slack:                    inf
  Source:                 design_1_i/VideoTiming_0/inst/VSync_reg/C
                            (rising edge-triggered cell FDRE clocked by clk25_design_1_clk_wiz_0_0  {rise@0.000ns fall@20.000ns period=40.000ns})
  Destination:            design_1_i/EnemyController_0/inst/enemies_reg[8][R][4]/CE
  Path Group:             (none)
  Path Type:              Min at Fast Process Corner
  Data Path Delay:        0.321ns  (logic 0.079ns (24.638%)  route 0.242ns (75.362%))
  Logic Levels:           1  (LUT6=1)
  Clock Uncertainty:      0.163ns  ((TSJ^2 + DJ^2)^1/2) / 2 + PE
    Total System Jitter     (TSJ):    0.050ns
    Discrete Jitter          (DJ):    0.148ns
    Phase Error              (PE):    0.085ns
  Clock Net Delay (Source):      1.130ns (routing 0.640ns, distribution 0.490ns)

    Location             Delay type                Incr(ns)  Path(ns)    Netlist Resource(s)
  -------------------------------------------------------------------    -------------------
                         (clock clk25_design_1_clk_wiz_0_0 rise edge)
                                                      0.000     0.000 r  
    D7                                                0.000     0.000 r  clk_100mhz_clk_p (IN)
                         net (fo=0)                   0.079     0.079    design_1_i/clk_wiz_0/inst/clkin1_ibufds/I
    HPIOBDIFFINBUF_X0Y60 DIFFINBUF (Prop_DIFFINBUF_HPIOBDIFFINBUF_DIFF_IN_P_O)
                                                      0.295     0.374 r  design_1_i/clk_wiz_0/inst/clkin1_ibufds/DIFFINBUF_INST/O
                         net (fo=1, routed)           0.040     0.414    design_1_i/clk_wiz_0/inst/clkin1_ibufds/OUT
    D7                   IBUFCTRL (Prop_IBUFCTRL_HPIOB_M_I_O)
                                                      0.000     0.414 r  design_1_i/clk_wiz_0/inst/clkin1_ibufds/IBUFCTRL_INST/O
                         net (fo=1, routed)           0.196     0.610    design_1_i/clk_wiz_0/inst/clk_in1_design_1_clk_wiz_0_0
    MMCM_X0Y2            MMCME4_ADV (Prop_MMCM_CLKIN1_CLKOUT0)
                                                      0.230     0.840 r  design_1_i/clk_wiz_0/inst/mmcme4_adv_inst/CLKOUT0
                         net (fo=1, routed)           0.145     0.985    design_1_i/clk_wiz_0/inst/clk25_design_1_clk_wiz_0_0
    BUFGCE_X0Y68         BUFGCE (Prop_BUFCE_BUFGCE_I_O)
                                                      0.017     1.002 r  design_1_i/clk_wiz_0/inst/clkout1_buf/O
    X0Y0 (CLOCK_ROOT)    net (fo=99, routed)          1.130     2.132    design_1_i/VideoTiming_0/inst/pixClk
    SLICE_X32Y22         FDRE                                         r  design_1_i/VideoTiming_0/inst/VSync_reg/C
  -------------------------------------------------------------------    -------------------
    SLICE_X32Y22         FDRE (Prop_DFF_SLICEL_C_Q)
                                                      0.039     2.171 r  design_1_i/VideoTiming_0/inst/VSync_reg/Q
                         net (fo=67, routed)          0.146     2.317    design_1_i/EnemyController_0/inst/FrameTick
    SLICE_X28Y24         LUT6 (Prop_G6LUT_SLICEM_I0_O)
                                                      0.040     2.357 r  design_1_i/EnemyController_0/inst/enemies[8][R][9]_i_1/O
                         net (fo=9, routed)           0.096     2.453    design_1_i/EnemyController_0/inst/enemies[8][R]
    SLICE_X29Y24         FDCE                                         r  design_1_i/EnemyController_0/inst/enemies_reg[8][R][4]/CE
  -------------------------------------------------------------------    -------------------

Slack:                    inf
  Source:                 design_1_i/VideoTiming_0/inst/VSync_reg/C
                            (rising edge-triggered cell FDRE clocked by clk25_design_1_clk_wiz_0_0  {rise@0.000ns fall@20.000ns period=40.000ns})
  Destination:            design_1_i/EnemyController_0/inst/enemies_reg[3][is_active]/D
  Path Group:             (none)
  Path Type:              Min at Fast Process Corner
  Data Path Delay:        0.323ns  (logic 0.080ns (24.795%)  route 0.243ns (75.205%))
  Logic Levels:           1  (LUT6=1)
  Clock Uncertainty:      0.163ns  ((TSJ^2 + DJ^2)^1/2) / 2 + PE
    Total System Jitter     (TSJ):    0.050ns
    Discrete Jitter          (DJ):    0.148ns
    Phase Error              (PE):    0.085ns
  Clock Net Delay (Source):      1.130ns (routing 0.640ns, distribution 0.490ns)

    Location             Delay type                Incr(ns)  Path(ns)    Netlist Resource(s)
  -------------------------------------------------------------------    -------------------
                         (clock clk25_design_1_clk_wiz_0_0 rise edge)
                                                      0.000     0.000 r  
    D7                                                0.000     0.000 r  clk_100mhz_clk_p (IN)
                         net (fo=0)                   0.079     0.079    design_1_i/clk_wiz_0/inst/clkin1_ibufds/I
    HPIOBDIFFINBUF_X0Y60 DIFFINBUF (Prop_DIFFINBUF_HPIOBDIFFINBUF_DIFF_IN_P_O)
                                                      0.295     0.374 r  design_1_i/clk_wiz_0/inst/clkin1_ibufds/DIFFINBUF_INST/O
                         net (fo=1, routed)           0.040     0.414    design_1_i/clk_wiz_0/inst/clkin1_ibufds/OUT
    D7                   IBUFCTRL (Prop_IBUFCTRL_HPIOB_M_I_O)
                                                      0.000     0.414 r  design_1_i/clk_wiz_0/inst/clkin1_ibufds/IBUFCTRL_INST/O
                         net (fo=1, routed)           0.196     0.610    design_1_i/clk_wiz_0/inst/clk_in1_design_1_clk_wiz_0_0
    MMCM_X0Y2            MMCME4_ADV (Prop_MMCM_CLKIN1_CLKOUT0)
                                                      0.230     0.840 r  design_1_i/clk_wiz_0/inst/mmcme4_adv_inst/CLKOUT0
                         net (fo=1, routed)           0.145     0.985    design_1_i/clk_wiz_0/inst/clk25_design_1_clk_wiz_0_0
    BUFGCE_X0Y68         BUFGCE (Prop_BUFCE_BUFGCE_I_O)
                                                      0.017     1.002 r  design_1_i/clk_wiz_0/inst/clkout1_buf/O
    X0Y0 (CLOCK_ROOT)    net (fo=99, routed)          1.130     2.132    design_1_i/VideoTiming_0/inst/pixClk
    SLICE_X32Y22         FDRE                                         r  design_1_i/VideoTiming_0/inst/VSync_reg/C
  -------------------------------------------------------------------    -------------------
    SLICE_X32Y22         FDRE (Prop_DFF_SLICEL_C_Q)
                                                      0.039     2.171 r  design_1_i/VideoTiming_0/inst/VSync_reg/Q
                         net (fo=67, routed)          0.223     2.394    design_1_i/EnemyController_0/inst/FrameTick
    SLICE_X29Y33         LUT6 (Prop_H6LUT_SLICEM_I0_O)
                                                      0.041     2.435 r  design_1_i/EnemyController_0/inst/enemies[3][is_active]_i_1/O
                         net (fo=1, routed)           0.020     2.455    design_1_i/EnemyController_0/inst/enemies[3][is_active]_i_1_n_0
    SLICE_X29Y33         FDCE                                         r  design_1_i/EnemyController_0/inst/enemies_reg[3][is_active]/D
  -------------------------------------------------------------------    -------------------

Slack:                    inf
  Source:                 design_1_i/VideoTiming_0/inst/VSync_reg/C
                            (rising edge-triggered cell FDRE clocked by clk25_design_1_clk_wiz_0_0  {rise@0.000ns fall@20.000ns period=40.000ns})
  Destination:            design_1_i/EnemyController_0/inst/enemies_reg[8][R][5]/CE
  Path Group:             (none)
  Path Type:              Min at Fast Process Corner
  Data Path Delay:        0.324ns  (logic 0.079ns (24.410%)  route 0.245ns (75.590%))
  Logic Levels:           1  (LUT6=1)
  Clock Uncertainty:      0.163ns  ((TSJ^2 + DJ^2)^1/2) / 2 + PE
    Total System Jitter     (TSJ):    0.050ns
    Discrete Jitter          (DJ):    0.148ns
    Phase Error              (PE):    0.085ns
  Clock Net Delay (Source):      1.130ns (routing 0.640ns, distribution 0.490ns)

    Location             Delay type                Incr(ns)  Path(ns)    Netlist Resource(s)
  -------------------------------------------------------------------    -------------------
                         (clock clk25_design_1_clk_wiz_0_0 rise edge)
                                                      0.000     0.000 r  
    D7                                                0.000     0.000 r  clk_100mhz_clk_p (IN)
                         net (fo=0)                   0.079     0.079    design_1_i/clk_wiz_0/inst/clkin1_ibufds/I
    HPIOBDIFFINBUF_X0Y60 DIFFINBUF (Prop_DIFFINBUF_HPIOBDIFFINBUF_DIFF_IN_P_O)
                                                      0.295     0.374 r  design_1_i/clk_wiz_0/inst/clkin1_ibufds/DIFFINBUF_INST/O
                         net (fo=1, routed)           0.040     0.414    design_1_i/clk_wiz_0/inst/clkin1_ibufds/OUT
    D7                   IBUFCTRL (Prop_IBUFCTRL_HPIOB_M_I_O)
                                                      0.000     0.414 r  design_1_i/clk_wiz_0/inst/clkin1_ibufds/IBUFCTRL_INST/O
                         net (fo=1, routed)           0.196     0.610    design_1_i/clk_wiz_0/inst/clk_in1_design_1_clk_wiz_0_0
    MMCM_X0Y2            MMCME4_ADV (Prop_MMCM_CLKIN1_CLKOUT0)
                                                      0.230     0.840 r  design_1_i/clk_wiz_0/inst/mmcme4_adv_inst/CLKOUT0
                         net (fo=1, routed)           0.145     0.985    design_1_i/clk_wiz_0/inst/clk25_design_1_clk_wiz_0_0
    BUFGCE_X0Y68         BUFGCE (Prop_BUFCE_BUFGCE_I_O)
                                                      0.017     1.002 r  design_1_i/clk_wiz_0/inst/clkout1_buf/O
    X0Y0 (CLOCK_ROOT)    net (fo=99, routed)          1.130     2.132    design_1_i/VideoTiming_0/inst/pixClk
    SLICE_X32Y22         FDRE                                         r  design_1_i/VideoTiming_0/inst/VSync_reg/C
  -------------------------------------------------------------------    -------------------
    SLICE_X32Y22         FDRE (Prop_DFF_SLICEL_C_Q)
                                                      0.039     2.171 r  design_1_i/VideoTiming_0/inst/VSync_reg/Q
                         net (fo=67, routed)          0.146     2.317    design_1_i/EnemyController_0/inst/FrameTick
    SLICE_X28Y24         LUT6 (Prop_G6LUT_SLICEM_I0_O)
                                                      0.040     2.357 r  design_1_i/EnemyController_0/inst/enemies[8][R][9]_i_1/O
                         net (fo=9, routed)           0.099     2.456    design_1_i/EnemyController_0/inst/enemies[8][R]
    SLICE_X29Y24         FDCE                                         r  design_1_i/EnemyController_0/inst/enemies_reg[8][R][5]/CE
  -------------------------------------------------------------------    -------------------

Slack:                    inf
  Source:                 design_1_i/VideoTiming_0/inst/VSync_reg/C
                            (rising edge-triggered cell FDRE clocked by clk25_design_1_clk_wiz_0_0  {rise@0.000ns fall@20.000ns period=40.000ns})
  Destination:            design_1_i/EnemyController_0/inst/enemies_reg[8][R][6]/CE
  Path Group:             (none)
  Path Type:              Min at Fast Process Corner
  Data Path Delay:        0.324ns  (logic 0.079ns (24.410%)  route 0.245ns (75.590%))
  Logic Levels:           1  (LUT6=1)
  Clock Uncertainty:      0.163ns  ((TSJ^2 + DJ^2)^1/2) / 2 + PE
    Total System Jitter     (TSJ):    0.050ns
    Discrete Jitter          (DJ):    0.148ns
    Phase Error              (PE):    0.085ns
  Clock Net Delay (Source):      1.130ns (routing 0.640ns, distribution 0.490ns)

    Location             Delay type                Incr(ns)  Path(ns)    Netlist Resource(s)
  -------------------------------------------------------------------    -------------------
                         (clock clk25_design_1_clk_wiz_0_0 rise edge)
                                                      0.000     0.000 r  
    D7                                                0.000     0.000 r  clk_100mhz_clk_p (IN)
                         net (fo=0)                   0.079     0.079    design_1_i/clk_wiz_0/inst/clkin1_ibufds/I
    HPIOBDIFFINBUF_X0Y60 DIFFINBUF (Prop_DIFFINBUF_HPIOBDIFFINBUF_DIFF_IN_P_O)
                                                      0.295     0.374 r  design_1_i/clk_wiz_0/inst/clkin1_ibufds/DIFFINBUF_INST/O
                         net (fo=1, routed)           0.040     0.414    design_1_i/clk_wiz_0/inst/clkin1_ibufds/OUT
    D7                   IBUFCTRL (Prop_IBUFCTRL_HPIOB_M_I_O)
                                                      0.000     0.414 r  design_1_i/clk_wiz_0/inst/clkin1_ibufds/IBUFCTRL_INST/O
                         net (fo=1, routed)           0.196     0.610    design_1_i/clk_wiz_0/inst/clk_in1_design_1_clk_wiz_0_0
    MMCM_X0Y2            MMCME4_ADV (Prop_MMCM_CLKIN1_CLKOUT0)
                                                      0.230     0.840 r  design_1_i/clk_wiz_0/inst/mmcme4_adv_inst/CLKOUT0
                         net (fo=1, routed)           0.145     0.985    design_1_i/clk_wiz_0/inst/clk25_design_1_clk_wiz_0_0
    BUFGCE_X0Y68         BUFGCE (Prop_BUFCE_BUFGCE_I_O)
                                                      0.017     1.002 r  design_1_i/clk_wiz_0/inst/clkout1_buf/O
    X0Y0 (CLOCK_ROOT)    net (fo=99, routed)          1.130     2.132    design_1_i/VideoTiming_0/inst/pixClk
    SLICE_X32Y22         FDRE                                         r  design_1_i/VideoTiming_0/inst/VSync_reg/C
  -------------------------------------------------------------------    -------------------
    SLICE_X32Y22         FDRE (Prop_DFF_SLICEL_C_Q)
                                                      0.039     2.171 r  design_1_i/VideoTiming_0/inst/VSync_reg/Q
                         net (fo=67, routed)          0.146     2.317    design_1_i/EnemyController_0/inst/FrameTick
    SLICE_X28Y24         LUT6 (Prop_G6LUT_SLICEM_I0_O)
                                                      0.040     2.357 r  design_1_i/EnemyController_0/inst/enemies[8][R][9]_i_1/O
                         net (fo=9, routed)           0.099     2.456    design_1_i/EnemyController_0/inst/enemies[8][R]
    SLICE_X29Y24         FDCE                                         r  design_1_i/EnemyController_0/inst/enemies_reg[8][R][6]/CE
  -------------------------------------------------------------------    -------------------





--------------------------------------------------------------------------------------
Path Group:  (none)
From Clock:  
  To Clock:  clk25_design_1_clk_wiz_0_0

Max Delay            16 Endpoints
Min Delay            16 Endpoints
--------------------------------------------------------------------------------------


Max Delay Paths
--------------------------------------------------------------------------------------
Slack:                    inf
  Source:                 design_1_i/EnemyController_0/inst/enemies_reg[23][R][1]/C
                            (rising edge-triggered cell FDCE)
  Destination:            design_1_i/HDMI_TX_0/U0/i_wrap/TMDS_2/i_Enc/qD_reg[3]/D
                            (rising edge-triggered cell FDRE clocked by clk25_design_1_clk_wiz_0_0  {rise@0.000ns fall@20.000ns period=40.000ns})
  Path Group:             (none)
  Path Type:              Setup (Max at Slow Process Corner)
  Data Path Delay:        9.971ns  (logic 3.937ns (39.486%)  route 6.034ns (60.514%))
  Logic Levels:           25  (CARRY8=8 DSP_A_B_DATA=1 DSP_ALU=1 DSP_M_DATA=1 DSP_MULTIPLIER=1 DSP_OUTPUT=1 DSP_PREADD_DATA=1 FDCE=1 LUT1=1 LUT2=3 LUT3=1 LUT4=1 LUT5=1 LUT6=3)
  Clock Uncertainty:      0.163ns  ((TSJ^2 + DJ^2)^1/2) / 2 + PE
    Total System Jitter     (TSJ):    0.050ns
    Discrete Jitter          (DJ):    0.148ns
    Phase Error              (PE):    0.085ns
  Clock Net Delay (Destination): 1.859ns (routing 1.063ns, distribution 0.796ns)

    Location             Delay type                Incr(ns)  Path(ns)    Netlist Resource(s)
  -------------------------------------------------------------------    -------------------
    SLICE_X34Y51         FDCE                         0.000     0.000 r  design_1_i/EnemyController_0/inst/enemies_reg[23][R][1]/C
    SLICE_X34Y51         FDCE (Prop_DFF_SLICEM_C_Q)
                                                      0.078     0.078 f  design_1_i/EnemyController_0/inst/enemies_reg[23][R][1]/Q
                         net (fo=9, routed)           0.649     0.727    design_1_i/ImgGen_0/inst/enemyY[23]4/A[1]
    DSP48E2_X3Y22        DSP_A_B_DATA (Prop_DSP_A_B_DATA_DSP48E2_A[1]_A2_DATA[1])
                                                      0.192     0.919 r  design_1_i/ImgGen_0/inst/enemyY[23]4/DSP_A_B_DATA_INST/A2_DATA[1]
                         net (fo=1, routed)           0.000     0.919    design_1_i/ImgGen_0/inst/enemyY[23]4/DSP_A_B_DATA.A2_DATA<1>
    DSP48E2_X3Y22        DSP_PREADD_DATA (Prop_DSP_PREADD_DATA_DSP48E2_A2_DATA[1]_A2A1[1])
                                                      0.076     0.995 r  design_1_i/ImgGen_0/inst/enemyY[23]4/DSP_PREADD_DATA_INST/A2A1[1]
                         net (fo=1, routed)           0.000     0.995    design_1_i/ImgGen_0/inst/enemyY[23]4/DSP_PREADD_DATA.A2A1<1>
    DSP48E2_X3Y22        DSP_MULTIPLIER (Prop_DSP_MULTIPLIER_DSP48E2_A2A1[1]_U[1])
                                                      0.505     1.500 f  design_1_i/ImgGen_0/inst/enemyY[23]4/DSP_MULTIPLIER_INST/U[1]
                         net (fo=1, routed)           0.000     1.500    design_1_i/ImgGen_0/inst/enemyY[23]4/DSP_MULTIPLIER.U<1>
    DSP48E2_X3Y22        DSP_M_DATA (Prop_DSP_M_DATA_DSP48E2_U[1]_U_DATA[1])
                                                      0.047     1.547 r  design_1_i/ImgGen_0/inst/enemyY[23]4/DSP_M_DATA_INST/U_DATA[1]
                         net (fo=1, routed)           0.000     1.547    design_1_i/ImgGen_0/inst/enemyY[23]4/DSP_M_DATA.U_DATA<1>
    DSP48E2_X3Y22        DSP_ALU (Prop_DSP_ALU_DSP48E2_U_DATA[1]_ALU_OUT[1])
                                                      0.585     2.132 r  design_1_i/ImgGen_0/inst/enemyY[23]4/DSP_ALU_INST/ALU_OUT[1]
                         net (fo=1, routed)           0.000     2.132    design_1_i/ImgGen_0/inst/enemyY[23]4/DSP_ALU.ALU_OUT<1>
    DSP48E2_X3Y22        DSP_OUTPUT (Prop_DSP_OUTPUT_DSP48E2_ALU_OUT[1]_P[1])
                                                      0.109     2.241 f  design_1_i/ImgGen_0/inst/enemyY[23]4/DSP_OUTPUT_INST/P[1]
                         net (fo=1, routed)           0.694     2.935    design_1_i/ImgGen_0/inst/enemyY[23]4_n_104
    SLICE_X31Y55         LUT1 (Prop_A6LUT_SLICEM_I0_O)
                                                      0.100     3.035 r  design_1_i/ImgGen_0/inst/R[7]_INST_0_i_6242/O
                         net (fo=1, routed)           0.013     3.048    design_1_i/ImgGen_0/inst/R[7]_INST_0_i_6242_n_0
    SLICE_X31Y55         CARRY8 (Prop_CARRY8_SLICEM_S[0]_O[7])
                                                      0.241     3.289 f  design_1_i/ImgGen_0/inst/R[7]_INST_0_i_4812/O[7]
                         net (fo=4, routed)           0.401     3.690    design_1_i/ImgGen_0/inst/enemyY[23]4__0[8]
    SLICE_X24Y57         LUT3 (Prop_B5LUT_SLICEM_I2_O)
                                                      0.143     3.833 r  design_1_i/ImgGen_0/inst/R[7]_INST_0_i_6221/O
                         net (fo=2, routed)           0.468     4.301    design_1_i/ImgGen_0/inst/R[7]_INST_0_i_6221_n_0
    SLICE_X30Y56         CARRY8 (Prop_CARRY8_SLICEL_CI_CO[7])
                                                      0.151     4.452 r  design_1_i/ImgGen_0/inst/R[7]_INST_0_i_7103/CO[7]
                         net (fo=1, routed)           0.026     4.478    design_1_i/ImgGen_0/inst/R[7]_INST_0_i_7103_n_0
    SLICE_X30Y57         CARRY8 (Prop_CARRY8_SLICEL_CI_O[7])
                                                      0.116     4.594 f  design_1_i/ImgGen_0/inst/R[7]_INST_0_i_7493/O[7]
                         net (fo=1, routed)           0.220     4.814    design_1_i/ImgGen_0/inst/enemyY[23]2[16]
    SLICE_X29Y57         LUT2 (Prop_H6LUT_SLICEM_I1_O)
                                                      0.152     4.966 r  design_1_i/ImgGen_0/inst/R[7]_INST_0_i_7113/O
                         net (fo=1, routed)           0.015     4.981    design_1_i/ImgGen_0/inst/R[7]_INST_0_i_7113_n_0
    SLICE_X29Y57         CARRY8 (Prop_CARRY8_SLICEM_S[7]_CO[7])
                                                      0.117     5.098 r  design_1_i/ImgGen_0/inst/R[7]_INST_0_i_6251/CO[7]
                         net (fo=1, routed)           0.026     5.124    design_1_i/ImgGen_0/inst/R[7]_INST_0_i_6251_n_0
    SLICE_X29Y58         CARRY8 (Prop_CARRY8_SLICEM_CI_O[5])
                                                      0.116     5.240 f  design_1_i/ImgGen_0/inst/R[7]_INST_0_i_6243/O[5]
                         net (fo=3, routed)           0.292     5.532    design_1_i/ImgGen_0/inst/enemyY[23]0[22]
    SLICE_X27Y58         LUT2 (Prop_E6LUT_SLICEL_I1_O)
                                                      0.147     5.679 r  design_1_i/ImgGen_0/inst/R[7]_INST_0_i_4824/O
                         net (fo=1, routed)           0.007     5.686    design_1_i/ImgGen_0/inst/R[7]_INST_0_i_4824_n_0
    SLICE_X27Y58         CARRY8 (Prop_CARRY8_SLICEL_S[4]_CO[7])
                                                      0.153     5.839 r  design_1_i/ImgGen_0/inst/R[7]_INST_0_i_3170/CO[7]
                         net (fo=1, routed)           0.026     5.865    design_1_i/ImgGen_0/inst/R[7]_INST_0_i_3170_n_0
    SLICE_X27Y59         CARRY8 (Prop_CARRY8_SLICEL_CI_O[5])
                                                      0.116     5.981 f  design_1_i/ImgGen_0/inst/R[7]_INST_0_i_1695/O[5]
                         net (fo=2, routed)           0.248     6.229    design_1_i/ImgGen_0/inst/R4__0[31]
    SLICE_X26Y58         LUT2 (Prop_H6LUT_SLICEL_I0_O)
                                                      0.099     6.328 r  design_1_i/ImgGen_0/inst/R[7]_INST_0_i_1696/O
                         net (fo=1, routed)           0.010     6.338    design_1_i/ImgGen_0/inst/R[7]_INST_0_i_1696_n_0
    SLICE_X26Y58         CARRY8 (Prop_CARRY8_SLICEL_S[7]_CO[7])
                                                      0.122     6.460 r  design_1_i/ImgGen_0/inst/R[7]_INST_0_i_737/CO[7]
                         net (fo=1, routed)           0.504     6.964    design_1_i/ImgGen_0/inst/R3
    SLICE_X35Y52         LUT5 (Prop_H6LUT_SLICEL_I1_O)
                                                      0.150     7.114 r  design_1_i/ImgGen_0/inst/R[7]_INST_0_i_239/O
                         net (fo=1, routed)           0.348     7.462    design_1_i/ImgGen_0/inst/R[7]_INST_0_i_239_n_0
    SLICE_X35Y36         LUT6 (Prop_H6LUT_SLICEL_I5_O)
                                                      0.124     7.586 r  design_1_i/ImgGen_0/inst/R[7]_INST_0_i_53/O
                         net (fo=1, routed)           0.437     8.023    design_1_i/ImgGen_0/inst/R[7]_INST_0_i_53_n_0
    SLICE_X22Y29         LUT4 (Prop_G6LUT_SLICEL_I1_O)
                                                      0.149     8.172 r  design_1_i/ImgGen_0/inst/R[7]_INST_0_i_15/O
                         net (fo=1, routed)           0.192     8.364    design_1_i/ImgGen_0/inst/R[7]_INST_0_i_15_n_0
    SLICE_X23Y28         LUT6 (Prop_H6LUT_SLICEL_I4_O)
                                                      0.099     8.463 r  design_1_i/ImgGen_0/inst/R[7]_INST_0_i_3/O
                         net (fo=6, routed)           0.820     9.284    design_1_i/ImgGen_0/inst/R[7]_INST_0_i_3_n_0
    SLICE_X30Y10         LUT6 (Prop_G6LUT_SLICEL_I5_O)
                                                      0.050     9.334 r  design_1_i/ImgGen_0/inst/R[0]_INST_0/O
                         net (fo=2, routed)           0.637     9.971    design_1_i/HDMI_TX_0/U0/i_wrap/R[3]
    SLICE_X36Y6          FDRE                                         r  design_1_i/HDMI_TX_0/U0/i_wrap/TMDS_2/i_Enc/qD_reg[3]/D
  -------------------------------------------------------------------    -------------------

                         (clock clk25_design_1_clk_wiz_0_0 rise edge)
                                                      0.000     0.000 r  
    D7                                                0.000     0.000 r  clk_100mhz_clk_p (IN)
                         net (fo=0)                   0.079     0.079    design_1_i/clk_wiz_0/inst/clkin1_ibufds/I
    HPIOBDIFFINBUF_X0Y60 DIFFINBUF (Prop_DIFFINBUF_HPIOBDIFFINBUF_DIFF_IN_P_O)
                                                      0.519     0.598 r  design_1_i/clk_wiz_0/inst/clkin1_ibufds/DIFFINBUF_INST/O
                         net (fo=1, routed)           0.040     0.638    design_1_i/clk_wiz_0/inst/clkin1_ibufds/OUT
    D7                   IBUFCTRL (Prop_IBUFCTRL_HPIOB_M_I_O)
                                                      0.000     0.638 r  design_1_i/clk_wiz_0/inst/clkin1_ibufds/IBUFCTRL_INST/O
                         net (fo=1, routed)           0.333     0.971    design_1_i/clk_wiz_0/inst/clk_in1_design_1_clk_wiz_0_0
    MMCM_X0Y2            MMCME4_ADV (Prop_MMCM_CLKIN1_CLKOUT0)
                                                      0.630     1.601 r  design_1_i/clk_wiz_0/inst/mmcme4_adv_inst/CLKOUT0
                         net (fo=1, routed)           0.214     1.815    design_1_i/clk_wiz_0/inst/clk25_design_1_clk_wiz_0_0
    BUFGCE_X0Y68         BUFGCE (Prop_BUFCE_BUFGCE_I_O)
                                                      0.024     1.839 r  design_1_i/clk_wiz_0/inst/clkout1_buf/O
    X0Y0 (CLOCK_ROOT)    net (fo=99, routed)          1.859     3.698    design_1_i/HDMI_TX_0/U0/i_wrap/pxClk
    SLICE_X36Y6          FDRE                                         r  design_1_i/HDMI_TX_0/U0/i_wrap/TMDS_2/i_Enc/qD_reg[3]/C

Slack:                    inf
  Source:                 design_1_i/EnemyController_0/inst/enemies_reg[23][R][1]/C
                            (rising edge-triggered cell FDCE)
  Destination:            design_1_i/HDMI_TX_0/U0/i_wrap/TMDS_2/i_Enc/qD_reg[0]/D
                            (rising edge-triggered cell FDRE clocked by clk25_design_1_clk_wiz_0_0  {rise@0.000ns fall@20.000ns period=40.000ns})
  Path Group:             (none)
  Path Type:              Setup (Max at Slow Process Corner)
  Data Path Delay:        9.887ns  (logic 3.937ns (39.822%)  route 5.950ns (60.178%))
  Logic Levels:           25  (CARRY8=8 DSP_A_B_DATA=1 DSP_ALU=1 DSP_M_DATA=1 DSP_MULTIPLIER=1 DSP_OUTPUT=1 DSP_PREADD_DATA=1 FDCE=1 LUT1=1 LUT2=3 LUT3=1 LUT4=1 LUT5=1 LUT6=3)
  Clock Uncertainty:      0.163ns  ((TSJ^2 + DJ^2)^1/2) / 2 + PE
    Total System Jitter     (TSJ):    0.050ns
    Discrete Jitter          (DJ):    0.148ns
    Phase Error              (PE):    0.085ns
  Clock Net Delay (Destination): 1.859ns (routing 1.063ns, distribution 0.796ns)

    Location             Delay type                Incr(ns)  Path(ns)    Netlist Resource(s)
  -------------------------------------------------------------------    -------------------
    SLICE_X34Y51         FDCE                         0.000     0.000 r  design_1_i/EnemyController_0/inst/enemies_reg[23][R][1]/C
    SLICE_X34Y51         FDCE (Prop_DFF_SLICEM_C_Q)
                                                      0.078     0.078 f  design_1_i/EnemyController_0/inst/enemies_reg[23][R][1]/Q
                         net (fo=9, routed)           0.649     0.727    design_1_i/ImgGen_0/inst/enemyY[23]4/A[1]
    DSP48E2_X3Y22        DSP_A_B_DATA (Prop_DSP_A_B_DATA_DSP48E2_A[1]_A2_DATA[1])
                                                      0.192     0.919 r  design_1_i/ImgGen_0/inst/enemyY[23]4/DSP_A_B_DATA_INST/A2_DATA[1]
                         net (fo=1, routed)           0.000     0.919    design_1_i/ImgGen_0/inst/enemyY[23]4/DSP_A_B_DATA.A2_DATA<1>
    DSP48E2_X3Y22        DSP_PREADD_DATA (Prop_DSP_PREADD_DATA_DSP48E2_A2_DATA[1]_A2A1[1])
                                                      0.076     0.995 r  design_1_i/ImgGen_0/inst/enemyY[23]4/DSP_PREADD_DATA_INST/A2A1[1]
                         net (fo=1, routed)           0.000     0.995    design_1_i/ImgGen_0/inst/enemyY[23]4/DSP_PREADD_DATA.A2A1<1>
    DSP48E2_X3Y22        DSP_MULTIPLIER (Prop_DSP_MULTIPLIER_DSP48E2_A2A1[1]_U[1])
                                                      0.505     1.500 f  design_1_i/ImgGen_0/inst/enemyY[23]4/DSP_MULTIPLIER_INST/U[1]
                         net (fo=1, routed)           0.000     1.500    design_1_i/ImgGen_0/inst/enemyY[23]4/DSP_MULTIPLIER.U<1>
    DSP48E2_X3Y22        DSP_M_DATA (Prop_DSP_M_DATA_DSP48E2_U[1]_U_DATA[1])
                                                      0.047     1.547 r  design_1_i/ImgGen_0/inst/enemyY[23]4/DSP_M_DATA_INST/U_DATA[1]
                         net (fo=1, routed)           0.000     1.547    design_1_i/ImgGen_0/inst/enemyY[23]4/DSP_M_DATA.U_DATA<1>
    DSP48E2_X3Y22        DSP_ALU (Prop_DSP_ALU_DSP48E2_U_DATA[1]_ALU_OUT[1])
                                                      0.585     2.132 r  design_1_i/ImgGen_0/inst/enemyY[23]4/DSP_ALU_INST/ALU_OUT[1]
                         net (fo=1, routed)           0.000     2.132    design_1_i/ImgGen_0/inst/enemyY[23]4/DSP_ALU.ALU_OUT<1>
    DSP48E2_X3Y22        DSP_OUTPUT (Prop_DSP_OUTPUT_DSP48E2_ALU_OUT[1]_P[1])
                                                      0.109     2.241 f  design_1_i/ImgGen_0/inst/enemyY[23]4/DSP_OUTPUT_INST/P[1]
                         net (fo=1, routed)           0.694     2.935    design_1_i/ImgGen_0/inst/enemyY[23]4_n_104
    SLICE_X31Y55         LUT1 (Prop_A6LUT_SLICEM_I0_O)
                                                      0.100     3.035 r  design_1_i/ImgGen_0/inst/R[7]_INST_0_i_6242/O
                         net (fo=1, routed)           0.013     3.048    design_1_i/ImgGen_0/inst/R[7]_INST_0_i_6242_n_0
    SLICE_X31Y55         CARRY8 (Prop_CARRY8_SLICEM_S[0]_O[7])
                                                      0.241     3.289 f  design_1_i/ImgGen_0/inst/R[7]_INST_0_i_4812/O[7]
                         net (fo=4, routed)           0.401     3.690    design_1_i/ImgGen_0/inst/enemyY[23]4__0[8]
    SLICE_X24Y57         LUT3 (Prop_B5LUT_SLICEM_I2_O)
                                                      0.143     3.833 r  design_1_i/ImgGen_0/inst/R[7]_INST_0_i_6221/O
                         net (fo=2, routed)           0.468     4.301    design_1_i/ImgGen_0/inst/R[7]_INST_0_i_6221_n_0
    SLICE_X30Y56         CARRY8 (Prop_CARRY8_SLICEL_CI_CO[7])
                                                      0.151     4.452 r  design_1_i/ImgGen_0/inst/R[7]_INST_0_i_7103/CO[7]
                         net (fo=1, routed)           0.026     4.478    design_1_i/ImgGen_0/inst/R[7]_INST_0_i_7103_n_0
    SLICE_X30Y57         CARRY8 (Prop_CARRY8_SLICEL_CI_O[7])
                                                      0.116     4.594 f  design_1_i/ImgGen_0/inst/R[7]_INST_0_i_7493/O[7]
                         net (fo=1, routed)           0.220     4.814    design_1_i/ImgGen_0/inst/enemyY[23]2[16]
    SLICE_X29Y57         LUT2 (Prop_H6LUT_SLICEM_I1_O)
                                                      0.152     4.966 r  design_1_i/ImgGen_0/inst/R[7]_INST_0_i_7113/O
                         net (fo=1, routed)           0.015     4.981    design_1_i/ImgGen_0/inst/R[7]_INST_0_i_7113_n_0
    SLICE_X29Y57         CARRY8 (Prop_CARRY8_SLICEM_S[7]_CO[7])
                                                      0.117     5.098 r  design_1_i/ImgGen_0/inst/R[7]_INST_0_i_6251/CO[7]
                         net (fo=1, routed)           0.026     5.124    design_1_i/ImgGen_0/inst/R[7]_INST_0_i_6251_n_0
    SLICE_X29Y58         CARRY8 (Prop_CARRY8_SLICEM_CI_O[5])
                                                      0.116     5.240 f  design_1_i/ImgGen_0/inst/R[7]_INST_0_i_6243/O[5]
                         net (fo=3, routed)           0.292     5.532    design_1_i/ImgGen_0/inst/enemyY[23]0[22]
    SLICE_X27Y58         LUT2 (Prop_E6LUT_SLICEL_I1_O)
                                                      0.147     5.679 r  design_1_i/ImgGen_0/inst/R[7]_INST_0_i_4824/O
                         net (fo=1, routed)           0.007     5.686    design_1_i/ImgGen_0/inst/R[7]_INST_0_i_4824_n_0
    SLICE_X27Y58         CARRY8 (Prop_CARRY8_SLICEL_S[4]_CO[7])
                                                      0.153     5.839 r  design_1_i/ImgGen_0/inst/R[7]_INST_0_i_3170/CO[7]
                         net (fo=1, routed)           0.026     5.865    design_1_i/ImgGen_0/inst/R[7]_INST_0_i_3170_n_0
    SLICE_X27Y59         CARRY8 (Prop_CARRY8_SLICEL_CI_O[5])
                                                      0.116     5.981 f  design_1_i/ImgGen_0/inst/R[7]_INST_0_i_1695/O[5]
                         net (fo=2, routed)           0.248     6.229    design_1_i/ImgGen_0/inst/R4__0[31]
    SLICE_X26Y58         LUT2 (Prop_H6LUT_SLICEL_I0_O)
                                                      0.099     6.328 r  design_1_i/ImgGen_0/inst/R[7]_INST_0_i_1696/O
                         net (fo=1, routed)           0.010     6.338    design_1_i/ImgGen_0/inst/R[7]_INST_0_i_1696_n_0
    SLICE_X26Y58         CARRY8 (Prop_CARRY8_SLICEL_S[7]_CO[7])
                                                      0.122     6.460 r  design_1_i/ImgGen_0/inst/R[7]_INST_0_i_737/CO[7]
                         net (fo=1, routed)           0.504     6.964    design_1_i/ImgGen_0/inst/R3
    SLICE_X35Y52         LUT5 (Prop_H6LUT_SLICEL_I1_O)
                                                      0.150     7.114 r  design_1_i/ImgGen_0/inst/R[7]_INST_0_i_239/O
                         net (fo=1, routed)           0.348     7.462    design_1_i/ImgGen_0/inst/R[7]_INST_0_i_239_n_0
    SLICE_X35Y36         LUT6 (Prop_H6LUT_SLICEL_I5_O)
                                                      0.124     7.586 r  design_1_i/ImgGen_0/inst/R[7]_INST_0_i_53/O
                         net (fo=1, routed)           0.437     8.023    design_1_i/ImgGen_0/inst/R[7]_INST_0_i_53_n_0
    SLICE_X22Y29         LUT4 (Prop_G6LUT_SLICEL_I1_O)
                                                      0.149     8.172 r  design_1_i/ImgGen_0/inst/R[7]_INST_0_i_15/O
                         net (fo=1, routed)           0.192     8.364    design_1_i/ImgGen_0/inst/R[7]_INST_0_i_15_n_0
    SLICE_X23Y28         LUT6 (Prop_H6LUT_SLICEL_I4_O)
                                                      0.099     8.463 r  design_1_i/ImgGen_0/inst/R[7]_INST_0_i_3/O
                         net (fo=6, routed)           0.820     9.284    design_1_i/ImgGen_0/inst/R[7]_INST_0_i_3_n_0
    SLICE_X30Y10         LUT6 (Prop_G6LUT_SLICEL_I5_O)
                                                      0.050     9.334 r  design_1_i/ImgGen_0/inst/R[0]_INST_0/O
                         net (fo=2, routed)           0.553     9.887    design_1_i/HDMI_TX_0/U0/i_wrap/R[0]
    SLICE_X36Y6          FDRE                                         r  design_1_i/HDMI_TX_0/U0/i_wrap/TMDS_2/i_Enc/qD_reg[0]/D
  -------------------------------------------------------------------    -------------------

                         (clock clk25_design_1_clk_wiz_0_0 rise edge)
                                                      0.000     0.000 r  
    D7                                                0.000     0.000 r  clk_100mhz_clk_p (IN)
                         net (fo=0)                   0.079     0.079    design_1_i/clk_wiz_0/inst/clkin1_ibufds/I
    HPIOBDIFFINBUF_X0Y60 DIFFINBUF (Prop_DIFFINBUF_HPIOBDIFFINBUF_DIFF_IN_P_O)
                                                      0.519     0.598 r  design_1_i/clk_wiz_0/inst/clkin1_ibufds/DIFFINBUF_INST/O
                         net (fo=1, routed)           0.040     0.638    design_1_i/clk_wiz_0/inst/clkin1_ibufds/OUT
    D7                   IBUFCTRL (Prop_IBUFCTRL_HPIOB_M_I_O)
                                                      0.000     0.638 r  design_1_i/clk_wiz_0/inst/clkin1_ibufds/IBUFCTRL_INST/O
                         net (fo=1, routed)           0.333     0.971    design_1_i/clk_wiz_0/inst/clk_in1_design_1_clk_wiz_0_0
    MMCM_X0Y2            MMCME4_ADV (Prop_MMCM_CLKIN1_CLKOUT0)
                                                      0.630     1.601 r  design_1_i/clk_wiz_0/inst/mmcme4_adv_inst/CLKOUT0
                         net (fo=1, routed)           0.214     1.815    design_1_i/clk_wiz_0/inst/clk25_design_1_clk_wiz_0_0
    BUFGCE_X0Y68         BUFGCE (Prop_BUFCE_BUFGCE_I_O)
                                                      0.024     1.839 r  design_1_i/clk_wiz_0/inst/clkout1_buf/O
    X0Y0 (CLOCK_ROOT)    net (fo=99, routed)          1.859     3.698    design_1_i/HDMI_TX_0/U0/i_wrap/pxClk
    SLICE_X36Y6          FDRE                                         r  design_1_i/HDMI_TX_0/U0/i_wrap/TMDS_2/i_Enc/qD_reg[0]/C

Slack:                    inf
  Source:                 design_1_i/EnemyController_0/inst/enemies_reg[23][R][1]/C
                            (rising edge-triggered cell FDCE)
  Destination:            design_1_i/HDMI_TX_0/U0/i_wrap/TMDS_2/i_Enc/qD_reg[5]/D
                            (rising edge-triggered cell FDRE clocked by clk25_design_1_clk_wiz_0_0  {rise@0.000ns fall@20.000ns period=40.000ns})
  Path Group:             (none)
  Path Type:              Setup (Max at Slow Process Corner)
  Data Path Delay:        9.504ns  (logic 4.013ns (42.223%)  route 5.491ns (57.777%))
  Logic Levels:           26  (CARRY8=8 DSP_A_B_DATA=1 DSP_ALU=1 DSP_M_DATA=1 DSP_MULTIPLIER=1 DSP_OUTPUT=1 DSP_PREADD_DATA=1 FDCE=1 LUT1=1 LUT2=4 LUT3=1 LUT4=1 LUT5=1 LUT6=3)
  Clock Uncertainty:      0.163ns  ((TSJ^2 + DJ^2)^1/2) / 2 + PE
    Total System Jitter     (TSJ):    0.050ns
    Discrete Jitter          (DJ):    0.148ns
    Phase Error              (PE):    0.085ns
  Clock Net Delay (Destination): 1.840ns (routing 1.063ns, distribution 0.777ns)

    Location             Delay type                Incr(ns)  Path(ns)    Netlist Resource(s)
  -------------------------------------------------------------------    -------------------
    SLICE_X34Y51         FDCE                         0.000     0.000 r  design_1_i/EnemyController_0/inst/enemies_reg[23][R][1]/C
    SLICE_X34Y51         FDCE (Prop_DFF_SLICEM_C_Q)
                                                      0.078     0.078 f  design_1_i/EnemyController_0/inst/enemies_reg[23][R][1]/Q
                         net (fo=9, routed)           0.649     0.727    design_1_i/ImgGen_0/inst/enemyY[23]4/A[1]
    DSP48E2_X3Y22        DSP_A_B_DATA (Prop_DSP_A_B_DATA_DSP48E2_A[1]_A2_DATA[1])
                                                      0.192     0.919 r  design_1_i/ImgGen_0/inst/enemyY[23]4/DSP_A_B_DATA_INST/A2_DATA[1]
                         net (fo=1, routed)           0.000     0.919    design_1_i/ImgGen_0/inst/enemyY[23]4/DSP_A_B_DATA.A2_DATA<1>
    DSP48E2_X3Y22        DSP_PREADD_DATA (Prop_DSP_PREADD_DATA_DSP48E2_A2_DATA[1]_A2A1[1])
                                                      0.076     0.995 r  design_1_i/ImgGen_0/inst/enemyY[23]4/DSP_PREADD_DATA_INST/A2A1[1]
                         net (fo=1, routed)           0.000     0.995    design_1_i/ImgGen_0/inst/enemyY[23]4/DSP_PREADD_DATA.A2A1<1>
    DSP48E2_X3Y22        DSP_MULTIPLIER (Prop_DSP_MULTIPLIER_DSP48E2_A2A1[1]_U[1])
                                                      0.505     1.500 f  design_1_i/ImgGen_0/inst/enemyY[23]4/DSP_MULTIPLIER_INST/U[1]
                         net (fo=1, routed)           0.000     1.500    design_1_i/ImgGen_0/inst/enemyY[23]4/DSP_MULTIPLIER.U<1>
    DSP48E2_X3Y22        DSP_M_DATA (Prop_DSP_M_DATA_DSP48E2_U[1]_U_DATA[1])
                                                      0.047     1.547 r  design_1_i/ImgGen_0/inst/enemyY[23]4/DSP_M_DATA_INST/U_DATA[1]
                         net (fo=1, routed)           0.000     1.547    design_1_i/ImgGen_0/inst/enemyY[23]4/DSP_M_DATA.U_DATA<1>
    DSP48E2_X3Y22        DSP_ALU (Prop_DSP_ALU_DSP48E2_U_DATA[1]_ALU_OUT[1])
                                                      0.585     2.132 r  design_1_i/ImgGen_0/inst/enemyY[23]4/DSP_ALU_INST/ALU_OUT[1]
                         net (fo=1, routed)           0.000     2.132    design_1_i/ImgGen_0/inst/enemyY[23]4/DSP_ALU.ALU_OUT<1>
    DSP48E2_X3Y22        DSP_OUTPUT (Prop_DSP_OUTPUT_DSP48E2_ALU_OUT[1]_P[1])
                                                      0.109     2.241 f  design_1_i/ImgGen_0/inst/enemyY[23]4/DSP_OUTPUT_INST/P[1]
                         net (fo=1, routed)           0.694     2.935    design_1_i/ImgGen_0/inst/enemyY[23]4_n_104
    SLICE_X31Y55         LUT1 (Prop_A6LUT_SLICEM_I0_O)
                                                      0.100     3.035 r  design_1_i/ImgGen_0/inst/R[7]_INST_0_i_6242/O
                         net (fo=1, routed)           0.013     3.048    design_1_i/ImgGen_0/inst/R[7]_INST_0_i_6242_n_0
    SLICE_X31Y55         CARRY8 (Prop_CARRY8_SLICEM_S[0]_O[7])
                                                      0.241     3.289 f  design_1_i/ImgGen_0/inst/R[7]_INST_0_i_4812/O[7]
                         net (fo=4, routed)           0.401     3.690    design_1_i/ImgGen_0/inst/enemyY[23]4__0[8]
    SLICE_X24Y57         LUT3 (Prop_B5LUT_SLICEM_I2_O)
                                                      0.143     3.833 r  design_1_i/ImgGen_0/inst/R[7]_INST_0_i_6221/O
                         net (fo=2, routed)           0.468     4.301    design_1_i/ImgGen_0/inst/R[7]_INST_0_i_6221_n_0
    SLICE_X30Y56         CARRY8 (Prop_CARRY8_SLICEL_CI_CO[7])
                                                      0.151     4.452 r  design_1_i/ImgGen_0/inst/R[7]_INST_0_i_7103/CO[7]
                         net (fo=1, routed)           0.026     4.478    design_1_i/ImgGen_0/inst/R[7]_INST_0_i_7103_n_0
    SLICE_X30Y57         CARRY8 (Prop_CARRY8_SLICEL_CI_O[7])
                                                      0.116     4.594 f  design_1_i/ImgGen_0/inst/R[7]_INST_0_i_7493/O[7]
                         net (fo=1, routed)           0.220     4.814    design_1_i/ImgGen_0/inst/enemyY[23]2[16]
    SLICE_X29Y57         LUT2 (Prop_H6LUT_SLICEM_I1_O)
                                                      0.152     4.966 r  design_1_i/ImgGen_0/inst/R[7]_INST_0_i_7113/O
                         net (fo=1, routed)           0.015     4.981    design_1_i/ImgGen_0/inst/R[7]_INST_0_i_7113_n_0
    SLICE_X29Y57         CARRY8 (Prop_CARRY8_SLICEM_S[7]_CO[7])
                                                      0.117     5.098 r  design_1_i/ImgGen_0/inst/R[7]_INST_0_i_6251/CO[7]
                         net (fo=1, routed)           0.026     5.124    design_1_i/ImgGen_0/inst/R[7]_INST_0_i_6251_n_0
    SLICE_X29Y58         CARRY8 (Prop_CARRY8_SLICEM_CI_O[5])
                                                      0.116     5.240 f  design_1_i/ImgGen_0/inst/R[7]_INST_0_i_6243/O[5]
                         net (fo=3, routed)           0.292     5.532    design_1_i/ImgGen_0/inst/enemyY[23]0[22]
    SLICE_X27Y58         LUT2 (Prop_E6LUT_SLICEL_I1_O)
                                                      0.147     5.679 r  design_1_i/ImgGen_0/inst/R[7]_INST_0_i_4824/O
                         net (fo=1, routed)           0.007     5.686    design_1_i/ImgGen_0/inst/R[7]_INST_0_i_4824_n_0
    SLICE_X27Y58         CARRY8 (Prop_CARRY8_SLICEL_S[4]_CO[7])
                                                      0.153     5.839 r  design_1_i/ImgGen_0/inst/R[7]_INST_0_i_3170/CO[7]
                         net (fo=1, routed)           0.026     5.865    design_1_i/ImgGen_0/inst/R[7]_INST_0_i_3170_n_0
    SLICE_X27Y59         CARRY8 (Prop_CARRY8_SLICEL_CI_O[5])
                                                      0.116     5.981 f  design_1_i/ImgGen_0/inst/R[7]_INST_0_i_1695/O[5]
                         net (fo=2, routed)           0.248     6.229    design_1_i/ImgGen_0/inst/R4__0[31]
    SLICE_X26Y58         LUT2 (Prop_H6LUT_SLICEL_I0_O)
                                                      0.099     6.328 r  design_1_i/ImgGen_0/inst/R[7]_INST_0_i_1696/O
                         net (fo=1, routed)           0.010     6.338    design_1_i/ImgGen_0/inst/R[7]_INST_0_i_1696_n_0
    SLICE_X26Y58         CARRY8 (Prop_CARRY8_SLICEL_S[7]_CO[7])
                                                      0.122     6.460 r  design_1_i/ImgGen_0/inst/R[7]_INST_0_i_737/CO[7]
                         net (fo=1, routed)           0.504     6.964    design_1_i/ImgGen_0/inst/R3
    SLICE_X35Y52         LUT5 (Prop_H6LUT_SLICEL_I1_O)
                                                      0.150     7.114 r  design_1_i/ImgGen_0/inst/R[7]_INST_0_i_239/O
                         net (fo=1, routed)           0.348     7.462    design_1_i/ImgGen_0/inst/R[7]_INST_0_i_239_n_0
    SLICE_X35Y36         LUT6 (Prop_H6LUT_SLICEL_I5_O)
                                                      0.124     7.586 r  design_1_i/ImgGen_0/inst/R[7]_INST_0_i_53/O
                         net (fo=1, routed)           0.437     8.023    design_1_i/ImgGen_0/inst/R[7]_INST_0_i_53_n_0
    SLICE_X22Y29         LUT4 (Prop_G6LUT_SLICEL_I1_O)
                                                      0.149     8.172 r  design_1_i/ImgGen_0/inst/R[7]_INST_0_i_15/O
                         net (fo=1, routed)           0.192     8.364    design_1_i/ImgGen_0/inst/R[7]_INST_0_i_15_n_0
    SLICE_X23Y28         LUT6 (Prop_H6LUT_SLICEL_I4_O)
                                                      0.099     8.463 r  design_1_i/ImgGen_0/inst/R[7]_INST_0_i_3/O
                         net (fo=6, routed)           0.686     9.149    design_1_i/ImgGen_0/inst/R[7]_INST_0_i_3_n_0
    SLICE_X36Y9          LUT2 (Prop_A6LUT_SLICEL_I0_O)
                                                      0.090     9.239 r  design_1_i/ImgGen_0/inst/R[5]_INST_0_i_4/O
                         net (fo=2, routed)           0.180     9.419    design_1_i/ImgGen_0/inst/R[5]_INST_0_i_4_n_0
    SLICE_X35Y10         LUT6 (Prop_D6LUT_SLICEL_I5_O)
                                                      0.036     9.455 r  design_1_i/ImgGen_0/inst/R[5]_INST_0/O
                         net (fo=1, routed)           0.049     9.504    design_1_i/HDMI_TX_0/U0/i_wrap/R[5]
    SLICE_X35Y10         FDRE                                         r  design_1_i/HDMI_TX_0/U0/i_wrap/TMDS_2/i_Enc/qD_reg[5]/D
  -------------------------------------------------------------------    -------------------

                         (clock clk25_design_1_clk_wiz_0_0 rise edge)
                                                      0.000     0.000 r  
    D7                                                0.000     0.000 r  clk_100mhz_clk_p (IN)
                         net (fo=0)                   0.079     0.079    design_1_i/clk_wiz_0/inst/clkin1_ibufds/I
    HPIOBDIFFINBUF_X0Y60 DIFFINBUF (Prop_DIFFINBUF_HPIOBDIFFINBUF_DIFF_IN_P_O)
                                                      0.519     0.598 r  design_1_i/clk_wiz_0/inst/clkin1_ibufds/DIFFINBUF_INST/O
                         net (fo=1, routed)           0.040     0.638    design_1_i/clk_wiz_0/inst/clkin1_ibufds/OUT
    D7                   IBUFCTRL (Prop_IBUFCTRL_HPIOB_M_I_O)
                                                      0.000     0.638 r  design_1_i/clk_wiz_0/inst/clkin1_ibufds/IBUFCTRL_INST/O
                         net (fo=1, routed)           0.333     0.971    design_1_i/clk_wiz_0/inst/clk_in1_design_1_clk_wiz_0_0
    MMCM_X0Y2            MMCME4_ADV (Prop_MMCM_CLKIN1_CLKOUT0)
                                                      0.630     1.601 r  design_1_i/clk_wiz_0/inst/mmcme4_adv_inst/CLKOUT0
                         net (fo=1, routed)           0.214     1.815    design_1_i/clk_wiz_0/inst/clk25_design_1_clk_wiz_0_0
    BUFGCE_X0Y68         BUFGCE (Prop_BUFCE_BUFGCE_I_O)
                                                      0.024     1.839 r  design_1_i/clk_wiz_0/inst/clkout1_buf/O
    X0Y0 (CLOCK_ROOT)    net (fo=99, routed)          1.840     3.679    design_1_i/HDMI_TX_0/U0/i_wrap/pxClk
    SLICE_X35Y10         FDRE                                         r  design_1_i/HDMI_TX_0/U0/i_wrap/TMDS_2/i_Enc/qD_reg[5]/C

Slack:                    inf
  Source:                 design_1_i/EnemyController_0/inst/enemies_reg[23][R][1]/C
                            (rising edge-triggered cell FDCE)
  Destination:            design_1_i/HDMI_TX_0/U0/i_wrap/TMDS_2/i_Enc/qD_reg[7]/D
                            (rising edge-triggered cell FDRE clocked by clk25_design_1_clk_wiz_0_0  {rise@0.000ns fall@20.000ns period=40.000ns})
  Path Group:             (none)
  Path Type:              Setup (Max at Slow Process Corner)
  Data Path Delay:        9.486ns  (logic 3.987ns (42.030%)  route 5.499ns (57.970%))
  Logic Levels:           25  (CARRY8=8 DSP_A_B_DATA=1 DSP_ALU=1 DSP_M_DATA=1 DSP_MULTIPLIER=1 DSP_OUTPUT=1 DSP_PREADD_DATA=1 FDCE=1 LUT1=1 LUT2=3 LUT3=2 LUT4=1 LUT5=1 LUT6=2)
  Clock Uncertainty:      0.163ns  ((TSJ^2 + DJ^2)^1/2) / 2 + PE
    Total System Jitter     (TSJ):    0.050ns
    Discrete Jitter          (DJ):    0.148ns
    Phase Error              (PE):    0.085ns
  Clock Net Delay (Destination): 1.863ns (routing 1.063ns, distribution 0.800ns)

    Location             Delay type                Incr(ns)  Path(ns)    Netlist Resource(s)
  -------------------------------------------------------------------    -------------------
    SLICE_X34Y51         FDCE                         0.000     0.000 r  design_1_i/EnemyController_0/inst/enemies_reg[23][R][1]/C
    SLICE_X34Y51         FDCE (Prop_DFF_SLICEM_C_Q)
                                                      0.078     0.078 f  design_1_i/EnemyController_0/inst/enemies_reg[23][R][1]/Q
                         net (fo=9, routed)           0.649     0.727    design_1_i/ImgGen_0/inst/enemyY[23]4/A[1]
    DSP48E2_X3Y22        DSP_A_B_DATA (Prop_DSP_A_B_DATA_DSP48E2_A[1]_A2_DATA[1])
                                                      0.192     0.919 r  design_1_i/ImgGen_0/inst/enemyY[23]4/DSP_A_B_DATA_INST/A2_DATA[1]
                         net (fo=1, routed)           0.000     0.919    design_1_i/ImgGen_0/inst/enemyY[23]4/DSP_A_B_DATA.A2_DATA<1>
    DSP48E2_X3Y22        DSP_PREADD_DATA (Prop_DSP_PREADD_DATA_DSP48E2_A2_DATA[1]_A2A1[1])
                                                      0.076     0.995 r  design_1_i/ImgGen_0/inst/enemyY[23]4/DSP_PREADD_DATA_INST/A2A1[1]
                         net (fo=1, routed)           0.000     0.995    design_1_i/ImgGen_0/inst/enemyY[23]4/DSP_PREADD_DATA.A2A1<1>
    DSP48E2_X3Y22        DSP_MULTIPLIER (Prop_DSP_MULTIPLIER_DSP48E2_A2A1[1]_U[1])
                                                      0.505     1.500 f  design_1_i/ImgGen_0/inst/enemyY[23]4/DSP_MULTIPLIER_INST/U[1]
                         net (fo=1, routed)           0.000     1.500    design_1_i/ImgGen_0/inst/enemyY[23]4/DSP_MULTIPLIER.U<1>
    DSP48E2_X3Y22        DSP_M_DATA (Prop_DSP_M_DATA_DSP48E2_U[1]_U_DATA[1])
                                                      0.047     1.547 r  design_1_i/ImgGen_0/inst/enemyY[23]4/DSP_M_DATA_INST/U_DATA[1]
                         net (fo=1, routed)           0.000     1.547    design_1_i/ImgGen_0/inst/enemyY[23]4/DSP_M_DATA.U_DATA<1>
    DSP48E2_X3Y22        DSP_ALU (Prop_DSP_ALU_DSP48E2_U_DATA[1]_ALU_OUT[1])
                                                      0.585     2.132 r  design_1_i/ImgGen_0/inst/enemyY[23]4/DSP_ALU_INST/ALU_OUT[1]
                         net (fo=1, routed)           0.000     2.132    design_1_i/ImgGen_0/inst/enemyY[23]4/DSP_ALU.ALU_OUT<1>
    DSP48E2_X3Y22        DSP_OUTPUT (Prop_DSP_OUTPUT_DSP48E2_ALU_OUT[1]_P[1])
                                                      0.109     2.241 f  design_1_i/ImgGen_0/inst/enemyY[23]4/DSP_OUTPUT_INST/P[1]
                         net (fo=1, routed)           0.694     2.935    design_1_i/ImgGen_0/inst/enemyY[23]4_n_104
    SLICE_X31Y55         LUT1 (Prop_A6LUT_SLICEM_I0_O)
                                                      0.100     3.035 r  design_1_i/ImgGen_0/inst/R[7]_INST_0_i_6242/O
                         net (fo=1, routed)           0.013     3.048    design_1_i/ImgGen_0/inst/R[7]_INST_0_i_6242_n_0
    SLICE_X31Y55         CARRY8 (Prop_CARRY8_SLICEM_S[0]_O[7])
                                                      0.241     3.289 f  design_1_i/ImgGen_0/inst/R[7]_INST_0_i_4812/O[7]
                         net (fo=4, routed)           0.401     3.690    design_1_i/ImgGen_0/inst/enemyY[23]4__0[8]
    SLICE_X24Y57         LUT3 (Prop_B5LUT_SLICEM_I2_O)
                                                      0.143     3.833 r  design_1_i/ImgGen_0/inst/R[7]_INST_0_i_6221/O
                         net (fo=2, routed)           0.468     4.301    design_1_i/ImgGen_0/inst/R[7]_INST_0_i_6221_n_0
    SLICE_X30Y56         CARRY8 (Prop_CARRY8_SLICEL_CI_CO[7])
                                                      0.151     4.452 r  design_1_i/ImgGen_0/inst/R[7]_INST_0_i_7103/CO[7]
                         net (fo=1, routed)           0.026     4.478    design_1_i/ImgGen_0/inst/R[7]_INST_0_i_7103_n_0
    SLICE_X30Y57         CARRY8 (Prop_CARRY8_SLICEL_CI_O[7])
                                                      0.116     4.594 f  design_1_i/ImgGen_0/inst/R[7]_INST_0_i_7493/O[7]
                         net (fo=1, routed)           0.220     4.814    design_1_i/ImgGen_0/inst/enemyY[23]2[16]
    SLICE_X29Y57         LUT2 (Prop_H6LUT_SLICEM_I1_O)
                                                      0.152     4.966 r  design_1_i/ImgGen_0/inst/R[7]_INST_0_i_7113/O
                         net (fo=1, routed)           0.015     4.981    design_1_i/ImgGen_0/inst/R[7]_INST_0_i_7113_n_0
    SLICE_X29Y57         CARRY8 (Prop_CARRY8_SLICEM_S[7]_CO[7])
                                                      0.117     5.098 r  design_1_i/ImgGen_0/inst/R[7]_INST_0_i_6251/CO[7]
                         net (fo=1, routed)           0.026     5.124    design_1_i/ImgGen_0/inst/R[7]_INST_0_i_6251_n_0
    SLICE_X29Y58         CARRY8 (Prop_CARRY8_SLICEM_CI_O[5])
                                                      0.116     5.240 f  design_1_i/ImgGen_0/inst/R[7]_INST_0_i_6243/O[5]
                         net (fo=3, routed)           0.292     5.532    design_1_i/ImgGen_0/inst/enemyY[23]0[22]
    SLICE_X27Y58         LUT2 (Prop_E6LUT_SLICEL_I1_O)
                                                      0.147     5.679 r  design_1_i/ImgGen_0/inst/R[7]_INST_0_i_4824/O
                         net (fo=1, routed)           0.007     5.686    design_1_i/ImgGen_0/inst/R[7]_INST_0_i_4824_n_0
    SLICE_X27Y58         CARRY8 (Prop_CARRY8_SLICEL_S[4]_CO[7])
                                                      0.153     5.839 r  design_1_i/ImgGen_0/inst/R[7]_INST_0_i_3170/CO[7]
                         net (fo=1, routed)           0.026     5.865    design_1_i/ImgGen_0/inst/R[7]_INST_0_i_3170_n_0
    SLICE_X27Y59         CARRY8 (Prop_CARRY8_SLICEL_CI_O[5])
                                                      0.116     5.981 f  design_1_i/ImgGen_0/inst/R[7]_INST_0_i_1695/O[5]
                         net (fo=2, routed)           0.248     6.229    design_1_i/ImgGen_0/inst/R4__0[31]
    SLICE_X26Y58         LUT2 (Prop_H6LUT_SLICEL_I0_O)
                                                      0.099     6.328 r  design_1_i/ImgGen_0/inst/R[7]_INST_0_i_1696/O
                         net (fo=1, routed)           0.010     6.338    design_1_i/ImgGen_0/inst/R[7]_INST_0_i_1696_n_0
    SLICE_X26Y58         CARRY8 (Prop_CARRY8_SLICEL_S[7]_CO[7])
                                                      0.122     6.460 r  design_1_i/ImgGen_0/inst/R[7]_INST_0_i_737/CO[7]
                         net (fo=1, routed)           0.504     6.964    design_1_i/ImgGen_0/inst/R3
    SLICE_X35Y52         LUT5 (Prop_H6LUT_SLICEL_I1_O)
                                                      0.150     7.114 r  design_1_i/ImgGen_0/inst/R[7]_INST_0_i_239/O
                         net (fo=1, routed)           0.348     7.462    design_1_i/ImgGen_0/inst/R[7]_INST_0_i_239_n_0
    SLICE_X35Y36         LUT6 (Prop_H6LUT_SLICEL_I5_O)
                                                      0.124     7.586 r  design_1_i/ImgGen_0/inst/R[7]_INST_0_i_53/O
                         net (fo=1, routed)           0.437     8.023    design_1_i/ImgGen_0/inst/R[7]_INST_0_i_53_n_0
    SLICE_X22Y29         LUT4 (Prop_G6LUT_SLICEL_I1_O)
                                                      0.149     8.172 r  design_1_i/ImgGen_0/inst/R[7]_INST_0_i_15/O
                         net (fo=1, routed)           0.192     8.364    design_1_i/ImgGen_0/inst/R[7]_INST_0_i_15_n_0
    SLICE_X23Y28         LUT6 (Prop_H6LUT_SLICEL_I4_O)
                                                      0.099     8.463 r  design_1_i/ImgGen_0/inst/R[7]_INST_0_i_3/O
                         net (fo=6, routed)           0.686     9.149    design_1_i/ImgGen_0/inst/R[7]_INST_0_i_3_n_0
    SLICE_X36Y9          LUT3 (Prop_A5LUT_SLICEL_I2_O)
                                                      0.100     9.249 r  design_1_i/ImgGen_0/inst/R[7]_INST_0/O
                         net (fo=1, routed)           0.237     9.486    design_1_i/HDMI_TX_0/U0/i_wrap/R[7]
    SLICE_X36Y9          FDRE                                         r  design_1_i/HDMI_TX_0/U0/i_wrap/TMDS_2/i_Enc/qD_reg[7]/D
  -------------------------------------------------------------------    -------------------

                         (clock clk25_design_1_clk_wiz_0_0 rise edge)
                                                      0.000     0.000 r  
    D7                                                0.000     0.000 r  clk_100mhz_clk_p (IN)
                         net (fo=0)                   0.079     0.079    design_1_i/clk_wiz_0/inst/clkin1_ibufds/I
    HPIOBDIFFINBUF_X0Y60 DIFFINBUF (Prop_DIFFINBUF_HPIOBDIFFINBUF_DIFF_IN_P_O)
                                                      0.519     0.598 r  design_1_i/clk_wiz_0/inst/clkin1_ibufds/DIFFINBUF_INST/O
                         net (fo=1, routed)           0.040     0.638    design_1_i/clk_wiz_0/inst/clkin1_ibufds/OUT
    D7                   IBUFCTRL (Prop_IBUFCTRL_HPIOB_M_I_O)
                                                      0.000     0.638 r  design_1_i/clk_wiz_0/inst/clkin1_ibufds/IBUFCTRL_INST/O
                         net (fo=1, routed)           0.333     0.971    design_1_i/clk_wiz_0/inst/clk_in1_design_1_clk_wiz_0_0
    MMCM_X0Y2            MMCME4_ADV (Prop_MMCM_CLKIN1_CLKOUT0)
                                                      0.630     1.601 r  design_1_i/clk_wiz_0/inst/mmcme4_adv_inst/CLKOUT0
                         net (fo=1, routed)           0.214     1.815    design_1_i/clk_wiz_0/inst/clk25_design_1_clk_wiz_0_0
    BUFGCE_X0Y68         BUFGCE (Prop_BUFCE_BUFGCE_I_O)
                                                      0.024     1.839 r  design_1_i/clk_wiz_0/inst/clkout1_buf/O
    X0Y0 (CLOCK_ROOT)    net (fo=99, routed)          1.863     3.702    design_1_i/HDMI_TX_0/U0/i_wrap/pxClk
    SLICE_X36Y9          FDRE                                         r  design_1_i/HDMI_TX_0/U0/i_wrap/TMDS_2/i_Enc/qD_reg[7]/C

Slack:                    inf
  Source:                 design_1_i/EnemyController_0/inst/enemies_reg[23][R][1]/C
                            (rising edge-triggered cell FDCE)
  Destination:            design_1_i/HDMI_TX_0/U0/i_wrap/TMDS_2/i_Enc/qD_reg[2]/D
                            (rising edge-triggered cell FDRE clocked by clk25_design_1_clk_wiz_0_0  {rise@0.000ns fall@20.000ns period=40.000ns})
  Path Group:             (none)
  Path Type:              Setup (Max at Slow Process Corner)
  Data Path Delay:        9.368ns  (logic 4.012ns (42.826%)  route 5.356ns (57.174%))
  Logic Levels:           26  (CARRY8=8 DSP_A_B_DATA=1 DSP_ALU=1 DSP_M_DATA=1 DSP_MULTIPLIER=1 DSP_OUTPUT=1 DSP_PREADD_DATA=1 FDCE=1 LUT1=1 LUT2=4 LUT3=1 LUT4=1 LUT5=1 LUT6=3)
  Clock Uncertainty:      0.163ns  ((TSJ^2 + DJ^2)^1/2) / 2 + PE
    Total System Jitter     (TSJ):    0.050ns
    Discrete Jitter          (DJ):    0.148ns
    Phase Error              (PE):    0.085ns
  Clock Net Delay (Destination): 1.861ns (routing 1.063ns, distribution 0.798ns)

    Location             Delay type                Incr(ns)  Path(ns)    Netlist Resource(s)
  -------------------------------------------------------------------    -------------------
    SLICE_X34Y51         FDCE                         0.000     0.000 r  design_1_i/EnemyController_0/inst/enemies_reg[23][R][1]/C
    SLICE_X34Y51         FDCE (Prop_DFF_SLICEM_C_Q)
                                                      0.078     0.078 f  design_1_i/EnemyController_0/inst/enemies_reg[23][R][1]/Q
                         net (fo=9, routed)           0.649     0.727    design_1_i/ImgGen_0/inst/enemyY[23]4/A[1]
    DSP48E2_X3Y22        DSP_A_B_DATA (Prop_DSP_A_B_DATA_DSP48E2_A[1]_A2_DATA[1])
                                                      0.192     0.919 r  design_1_i/ImgGen_0/inst/enemyY[23]4/DSP_A_B_DATA_INST/A2_DATA[1]
                         net (fo=1, routed)           0.000     0.919    design_1_i/ImgGen_0/inst/enemyY[23]4/DSP_A_B_DATA.A2_DATA<1>
    DSP48E2_X3Y22        DSP_PREADD_DATA (Prop_DSP_PREADD_DATA_DSP48E2_A2_DATA[1]_A2A1[1])
                                                      0.076     0.995 r  design_1_i/ImgGen_0/inst/enemyY[23]4/DSP_PREADD_DATA_INST/A2A1[1]
                         net (fo=1, routed)           0.000     0.995    design_1_i/ImgGen_0/inst/enemyY[23]4/DSP_PREADD_DATA.A2A1<1>
    DSP48E2_X3Y22        DSP_MULTIPLIER (Prop_DSP_MULTIPLIER_DSP48E2_A2A1[1]_U[1])
                                                      0.505     1.500 f  design_1_i/ImgGen_0/inst/enemyY[23]4/DSP_MULTIPLIER_INST/U[1]
                         net (fo=1, routed)           0.000     1.500    design_1_i/ImgGen_0/inst/enemyY[23]4/DSP_MULTIPLIER.U<1>
    DSP48E2_X3Y22        DSP_M_DATA (Prop_DSP_M_DATA_DSP48E2_U[1]_U_DATA[1])
                                                      0.047     1.547 r  design_1_i/ImgGen_0/inst/enemyY[23]4/DSP_M_DATA_INST/U_DATA[1]
                         net (fo=1, routed)           0.000     1.547    design_1_i/ImgGen_0/inst/enemyY[23]4/DSP_M_DATA.U_DATA<1>
    DSP48E2_X3Y22        DSP_ALU (Prop_DSP_ALU_DSP48E2_U_DATA[1]_ALU_OUT[1])
                                                      0.585     2.132 r  design_1_i/ImgGen_0/inst/enemyY[23]4/DSP_ALU_INST/ALU_OUT[1]
                         net (fo=1, routed)           0.000     2.132    design_1_i/ImgGen_0/inst/enemyY[23]4/DSP_ALU.ALU_OUT<1>
    DSP48E2_X3Y22        DSP_OUTPUT (Prop_DSP_OUTPUT_DSP48E2_ALU_OUT[1]_P[1])
                                                      0.109     2.241 f  design_1_i/ImgGen_0/inst/enemyY[23]4/DSP_OUTPUT_INST/P[1]
                         net (fo=1, routed)           0.694     2.935    design_1_i/ImgGen_0/inst/enemyY[23]4_n_104
    SLICE_X31Y55         LUT1 (Prop_A6LUT_SLICEM_I0_O)
                                                      0.100     3.035 r  design_1_i/ImgGen_0/inst/R[7]_INST_0_i_6242/O
                         net (fo=1, routed)           0.013     3.048    design_1_i/ImgGen_0/inst/R[7]_INST_0_i_6242_n_0
    SLICE_X31Y55         CARRY8 (Prop_CARRY8_SLICEM_S[0]_O[7])
                                                      0.241     3.289 f  design_1_i/ImgGen_0/inst/R[7]_INST_0_i_4812/O[7]
                         net (fo=4, routed)           0.401     3.690    design_1_i/ImgGen_0/inst/enemyY[23]4__0[8]
    SLICE_X24Y57         LUT3 (Prop_B5LUT_SLICEM_I2_O)
                                                      0.143     3.833 r  design_1_i/ImgGen_0/inst/R[7]_INST_0_i_6221/O
                         net (fo=2, routed)           0.468     4.301    design_1_i/ImgGen_0/inst/R[7]_INST_0_i_6221_n_0
    SLICE_X30Y56         CARRY8 (Prop_CARRY8_SLICEL_CI_CO[7])
                                                      0.151     4.452 r  design_1_i/ImgGen_0/inst/R[7]_INST_0_i_7103/CO[7]
                         net (fo=1, routed)           0.026     4.478    design_1_i/ImgGen_0/inst/R[7]_INST_0_i_7103_n_0
    SLICE_X30Y57         CARRY8 (Prop_CARRY8_SLICEL_CI_O[7])
                                                      0.116     4.594 f  design_1_i/ImgGen_0/inst/R[7]_INST_0_i_7493/O[7]
                         net (fo=1, routed)           0.220     4.814    design_1_i/ImgGen_0/inst/enemyY[23]2[16]
    SLICE_X29Y57         LUT2 (Prop_H6LUT_SLICEM_I1_O)
                                                      0.152     4.966 r  design_1_i/ImgGen_0/inst/R[7]_INST_0_i_7113/O
                         net (fo=1, routed)           0.015     4.981    design_1_i/ImgGen_0/inst/R[7]_INST_0_i_7113_n_0
    SLICE_X29Y57         CARRY8 (Prop_CARRY8_SLICEM_S[7]_CO[7])
                                                      0.117     5.098 r  design_1_i/ImgGen_0/inst/R[7]_INST_0_i_6251/CO[7]
                         net (fo=1, routed)           0.026     5.124    design_1_i/ImgGen_0/inst/R[7]_INST_0_i_6251_n_0
    SLICE_X29Y58         CARRY8 (Prop_CARRY8_SLICEM_CI_O[5])
                                                      0.116     5.240 f  design_1_i/ImgGen_0/inst/R[7]_INST_0_i_6243/O[5]
                         net (fo=3, routed)           0.292     5.532    design_1_i/ImgGen_0/inst/enemyY[23]0[22]
    SLICE_X27Y58         LUT2 (Prop_E6LUT_SLICEL_I1_O)
                                                      0.147     5.679 r  design_1_i/ImgGen_0/inst/R[7]_INST_0_i_4824/O
                         net (fo=1, routed)           0.007     5.686    design_1_i/ImgGen_0/inst/R[7]_INST_0_i_4824_n_0
    SLICE_X27Y58         CARRY8 (Prop_CARRY8_SLICEL_S[4]_CO[7])
                                                      0.153     5.839 r  design_1_i/ImgGen_0/inst/R[7]_INST_0_i_3170/CO[7]
                         net (fo=1, routed)           0.026     5.865    design_1_i/ImgGen_0/inst/R[7]_INST_0_i_3170_n_0
    SLICE_X27Y59         CARRY8 (Prop_CARRY8_SLICEL_CI_O[5])
                                                      0.116     5.981 f  design_1_i/ImgGen_0/inst/R[7]_INST_0_i_1695/O[5]
                         net (fo=2, routed)           0.248     6.229    design_1_i/ImgGen_0/inst/R4__0[31]
    SLICE_X26Y58         LUT2 (Prop_H6LUT_SLICEL_I0_O)
                                                      0.099     6.328 r  design_1_i/ImgGen_0/inst/R[7]_INST_0_i_1696/O
                         net (fo=1, routed)           0.010     6.338    design_1_i/ImgGen_0/inst/R[7]_INST_0_i_1696_n_0
    SLICE_X26Y58         CARRY8 (Prop_CARRY8_SLICEL_S[7]_CO[7])
                                                      0.122     6.460 r  design_1_i/ImgGen_0/inst/R[7]_INST_0_i_737/CO[7]
                         net (fo=1, routed)           0.504     6.964    design_1_i/ImgGen_0/inst/R3
    SLICE_X35Y52         LUT5 (Prop_H6LUT_SLICEL_I1_O)
                                                      0.150     7.114 r  design_1_i/ImgGen_0/inst/R[7]_INST_0_i_239/O
                         net (fo=1, routed)           0.348     7.462    design_1_i/ImgGen_0/inst/R[7]_INST_0_i_239_n_0
    SLICE_X35Y36         LUT6 (Prop_H6LUT_SLICEL_I5_O)
                                                      0.124     7.586 r  design_1_i/ImgGen_0/inst/R[7]_INST_0_i_53/O
                         net (fo=1, routed)           0.437     8.023    design_1_i/ImgGen_0/inst/R[7]_INST_0_i_53_n_0
    SLICE_X22Y29         LUT4 (Prop_G6LUT_SLICEL_I1_O)
                                                      0.149     8.172 r  design_1_i/ImgGen_0/inst/R[7]_INST_0_i_15/O
                         net (fo=1, routed)           0.192     8.364    design_1_i/ImgGen_0/inst/R[7]_INST_0_i_15_n_0
    SLICE_X23Y28         LUT6 (Prop_H6LUT_SLICEL_I4_O)
                                                      0.099     8.463 r  design_1_i/ImgGen_0/inst/R[7]_INST_0_i_3/O
                         net (fo=6, routed)           0.686     9.149    design_1_i/ImgGen_0/inst/R[7]_INST_0_i_3_n_0
    SLICE_X36Y9          LUT2 (Prop_A6LUT_SLICEL_I0_O)
                                                      0.090     9.239 r  design_1_i/ImgGen_0/inst/R[5]_INST_0_i_4/O
                         net (fo=2, routed)           0.044     9.283    design_1_i/ImgGen_0/inst/R[5]_INST_0_i_4_n_0
    SLICE_X36Y9          LUT6 (Prop_C6LUT_SLICEL_I5_O)
                                                      0.035     9.318 r  design_1_i/ImgGen_0/inst/R[2]_INST_0/O
                         net (fo=1, routed)           0.050     9.368    design_1_i/HDMI_TX_0/U0/i_wrap/R[2]
    SLICE_X36Y9          FDRE                                         r  design_1_i/HDMI_TX_0/U0/i_wrap/TMDS_2/i_Enc/qD_reg[2]/D
  -------------------------------------------------------------------    -------------------

                         (clock clk25_design_1_clk_wiz_0_0 rise edge)
                                                      0.000     0.000 r  
    D7                                                0.000     0.000 r  clk_100mhz_clk_p (IN)
                         net (fo=0)                   0.079     0.079    design_1_i/clk_wiz_0/inst/clkin1_ibufds/I
    HPIOBDIFFINBUF_X0Y60 DIFFINBUF (Prop_DIFFINBUF_HPIOBDIFFINBUF_DIFF_IN_P_O)
                                                      0.519     0.598 r  design_1_i/clk_wiz_0/inst/clkin1_ibufds/DIFFINBUF_INST/O
                         net (fo=1, routed)           0.040     0.638    design_1_i/clk_wiz_0/inst/clkin1_ibufds/OUT
    D7                   IBUFCTRL (Prop_IBUFCTRL_HPIOB_M_I_O)
                                                      0.000     0.638 r  design_1_i/clk_wiz_0/inst/clkin1_ibufds/IBUFCTRL_INST/O
                         net (fo=1, routed)           0.333     0.971    design_1_i/clk_wiz_0/inst/clk_in1_design_1_clk_wiz_0_0
    MMCM_X0Y2            MMCME4_ADV (Prop_MMCM_CLKIN1_CLKOUT0)
                                                      0.630     1.601 r  design_1_i/clk_wiz_0/inst/mmcme4_adv_inst/CLKOUT0
                         net (fo=1, routed)           0.214     1.815    design_1_i/clk_wiz_0/inst/clk25_design_1_clk_wiz_0_0
    BUFGCE_X0Y68         BUFGCE (Prop_BUFCE_BUFGCE_I_O)
                                                      0.024     1.839 r  design_1_i/clk_wiz_0/inst/clkout1_buf/O
    X0Y0 (CLOCK_ROOT)    net (fo=99, routed)          1.861     3.700    design_1_i/HDMI_TX_0/U0/i_wrap/pxClk
    SLICE_X36Y9          FDRE                                         r  design_1_i/HDMI_TX_0/U0/i_wrap/TMDS_2/i_Enc/qD_reg[2]/C

Slack:                    inf
  Source:                 design_1_i/EnemyController_0/inst/enemies_reg[23][R][1]/C
                            (rising edge-triggered cell FDCE)
  Destination:            design_1_i/HDMI_TX_0/U0/i_wrap/TMDS_2/i_Enc/qD_reg[1]/D
                            (rising edge-triggered cell FDRE clocked by clk25_design_1_clk_wiz_0_0  {rise@0.000ns fall@20.000ns period=40.000ns})
  Path Group:             (none)
  Path Type:              Setup (Max at Slow Process Corner)
  Data Path Delay:        9.338ns  (logic 3.986ns (42.685%)  route 5.352ns (57.315%))
  Logic Levels:           25  (CARRY8=8 DSP_A_B_DATA=1 DSP_ALU=1 DSP_M_DATA=1 DSP_MULTIPLIER=1 DSP_OUTPUT=1 DSP_PREADD_DATA=1 FDCE=1 LUT1=1 LUT2=3 LUT3=1 LUT4=1 LUT5=1 LUT6=3)
  Clock Uncertainty:      0.163ns  ((TSJ^2 + DJ^2)^1/2) / 2 + PE
    Total System Jitter     (TSJ):    0.050ns
    Discrete Jitter          (DJ):    0.148ns
    Phase Error              (PE):    0.085ns
  Clock Net Delay (Destination): 1.822ns (routing 1.063ns, distribution 0.759ns)

    Location             Delay type                Incr(ns)  Path(ns)    Netlist Resource(s)
  -------------------------------------------------------------------    -------------------
    SLICE_X34Y51         FDCE                         0.000     0.000 r  design_1_i/EnemyController_0/inst/enemies_reg[23][R][1]/C
    SLICE_X34Y51         FDCE (Prop_DFF_SLICEM_C_Q)
                                                      0.078     0.078 f  design_1_i/EnemyController_0/inst/enemies_reg[23][R][1]/Q
                         net (fo=9, routed)           0.649     0.727    design_1_i/ImgGen_0/inst/enemyY[23]4/A[1]
    DSP48E2_X3Y22        DSP_A_B_DATA (Prop_DSP_A_B_DATA_DSP48E2_A[1]_A2_DATA[1])
                                                      0.192     0.919 r  design_1_i/ImgGen_0/inst/enemyY[23]4/DSP_A_B_DATA_INST/A2_DATA[1]
                         net (fo=1, routed)           0.000     0.919    design_1_i/ImgGen_0/inst/enemyY[23]4/DSP_A_B_DATA.A2_DATA<1>
    DSP48E2_X3Y22        DSP_PREADD_DATA (Prop_DSP_PREADD_DATA_DSP48E2_A2_DATA[1]_A2A1[1])
                                                      0.076     0.995 r  design_1_i/ImgGen_0/inst/enemyY[23]4/DSP_PREADD_DATA_INST/A2A1[1]
                         net (fo=1, routed)           0.000     0.995    design_1_i/ImgGen_0/inst/enemyY[23]4/DSP_PREADD_DATA.A2A1<1>
    DSP48E2_X3Y22        DSP_MULTIPLIER (Prop_DSP_MULTIPLIER_DSP48E2_A2A1[1]_U[1])
                                                      0.505     1.500 f  design_1_i/ImgGen_0/inst/enemyY[23]4/DSP_MULTIPLIER_INST/U[1]
                         net (fo=1, routed)           0.000     1.500    design_1_i/ImgGen_0/inst/enemyY[23]4/DSP_MULTIPLIER.U<1>
    DSP48E2_X3Y22        DSP_M_DATA (Prop_DSP_M_DATA_DSP48E2_U[1]_U_DATA[1])
                                                      0.047     1.547 r  design_1_i/ImgGen_0/inst/enemyY[23]4/DSP_M_DATA_INST/U_DATA[1]
                         net (fo=1, routed)           0.000     1.547    design_1_i/ImgGen_0/inst/enemyY[23]4/DSP_M_DATA.U_DATA<1>
    DSP48E2_X3Y22        DSP_ALU (Prop_DSP_ALU_DSP48E2_U_DATA[1]_ALU_OUT[1])
                                                      0.585     2.132 r  design_1_i/ImgGen_0/inst/enemyY[23]4/DSP_ALU_INST/ALU_OUT[1]
                         net (fo=1, routed)           0.000     2.132    design_1_i/ImgGen_0/inst/enemyY[23]4/DSP_ALU.ALU_OUT<1>
    DSP48E2_X3Y22        DSP_OUTPUT (Prop_DSP_OUTPUT_DSP48E2_ALU_OUT[1]_P[1])
                                                      0.109     2.241 f  design_1_i/ImgGen_0/inst/enemyY[23]4/DSP_OUTPUT_INST/P[1]
                         net (fo=1, routed)           0.694     2.935    design_1_i/ImgGen_0/inst/enemyY[23]4_n_104
    SLICE_X31Y55         LUT1 (Prop_A6LUT_SLICEM_I0_O)
                                                      0.100     3.035 r  design_1_i/ImgGen_0/inst/R[7]_INST_0_i_6242/O
                         net (fo=1, routed)           0.013     3.048    design_1_i/ImgGen_0/inst/R[7]_INST_0_i_6242_n_0
    SLICE_X31Y55         CARRY8 (Prop_CARRY8_SLICEM_S[0]_O[7])
                                                      0.241     3.289 f  design_1_i/ImgGen_0/inst/R[7]_INST_0_i_4812/O[7]
                         net (fo=4, routed)           0.401     3.690    design_1_i/ImgGen_0/inst/enemyY[23]4__0[8]
    SLICE_X24Y57         LUT3 (Prop_B5LUT_SLICEM_I2_O)
                                                      0.143     3.833 r  design_1_i/ImgGen_0/inst/R[7]_INST_0_i_6221/O
                         net (fo=2, routed)           0.468     4.301    design_1_i/ImgGen_0/inst/R[7]_INST_0_i_6221_n_0
    SLICE_X30Y56         CARRY8 (Prop_CARRY8_SLICEL_CI_CO[7])
                                                      0.151     4.452 r  design_1_i/ImgGen_0/inst/R[7]_INST_0_i_7103/CO[7]
                         net (fo=1, routed)           0.026     4.478    design_1_i/ImgGen_0/inst/R[7]_INST_0_i_7103_n_0
    SLICE_X30Y57         CARRY8 (Prop_CARRY8_SLICEL_CI_O[7])
                                                      0.116     4.594 f  design_1_i/ImgGen_0/inst/R[7]_INST_0_i_7493/O[7]
                         net (fo=1, routed)           0.220     4.814    design_1_i/ImgGen_0/inst/enemyY[23]2[16]
    SLICE_X29Y57         LUT2 (Prop_H6LUT_SLICEM_I1_O)
                                                      0.152     4.966 r  design_1_i/ImgGen_0/inst/R[7]_INST_0_i_7113/O
                         net (fo=1, routed)           0.015     4.981    design_1_i/ImgGen_0/inst/R[7]_INST_0_i_7113_n_0
    SLICE_X29Y57         CARRY8 (Prop_CARRY8_SLICEM_S[7]_CO[7])
                                                      0.117     5.098 r  design_1_i/ImgGen_0/inst/R[7]_INST_0_i_6251/CO[7]
                         net (fo=1, routed)           0.026     5.124    design_1_i/ImgGen_0/inst/R[7]_INST_0_i_6251_n_0
    SLICE_X29Y58         CARRY8 (Prop_CARRY8_SLICEM_CI_O[5])
                                                      0.116     5.240 f  design_1_i/ImgGen_0/inst/R[7]_INST_0_i_6243/O[5]
                         net (fo=3, routed)           0.292     5.532    design_1_i/ImgGen_0/inst/enemyY[23]0[22]
    SLICE_X27Y58         LUT2 (Prop_E6LUT_SLICEL_I1_O)
                                                      0.147     5.679 r  design_1_i/ImgGen_0/inst/R[7]_INST_0_i_4824/O
                         net (fo=1, routed)           0.007     5.686    design_1_i/ImgGen_0/inst/R[7]_INST_0_i_4824_n_0
    SLICE_X27Y58         CARRY8 (Prop_CARRY8_SLICEL_S[4]_CO[7])
                                                      0.153     5.839 r  design_1_i/ImgGen_0/inst/R[7]_INST_0_i_3170/CO[7]
                         net (fo=1, routed)           0.026     5.865    design_1_i/ImgGen_0/inst/R[7]_INST_0_i_3170_n_0
    SLICE_X27Y59         CARRY8 (Prop_CARRY8_SLICEL_CI_O[5])
                                                      0.116     5.981 f  design_1_i/ImgGen_0/inst/R[7]_INST_0_i_1695/O[5]
                         net (fo=2, routed)           0.248     6.229    design_1_i/ImgGen_0/inst/R4__0[31]
    SLICE_X26Y58         LUT2 (Prop_H6LUT_SLICEL_I0_O)
                                                      0.099     6.328 r  design_1_i/ImgGen_0/inst/R[7]_INST_0_i_1696/O
                         net (fo=1, routed)           0.010     6.338    design_1_i/ImgGen_0/inst/R[7]_INST_0_i_1696_n_0
    SLICE_X26Y58         CARRY8 (Prop_CARRY8_SLICEL_S[7]_CO[7])
                                                      0.122     6.460 r  design_1_i/ImgGen_0/inst/R[7]_INST_0_i_737/CO[7]
                         net (fo=1, routed)           0.504     6.964    design_1_i/ImgGen_0/inst/R3
    SLICE_X35Y52         LUT5 (Prop_H6LUT_SLICEL_I1_O)
                                                      0.150     7.114 r  design_1_i/ImgGen_0/inst/R[7]_INST_0_i_239/O
                         net (fo=1, routed)           0.348     7.462    design_1_i/ImgGen_0/inst/R[7]_INST_0_i_239_n_0
    SLICE_X35Y36         LUT6 (Prop_H6LUT_SLICEL_I5_O)
                                                      0.124     7.586 r  design_1_i/ImgGen_0/inst/R[7]_INST_0_i_53/O
                         net (fo=1, routed)           0.437     8.023    design_1_i/ImgGen_0/inst/R[7]_INST_0_i_53_n_0
    SLICE_X22Y29         LUT4 (Prop_G6LUT_SLICEL_I1_O)
                                                      0.149     8.172 r  design_1_i/ImgGen_0/inst/R[7]_INST_0_i_15/O
                         net (fo=1, routed)           0.192     8.364    design_1_i/ImgGen_0/inst/R[7]_INST_0_i_15_n_0
    SLICE_X23Y28         LUT6 (Prop_H6LUT_SLICEL_I4_O)
                                                      0.099     8.463 r  design_1_i/ImgGen_0/inst/R[7]_INST_0_i_3/O
                         net (fo=6, routed)           0.727     9.190    design_1_i/ImgGen_0/inst/R[7]_INST_0_i_3_n_0
    SLICE_X32Y9          LUT6 (Prop_D6LUT_SLICEL_I5_O)
                                                      0.099     9.289 r  design_1_i/ImgGen_0/inst/R[1]_INST_0/O
                         net (fo=1, routed)           0.049     9.338    design_1_i/HDMI_TX_0/U0/i_wrap/R[1]
    SLICE_X32Y9          FDRE                                         r  design_1_i/HDMI_TX_0/U0/i_wrap/TMDS_2/i_Enc/qD_reg[1]/D
  -------------------------------------------------------------------    -------------------

                         (clock clk25_design_1_clk_wiz_0_0 rise edge)
                                                      0.000     0.000 r  
    D7                                                0.000     0.000 r  clk_100mhz_clk_p (IN)
                         net (fo=0)                   0.079     0.079    design_1_i/clk_wiz_0/inst/clkin1_ibufds/I
    HPIOBDIFFINBUF_X0Y60 DIFFINBUF (Prop_DIFFINBUF_HPIOBDIFFINBUF_DIFF_IN_P_O)
                                                      0.519     0.598 r  design_1_i/clk_wiz_0/inst/clkin1_ibufds/DIFFINBUF_INST/O
                         net (fo=1, routed)           0.040     0.638    design_1_i/clk_wiz_0/inst/clkin1_ibufds/OUT
    D7                   IBUFCTRL (Prop_IBUFCTRL_HPIOB_M_I_O)
                                                      0.000     0.638 r  design_1_i/clk_wiz_0/inst/clkin1_ibufds/IBUFCTRL_INST/O
                         net (fo=1, routed)           0.333     0.971    design_1_i/clk_wiz_0/inst/clk_in1_design_1_clk_wiz_0_0
    MMCM_X0Y2            MMCME4_ADV (Prop_MMCM_CLKIN1_CLKOUT0)
                                                      0.630     1.601 r  design_1_i/clk_wiz_0/inst/mmcme4_adv_inst/CLKOUT0
                         net (fo=1, routed)           0.214     1.815    design_1_i/clk_wiz_0/inst/clk25_design_1_clk_wiz_0_0
    BUFGCE_X0Y68         BUFGCE (Prop_BUFCE_BUFGCE_I_O)
                                                      0.024     1.839 r  design_1_i/clk_wiz_0/inst/clkout1_buf/O
    X0Y0 (CLOCK_ROOT)    net (fo=99, routed)          1.822     3.661    design_1_i/HDMI_TX_0/U0/i_wrap/pxClk
    SLICE_X32Y9          FDRE                                         r  design_1_i/HDMI_TX_0/U0/i_wrap/TMDS_2/i_Enc/qD_reg[1]/C

Slack:                    inf
  Source:                 design_1_i/EnemyController_0/inst/enemies_reg[23][R][1]/C
                            (rising edge-triggered cell FDCE)
  Destination:            design_1_i/HDMI_TX_0/U0/i_wrap/TMDS_2/i_Enc/qD_reg[6]/D
                            (rising edge-triggered cell FDRE clocked by clk25_design_1_clk_wiz_0_0  {rise@0.000ns fall@20.000ns period=40.000ns})
  Path Group:             (none)
  Path Type:              Setup (Max at Slow Process Corner)
  Data Path Delay:        9.157ns  (logic 4.010ns (43.790%)  route 5.147ns (56.210%))
  Logic Levels:           25  (CARRY8=8 DSP_A_B_DATA=1 DSP_ALU=1 DSP_M_DATA=1 DSP_MULTIPLIER=1 DSP_OUTPUT=1 DSP_PREADD_DATA=1 FDCE=1 LUT1=1 LUT2=3 LUT3=1 LUT4=1 LUT5=1 LUT6=3)
  Clock Uncertainty:      0.163ns  ((TSJ^2 + DJ^2)^1/2) / 2 + PE
    Total System Jitter     (TSJ):    0.050ns
    Discrete Jitter          (DJ):    0.148ns
    Phase Error              (PE):    0.085ns
  Clock Net Delay (Destination): 1.830ns (routing 1.063ns, distribution 0.767ns)

    Location             Delay type                Incr(ns)  Path(ns)    Netlist Resource(s)
  -------------------------------------------------------------------    -------------------
    SLICE_X34Y51         FDCE                         0.000     0.000 r  design_1_i/EnemyController_0/inst/enemies_reg[23][R][1]/C
    SLICE_X34Y51         FDCE (Prop_DFF_SLICEM_C_Q)
                                                      0.078     0.078 f  design_1_i/EnemyController_0/inst/enemies_reg[23][R][1]/Q
                         net (fo=9, routed)           0.649     0.727    design_1_i/ImgGen_0/inst/enemyY[23]4/A[1]
    DSP48E2_X3Y22        DSP_A_B_DATA (Prop_DSP_A_B_DATA_DSP48E2_A[1]_A2_DATA[1])
                                                      0.192     0.919 r  design_1_i/ImgGen_0/inst/enemyY[23]4/DSP_A_B_DATA_INST/A2_DATA[1]
                         net (fo=1, routed)           0.000     0.919    design_1_i/ImgGen_0/inst/enemyY[23]4/DSP_A_B_DATA.A2_DATA<1>
    DSP48E2_X3Y22        DSP_PREADD_DATA (Prop_DSP_PREADD_DATA_DSP48E2_A2_DATA[1]_A2A1[1])
                                                      0.076     0.995 r  design_1_i/ImgGen_0/inst/enemyY[23]4/DSP_PREADD_DATA_INST/A2A1[1]
                         net (fo=1, routed)           0.000     0.995    design_1_i/ImgGen_0/inst/enemyY[23]4/DSP_PREADD_DATA.A2A1<1>
    DSP48E2_X3Y22        DSP_MULTIPLIER (Prop_DSP_MULTIPLIER_DSP48E2_A2A1[1]_U[1])
                                                      0.505     1.500 f  design_1_i/ImgGen_0/inst/enemyY[23]4/DSP_MULTIPLIER_INST/U[1]
                         net (fo=1, routed)           0.000     1.500    design_1_i/ImgGen_0/inst/enemyY[23]4/DSP_MULTIPLIER.U<1>
    DSP48E2_X3Y22        DSP_M_DATA (Prop_DSP_M_DATA_DSP48E2_U[1]_U_DATA[1])
                                                      0.047     1.547 r  design_1_i/ImgGen_0/inst/enemyY[23]4/DSP_M_DATA_INST/U_DATA[1]
                         net (fo=1, routed)           0.000     1.547    design_1_i/ImgGen_0/inst/enemyY[23]4/DSP_M_DATA.U_DATA<1>
    DSP48E2_X3Y22        DSP_ALU (Prop_DSP_ALU_DSP48E2_U_DATA[1]_ALU_OUT[1])
                                                      0.585     2.132 r  design_1_i/ImgGen_0/inst/enemyY[23]4/DSP_ALU_INST/ALU_OUT[1]
                         net (fo=1, routed)           0.000     2.132    design_1_i/ImgGen_0/inst/enemyY[23]4/DSP_ALU.ALU_OUT<1>
    DSP48E2_X3Y22        DSP_OUTPUT (Prop_DSP_OUTPUT_DSP48E2_ALU_OUT[1]_P[1])
                                                      0.109     2.241 f  design_1_i/ImgGen_0/inst/enemyY[23]4/DSP_OUTPUT_INST/P[1]
                         net (fo=1, routed)           0.694     2.935    design_1_i/ImgGen_0/inst/enemyY[23]4_n_104
    SLICE_X31Y55         LUT1 (Prop_A6LUT_SLICEM_I0_O)
                                                      0.100     3.035 r  design_1_i/ImgGen_0/inst/R[7]_INST_0_i_6242/O
                         net (fo=1, routed)           0.013     3.048    design_1_i/ImgGen_0/inst/R[7]_INST_0_i_6242_n_0
    SLICE_X31Y55         CARRY8 (Prop_CARRY8_SLICEM_S[0]_O[7])
                                                      0.241     3.289 f  design_1_i/ImgGen_0/inst/R[7]_INST_0_i_4812/O[7]
                         net (fo=4, routed)           0.401     3.690    design_1_i/ImgGen_0/inst/enemyY[23]4__0[8]
    SLICE_X24Y57         LUT3 (Prop_B5LUT_SLICEM_I2_O)
                                                      0.143     3.833 r  design_1_i/ImgGen_0/inst/R[7]_INST_0_i_6221/O
                         net (fo=2, routed)           0.468     4.301    design_1_i/ImgGen_0/inst/R[7]_INST_0_i_6221_n_0
    SLICE_X30Y56         CARRY8 (Prop_CARRY8_SLICEL_CI_CO[7])
                                                      0.151     4.452 r  design_1_i/ImgGen_0/inst/R[7]_INST_0_i_7103/CO[7]
                         net (fo=1, routed)           0.026     4.478    design_1_i/ImgGen_0/inst/R[7]_INST_0_i_7103_n_0
    SLICE_X30Y57         CARRY8 (Prop_CARRY8_SLICEL_CI_O[7])
                                                      0.116     4.594 f  design_1_i/ImgGen_0/inst/R[7]_INST_0_i_7493/O[7]
                         net (fo=1, routed)           0.220     4.814    design_1_i/ImgGen_0/inst/enemyY[23]2[16]
    SLICE_X29Y57         LUT2 (Prop_H6LUT_SLICEM_I1_O)
                                                      0.152     4.966 r  design_1_i/ImgGen_0/inst/R[7]_INST_0_i_7113/O
                         net (fo=1, routed)           0.015     4.981    design_1_i/ImgGen_0/inst/R[7]_INST_0_i_7113_n_0
    SLICE_X29Y57         CARRY8 (Prop_CARRY8_SLICEM_S[7]_CO[7])
                                                      0.117     5.098 r  design_1_i/ImgGen_0/inst/R[7]_INST_0_i_6251/CO[7]
                         net (fo=1, routed)           0.026     5.124    design_1_i/ImgGen_0/inst/R[7]_INST_0_i_6251_n_0
    SLICE_X29Y58         CARRY8 (Prop_CARRY8_SLICEM_CI_O[5])
                                                      0.116     5.240 f  design_1_i/ImgGen_0/inst/R[7]_INST_0_i_6243/O[5]
                         net (fo=3, routed)           0.292     5.532    design_1_i/ImgGen_0/inst/enemyY[23]0[22]
    SLICE_X27Y58         LUT2 (Prop_E6LUT_SLICEL_I1_O)
                                                      0.147     5.679 r  design_1_i/ImgGen_0/inst/R[7]_INST_0_i_4824/O
                         net (fo=1, routed)           0.007     5.686    design_1_i/ImgGen_0/inst/R[7]_INST_0_i_4824_n_0
    SLICE_X27Y58         CARRY8 (Prop_CARRY8_SLICEL_S[4]_CO[7])
                                                      0.153     5.839 r  design_1_i/ImgGen_0/inst/R[7]_INST_0_i_3170/CO[7]
                         net (fo=1, routed)           0.026     5.865    design_1_i/ImgGen_0/inst/R[7]_INST_0_i_3170_n_0
    SLICE_X27Y59         CARRY8 (Prop_CARRY8_SLICEL_CI_O[5])
                                                      0.116     5.981 f  design_1_i/ImgGen_0/inst/R[7]_INST_0_i_1695/O[5]
                         net (fo=2, routed)           0.248     6.229    design_1_i/ImgGen_0/inst/R4__0[31]
    SLICE_X26Y58         LUT2 (Prop_H6LUT_SLICEL_I0_O)
                                                      0.099     6.328 r  design_1_i/ImgGen_0/inst/R[7]_INST_0_i_1696/O
                         net (fo=1, routed)           0.010     6.338    design_1_i/ImgGen_0/inst/R[7]_INST_0_i_1696_n_0
    SLICE_X26Y58         CARRY8 (Prop_CARRY8_SLICEL_S[7]_CO[7])
                                                      0.122     6.460 r  design_1_i/ImgGen_0/inst/R[7]_INST_0_i_737/CO[7]
                         net (fo=1, routed)           0.504     6.964    design_1_i/ImgGen_0/inst/R3
    SLICE_X35Y52         LUT5 (Prop_H6LUT_SLICEL_I1_O)
                                                      0.150     7.114 r  design_1_i/ImgGen_0/inst/R[7]_INST_0_i_239/O
                         net (fo=1, routed)           0.348     7.462    design_1_i/ImgGen_0/inst/R[7]_INST_0_i_239_n_0
    SLICE_X35Y36         LUT6 (Prop_H6LUT_SLICEL_I5_O)
                                                      0.124     7.586 r  design_1_i/ImgGen_0/inst/R[7]_INST_0_i_53/O
                         net (fo=1, routed)           0.437     8.023    design_1_i/ImgGen_0/inst/R[7]_INST_0_i_53_n_0
    SLICE_X22Y29         LUT4 (Prop_G6LUT_SLICEL_I1_O)
                                                      0.149     8.172 r  design_1_i/ImgGen_0/inst/R[7]_INST_0_i_15/O
                         net (fo=1, routed)           0.192     8.364    design_1_i/ImgGen_0/inst/R[7]_INST_0_i_15_n_0
    SLICE_X23Y28         LUT6 (Prop_H6LUT_SLICEL_I4_O)
                                                      0.099     8.463 r  design_1_i/ImgGen_0/inst/R[7]_INST_0_i_3/O
                         net (fo=6, routed)           0.505     8.968    design_1_i/ImgGen_0/inst/R[7]_INST_0_i_3_n_0
    SLICE_X29Y7          LUT6 (Prop_C6LUT_SLICEM_I5_O)
                                                      0.123     9.091 r  design_1_i/ImgGen_0/inst/R[6]_INST_0/O
                         net (fo=1, routed)           0.066     9.157    design_1_i/HDMI_TX_0/U0/i_wrap/R[6]
    SLICE_X29Y7          FDRE                                         r  design_1_i/HDMI_TX_0/U0/i_wrap/TMDS_2/i_Enc/qD_reg[6]/D
  -------------------------------------------------------------------    -------------------

                         (clock clk25_design_1_clk_wiz_0_0 rise edge)
                                                      0.000     0.000 r  
    D7                                                0.000     0.000 r  clk_100mhz_clk_p (IN)
                         net (fo=0)                   0.079     0.079    design_1_i/clk_wiz_0/inst/clkin1_ibufds/I
    HPIOBDIFFINBUF_X0Y60 DIFFINBUF (Prop_DIFFINBUF_HPIOBDIFFINBUF_DIFF_IN_P_O)
                                                      0.519     0.598 r  design_1_i/clk_wiz_0/inst/clkin1_ibufds/DIFFINBUF_INST/O
                         net (fo=1, routed)           0.040     0.638    design_1_i/clk_wiz_0/inst/clkin1_ibufds/OUT
    D7                   IBUFCTRL (Prop_IBUFCTRL_HPIOB_M_I_O)
                                                      0.000     0.638 r  design_1_i/clk_wiz_0/inst/clkin1_ibufds/IBUFCTRL_INST/O
                         net (fo=1, routed)           0.333     0.971    design_1_i/clk_wiz_0/inst/clk_in1_design_1_clk_wiz_0_0
    MMCM_X0Y2            MMCME4_ADV (Prop_MMCM_CLKIN1_CLKOUT0)
                                                      0.630     1.601 r  design_1_i/clk_wiz_0/inst/mmcme4_adv_inst/CLKOUT0
                         net (fo=1, routed)           0.214     1.815    design_1_i/clk_wiz_0/inst/clk25_design_1_clk_wiz_0_0
    BUFGCE_X0Y68         BUFGCE (Prop_BUFCE_BUFGCE_I_O)
                                                      0.024     1.839 r  design_1_i/clk_wiz_0/inst/clkout1_buf/O
    X0Y0 (CLOCK_ROOT)    net (fo=99, routed)          1.830     3.669    design_1_i/HDMI_TX_0/U0/i_wrap/pxClk
    SLICE_X29Y7          FDRE                                         r  design_1_i/HDMI_TX_0/U0/i_wrap/TMDS_2/i_Enc/qD_reg[6]/C

Slack:                    inf
  Source:                 design_1_i/EnemyController_0/inst/enemies_reg[23][R][1]/C
                            (rising edge-triggered cell FDCE)
  Destination:            design_1_i/HDMI_TX_0/U0/i_wrap/TMDS_2/i_Enc/qD_reg[4]/D
                            (rising edge-triggered cell FDRE clocked by clk25_design_1_clk_wiz_0_0  {rise@0.000ns fall@20.000ns period=40.000ns})
  Path Group:             (none)
  Path Type:              Setup (Max at Slow Process Corner)
  Data Path Delay:        9.135ns  (logic 4.035ns (44.173%)  route 5.100ns (55.827%))
  Logic Levels:           25  (CARRY8=8 DSP_A_B_DATA=1 DSP_ALU=1 DSP_M_DATA=1 DSP_MULTIPLIER=1 DSP_OUTPUT=1 DSP_PREADD_DATA=1 FDCE=1 LUT1=1 LUT2=3 LUT3=1 LUT4=1 LUT5=1 LUT6=3)
  Clock Uncertainty:      0.163ns  ((TSJ^2 + DJ^2)^1/2) / 2 + PE
    Total System Jitter     (TSJ):    0.050ns
    Discrete Jitter          (DJ):    0.148ns
    Phase Error              (PE):    0.085ns
  Clock Net Delay (Destination): 1.826ns (routing 1.063ns, distribution 0.763ns)

    Location             Delay type                Incr(ns)  Path(ns)    Netlist Resource(s)
  -------------------------------------------------------------------    -------------------
    SLICE_X34Y51         FDCE                         0.000     0.000 r  design_1_i/EnemyController_0/inst/enemies_reg[23][R][1]/C
    SLICE_X34Y51         FDCE (Prop_DFF_SLICEM_C_Q)
                                                      0.078     0.078 f  design_1_i/EnemyController_0/inst/enemies_reg[23][R][1]/Q
                         net (fo=9, routed)           0.649     0.727    design_1_i/ImgGen_0/inst/enemyY[23]4/A[1]
    DSP48E2_X3Y22        DSP_A_B_DATA (Prop_DSP_A_B_DATA_DSP48E2_A[1]_A2_DATA[1])
                                                      0.192     0.919 r  design_1_i/ImgGen_0/inst/enemyY[23]4/DSP_A_B_DATA_INST/A2_DATA[1]
                         net (fo=1, routed)           0.000     0.919    design_1_i/ImgGen_0/inst/enemyY[23]4/DSP_A_B_DATA.A2_DATA<1>
    DSP48E2_X3Y22        DSP_PREADD_DATA (Prop_DSP_PREADD_DATA_DSP48E2_A2_DATA[1]_A2A1[1])
                                                      0.076     0.995 r  design_1_i/ImgGen_0/inst/enemyY[23]4/DSP_PREADD_DATA_INST/A2A1[1]
                         net (fo=1, routed)           0.000     0.995    design_1_i/ImgGen_0/inst/enemyY[23]4/DSP_PREADD_DATA.A2A1<1>
    DSP48E2_X3Y22        DSP_MULTIPLIER (Prop_DSP_MULTIPLIER_DSP48E2_A2A1[1]_U[1])
                                                      0.505     1.500 f  design_1_i/ImgGen_0/inst/enemyY[23]4/DSP_MULTIPLIER_INST/U[1]
                         net (fo=1, routed)           0.000     1.500    design_1_i/ImgGen_0/inst/enemyY[23]4/DSP_MULTIPLIER.U<1>
    DSP48E2_X3Y22        DSP_M_DATA (Prop_DSP_M_DATA_DSP48E2_U[1]_U_DATA[1])
                                                      0.047     1.547 r  design_1_i/ImgGen_0/inst/enemyY[23]4/DSP_M_DATA_INST/U_DATA[1]
                         net (fo=1, routed)           0.000     1.547    design_1_i/ImgGen_0/inst/enemyY[23]4/DSP_M_DATA.U_DATA<1>
    DSP48E2_X3Y22        DSP_ALU (Prop_DSP_ALU_DSP48E2_U_DATA[1]_ALU_OUT[1])
                                                      0.585     2.132 r  design_1_i/ImgGen_0/inst/enemyY[23]4/DSP_ALU_INST/ALU_OUT[1]
                         net (fo=1, routed)           0.000     2.132    design_1_i/ImgGen_0/inst/enemyY[23]4/DSP_ALU.ALU_OUT<1>
    DSP48E2_X3Y22        DSP_OUTPUT (Prop_DSP_OUTPUT_DSP48E2_ALU_OUT[1]_P[1])
                                                      0.109     2.241 f  design_1_i/ImgGen_0/inst/enemyY[23]4/DSP_OUTPUT_INST/P[1]
                         net (fo=1, routed)           0.694     2.935    design_1_i/ImgGen_0/inst/enemyY[23]4_n_104
    SLICE_X31Y55         LUT1 (Prop_A6LUT_SLICEM_I0_O)
                                                      0.100     3.035 r  design_1_i/ImgGen_0/inst/R[7]_INST_0_i_6242/O
                         net (fo=1, routed)           0.013     3.048    design_1_i/ImgGen_0/inst/R[7]_INST_0_i_6242_n_0
    SLICE_X31Y55         CARRY8 (Prop_CARRY8_SLICEM_S[0]_O[7])
                                                      0.241     3.289 f  design_1_i/ImgGen_0/inst/R[7]_INST_0_i_4812/O[7]
                         net (fo=4, routed)           0.401     3.690    design_1_i/ImgGen_0/inst/enemyY[23]4__0[8]
    SLICE_X24Y57         LUT3 (Prop_B5LUT_SLICEM_I2_O)
                                                      0.143     3.833 r  design_1_i/ImgGen_0/inst/R[7]_INST_0_i_6221/O
                         net (fo=2, routed)           0.468     4.301    design_1_i/ImgGen_0/inst/R[7]_INST_0_i_6221_n_0
    SLICE_X30Y56         CARRY8 (Prop_CARRY8_SLICEL_CI_CO[7])
                                                      0.151     4.452 r  design_1_i/ImgGen_0/inst/R[7]_INST_0_i_7103/CO[7]
                         net (fo=1, routed)           0.026     4.478    design_1_i/ImgGen_0/inst/R[7]_INST_0_i_7103_n_0
    SLICE_X30Y57         CARRY8 (Prop_CARRY8_SLICEL_CI_O[7])
                                                      0.116     4.594 f  design_1_i/ImgGen_0/inst/R[7]_INST_0_i_7493/O[7]
                         net (fo=1, routed)           0.220     4.814    design_1_i/ImgGen_0/inst/enemyY[23]2[16]
    SLICE_X29Y57         LUT2 (Prop_H6LUT_SLICEM_I1_O)
                                                      0.152     4.966 r  design_1_i/ImgGen_0/inst/R[7]_INST_0_i_7113/O
                         net (fo=1, routed)           0.015     4.981    design_1_i/ImgGen_0/inst/R[7]_INST_0_i_7113_n_0
    SLICE_X29Y57         CARRY8 (Prop_CARRY8_SLICEM_S[7]_CO[7])
                                                      0.117     5.098 r  design_1_i/ImgGen_0/inst/R[7]_INST_0_i_6251/CO[7]
                         net (fo=1, routed)           0.026     5.124    design_1_i/ImgGen_0/inst/R[7]_INST_0_i_6251_n_0
    SLICE_X29Y58         CARRY8 (Prop_CARRY8_SLICEM_CI_O[5])
                                                      0.116     5.240 f  design_1_i/ImgGen_0/inst/R[7]_INST_0_i_6243/O[5]
                         net (fo=3, routed)           0.292     5.532    design_1_i/ImgGen_0/inst/enemyY[23]0[22]
    SLICE_X27Y58         LUT2 (Prop_E6LUT_SLICEL_I1_O)
                                                      0.147     5.679 r  design_1_i/ImgGen_0/inst/R[7]_INST_0_i_4824/O
                         net (fo=1, routed)           0.007     5.686    design_1_i/ImgGen_0/inst/R[7]_INST_0_i_4824_n_0
    SLICE_X27Y58         CARRY8 (Prop_CARRY8_SLICEL_S[4]_CO[7])
                                                      0.153     5.839 r  design_1_i/ImgGen_0/inst/R[7]_INST_0_i_3170/CO[7]
                         net (fo=1, routed)           0.026     5.865    design_1_i/ImgGen_0/inst/R[7]_INST_0_i_3170_n_0
    SLICE_X27Y59         CARRY8 (Prop_CARRY8_SLICEL_CI_O[5])
                                                      0.116     5.981 f  design_1_i/ImgGen_0/inst/R[7]_INST_0_i_1695/O[5]
                         net (fo=2, routed)           0.248     6.229    design_1_i/ImgGen_0/inst/R4__0[31]
    SLICE_X26Y58         LUT2 (Prop_H6LUT_SLICEL_I0_O)
                                                      0.099     6.328 r  design_1_i/ImgGen_0/inst/R[7]_INST_0_i_1696/O
                         net (fo=1, routed)           0.010     6.338    design_1_i/ImgGen_0/inst/R[7]_INST_0_i_1696_n_0
    SLICE_X26Y58         CARRY8 (Prop_CARRY8_SLICEL_S[7]_CO[7])
                                                      0.122     6.460 r  design_1_i/ImgGen_0/inst/R[7]_INST_0_i_737/CO[7]
                         net (fo=1, routed)           0.504     6.964    design_1_i/ImgGen_0/inst/R3
    SLICE_X35Y52         LUT5 (Prop_H6LUT_SLICEL_I1_O)
                                                      0.150     7.114 r  design_1_i/ImgGen_0/inst/R[7]_INST_0_i_239/O
                         net (fo=1, routed)           0.348     7.462    design_1_i/ImgGen_0/inst/R[7]_INST_0_i_239_n_0
    SLICE_X35Y36         LUT6 (Prop_H6LUT_SLICEL_I5_O)
                                                      0.124     7.586 r  design_1_i/ImgGen_0/inst/R[7]_INST_0_i_53/O
                         net (fo=1, routed)           0.437     8.023    design_1_i/ImgGen_0/inst/R[7]_INST_0_i_53_n_0
    SLICE_X22Y29         LUT4 (Prop_G6LUT_SLICEL_I1_O)
                                                      0.149     8.172 r  design_1_i/ImgGen_0/inst/R[7]_INST_0_i_15/O
                         net (fo=1, routed)           0.192     8.364    design_1_i/ImgGen_0/inst/R[7]_INST_0_i_15_n_0
    SLICE_X23Y28         LUT6 (Prop_H6LUT_SLICEL_I4_O)
                                                      0.099     8.463 r  design_1_i/ImgGen_0/inst/R[7]_INST_0_i_3/O
                         net (fo=6, routed)           0.474     8.938    design_1_i/ImgGen_0/inst/R[7]_INST_0_i_3_n_0
    SLICE_X30Y7          LUT6 (Prop_B6LUT_SLICEL_I5_O)
                                                      0.148     9.086 r  design_1_i/ImgGen_0/inst/R[4]_INST_0/O
                         net (fo=1, routed)           0.049     9.135    design_1_i/HDMI_TX_0/U0/i_wrap/R[4]
    SLICE_X30Y7          FDRE                                         r  design_1_i/HDMI_TX_0/U0/i_wrap/TMDS_2/i_Enc/qD_reg[4]/D
  -------------------------------------------------------------------    -------------------

                         (clock clk25_design_1_clk_wiz_0_0 rise edge)
                                                      0.000     0.000 r  
    D7                                                0.000     0.000 r  clk_100mhz_clk_p (IN)
                         net (fo=0)                   0.079     0.079    design_1_i/clk_wiz_0/inst/clkin1_ibufds/I
    HPIOBDIFFINBUF_X0Y60 DIFFINBUF (Prop_DIFFINBUF_HPIOBDIFFINBUF_DIFF_IN_P_O)
                                                      0.519     0.598 r  design_1_i/clk_wiz_0/inst/clkin1_ibufds/DIFFINBUF_INST/O
                         net (fo=1, routed)           0.040     0.638    design_1_i/clk_wiz_0/inst/clkin1_ibufds/OUT
    D7                   IBUFCTRL (Prop_IBUFCTRL_HPIOB_M_I_O)
                                                      0.000     0.638 r  design_1_i/clk_wiz_0/inst/clkin1_ibufds/IBUFCTRL_INST/O
                         net (fo=1, routed)           0.333     0.971    design_1_i/clk_wiz_0/inst/clk_in1_design_1_clk_wiz_0_0
    MMCM_X0Y2            MMCME4_ADV (Prop_MMCM_CLKIN1_CLKOUT0)
                                                      0.630     1.601 r  design_1_i/clk_wiz_0/inst/mmcme4_adv_inst/CLKOUT0
                         net (fo=1, routed)           0.214     1.815    design_1_i/clk_wiz_0/inst/clk25_design_1_clk_wiz_0_0
    BUFGCE_X0Y68         BUFGCE (Prop_BUFCE_BUFGCE_I_O)
                                                      0.024     1.839 r  design_1_i/clk_wiz_0/inst/clkout1_buf/O
    X0Y0 (CLOCK_ROOT)    net (fo=99, routed)          1.826     3.665    design_1_i/HDMI_TX_0/U0/i_wrap/pxClk
    SLICE_X30Y7          FDRE                                         r  design_1_i/HDMI_TX_0/U0/i_wrap/TMDS_2/i_Enc/qD_reg[4]/C

Slack:                    inf
  Source:                 PL_USER_PB0
                            (input port)
  Destination:            design_1_i/angle_encoder_1/inst/rot_l_delayed_reg/CE
                            (rising edge-triggered cell FDRE clocked by clk25_design_1_clk_wiz_0_0  {rise@0.000ns fall@20.000ns period=40.000ns})
  Path Group:             (none)
  Path Type:              Setup (Max at Slow Process Corner)
  Data Path Delay:        3.058ns  (logic 0.642ns (20.997%)  route 2.416ns (79.003%))
  Logic Levels:           3  (IBUFCTRL=1 INBUF=1 LUT1=1)
  Clock Path Skew:        3.612ns (DCD - SCD + CPR)
    Destination Clock Delay (DCD):    3.612ns
    Source Clock Delay      (SCD):    0.000ns
    Clock Pessimism Removal (CPR):    0.000ns
  Clock Uncertainty:      0.163ns  ((TSJ^2 + DJ^2)^1/2) / 2 + PE
    Total System Jitter     (TSJ):    0.050ns
    Discrete Jitter          (DJ):    0.148ns
    Phase Error              (PE):    0.085ns
  Clock Net Delay (Destination): 1.773ns (routing 1.063ns, distribution 0.710ns)

    Location             Delay type                Incr(ns)  Path(ns)    Netlist Resource(s)
  -------------------------------------------------------------------    -------------------
    AB6                                               0.000     0.000 f  PL_USER_PB0 (IN)
                         net (fo=0)                   0.000     0.000    PL_USER_PB0_IBUF_inst/I
    AB6                  INBUF (Prop_INBUF_HPIOB_M_PAD_O)
                                                      0.592     0.592 f  PL_USER_PB0_IBUF_inst/INBUF_INST/O
                         net (fo=1, routed)           0.000     0.592    PL_USER_PB0_IBUF_inst/OUT
    AB6                  IBUFCTRL (Prop_IBUFCTRL_HPIOB_M_I_O)
                                                      0.000     0.592 f  PL_USER_PB0_IBUF_inst/IBUFCTRL_INST/O
                         net (fo=283, routed)         2.242     2.834    design_1_i/angle_encoder_1/inst/RST
    SLICE_X22Y3          LUT1 (Prop_C6LUT_SLICEL_I0_O)
                                                      0.050     2.884 r  design_1_i/angle_encoder_1/inst/rot_l_delayed_i_1/O
                         net (fo=2, routed)           0.174     3.058    design_1_i/angle_encoder_1/inst/rot_l_delayed_i_1_n_0
    SLICE_X22Y3          FDRE                                         r  design_1_i/angle_encoder_1/inst/rot_l_delayed_reg/CE
  -------------------------------------------------------------------    -------------------

                         (clock clk25_design_1_clk_wiz_0_0 rise edge)
                                                      0.000     0.000 r  
    D7                                                0.000     0.000 r  clk_100mhz_clk_p (IN)
                         net (fo=0)                   0.079     0.079    design_1_i/clk_wiz_0/inst/clkin1_ibufds/I
    HPIOBDIFFINBUF_X0Y60 DIFFINBUF (Prop_DIFFINBUF_HPIOBDIFFINBUF_DIFF_IN_P_O)
                                                      0.519     0.598 r  design_1_i/clk_wiz_0/inst/clkin1_ibufds/DIFFINBUF_INST/O
                         net (fo=1, routed)           0.040     0.638    design_1_i/clk_wiz_0/inst/clkin1_ibufds/OUT
    D7                   IBUFCTRL (Prop_IBUFCTRL_HPIOB_M_I_O)
                                                      0.000     0.638 r  design_1_i/clk_wiz_0/inst/clkin1_ibufds/IBUFCTRL_INST/O
                         net (fo=1, routed)           0.333     0.971    design_1_i/clk_wiz_0/inst/clk_in1_design_1_clk_wiz_0_0
    MMCM_X0Y2            MMCME4_ADV (Prop_MMCM_CLKIN1_CLKOUT0)
                                                      0.630     1.601 r  design_1_i/clk_wiz_0/inst/mmcme4_adv_inst/CLKOUT0
                         net (fo=1, routed)           0.214     1.815    design_1_i/clk_wiz_0/inst/clk25_design_1_clk_wiz_0_0
    BUFGCE_X0Y68         BUFGCE (Prop_BUFCE_BUFGCE_I_O)
                                                      0.024     1.839 r  design_1_i/clk_wiz_0/inst/clkout1_buf/O
    X0Y0 (CLOCK_ROOT)    net (fo=99, routed)          1.773     3.612    design_1_i/angle_encoder_1/inst/CLK
    SLICE_X22Y3          FDRE                                         r  design_1_i/angle_encoder_1/inst/rot_l_delayed_reg/C

Slack:                    inf
  Source:                 PL_USER_PB0
                            (input port)
  Destination:            design_1_i/angle_encoder_1/inst/rot_r_delayed_reg/CE
                            (rising edge-triggered cell FDRE clocked by clk25_design_1_clk_wiz_0_0  {rise@0.000ns fall@20.000ns period=40.000ns})
  Path Group:             (none)
  Path Type:              Setup (Max at Slow Process Corner)
  Data Path Delay:        3.058ns  (logic 0.642ns (20.997%)  route 2.416ns (79.003%))
  Logic Levels:           3  (IBUFCTRL=1 INBUF=1 LUT1=1)
  Clock Path Skew:        3.612ns (DCD - SCD + CPR)
    Destination Clock Delay (DCD):    3.612ns
    Source Clock Delay      (SCD):    0.000ns
    Clock Pessimism Removal (CPR):    0.000ns
  Clock Uncertainty:      0.163ns  ((TSJ^2 + DJ^2)^1/2) / 2 + PE
    Total System Jitter     (TSJ):    0.050ns
    Discrete Jitter          (DJ):    0.148ns
    Phase Error              (PE):    0.085ns
  Clock Net Delay (Destination): 1.773ns (routing 1.063ns, distribution 0.710ns)

    Location             Delay type                Incr(ns)  Path(ns)    Netlist Resource(s)
  -------------------------------------------------------------------    -------------------
    AB6                                               0.000     0.000 f  PL_USER_PB0 (IN)
                         net (fo=0)                   0.000     0.000    PL_USER_PB0_IBUF_inst/I
    AB6                  INBUF (Prop_INBUF_HPIOB_M_PAD_O)
                                                      0.592     0.592 f  PL_USER_PB0_IBUF_inst/INBUF_INST/O
                         net (fo=1, routed)           0.000     0.592    PL_USER_PB0_IBUF_inst/OUT
    AB6                  IBUFCTRL (Prop_IBUFCTRL_HPIOB_M_I_O)
                                                      0.000     0.592 f  PL_USER_PB0_IBUF_inst/IBUFCTRL_INST/O
                         net (fo=283, routed)         2.242     2.834    design_1_i/angle_encoder_1/inst/RST
    SLICE_X22Y3          LUT1 (Prop_C6LUT_SLICEL_I0_O)
                                                      0.050     2.884 r  design_1_i/angle_encoder_1/inst/rot_l_delayed_i_1/O
                         net (fo=2, routed)           0.174     3.058    design_1_i/angle_encoder_1/inst/rot_l_delayed_i_1_n_0
    SLICE_X22Y3          FDRE                                         r  design_1_i/angle_encoder_1/inst/rot_r_delayed_reg/CE
  -------------------------------------------------------------------    -------------------

                         (clock clk25_design_1_clk_wiz_0_0 rise edge)
                                                      0.000     0.000 r  
    D7                                                0.000     0.000 r  clk_100mhz_clk_p (IN)
                         net (fo=0)                   0.079     0.079    design_1_i/clk_wiz_0/inst/clkin1_ibufds/I
    HPIOBDIFFINBUF_X0Y60 DIFFINBUF (Prop_DIFFINBUF_HPIOBDIFFINBUF_DIFF_IN_P_O)
                                                      0.519     0.598 r  design_1_i/clk_wiz_0/inst/clkin1_ibufds/DIFFINBUF_INST/O
                         net (fo=1, routed)           0.040     0.638    design_1_i/clk_wiz_0/inst/clkin1_ibufds/OUT
    D7                   IBUFCTRL (Prop_IBUFCTRL_HPIOB_M_I_O)
                                                      0.000     0.638 r  design_1_i/clk_wiz_0/inst/clkin1_ibufds/IBUFCTRL_INST/O
                         net (fo=1, routed)           0.333     0.971    design_1_i/clk_wiz_0/inst/clk_in1_design_1_clk_wiz_0_0
    MMCM_X0Y2            MMCME4_ADV (Prop_MMCM_CLKIN1_CLKOUT0)
                                                      0.630     1.601 r  design_1_i/clk_wiz_0/inst/mmcme4_adv_inst/CLKOUT0
                         net (fo=1, routed)           0.214     1.815    design_1_i/clk_wiz_0/inst/clk25_design_1_clk_wiz_0_0
    BUFGCE_X0Y68         BUFGCE (Prop_BUFCE_BUFGCE_I_O)
                                                      0.024     1.839 r  design_1_i/clk_wiz_0/inst/clkout1_buf/O
    X0Y0 (CLOCK_ROOT)    net (fo=99, routed)          1.773     3.612    design_1_i/angle_encoder_1/inst/CLK
    SLICE_X22Y3          FDRE                                         r  design_1_i/angle_encoder_1/inst/rot_r_delayed_reg/C





Min Delay Paths
--------------------------------------------------------------------------------------
Slack:                    inf
  Source:                 design_1_i/EnemyController_0/inst/hited_reg/C
                            (rising edge-triggered cell FDCE)
  Destination:            design_1_i/GameController_0/inst/health_reg_reg[0]/CE
                            (rising edge-triggered cell FDPE clocked by clk25_design_1_clk_wiz_0_0  {rise@0.000ns fall@20.000ns period=40.000ns})
  Path Group:             (none)
  Path Type:              Hold (Min at Fast Process Corner)
  Data Path Delay:        0.488ns  (logic 0.039ns (7.986%)  route 0.449ns (92.014%))
  Logic Levels:           1  (FDCE=1)
  Clock Uncertainty:      0.163ns  ((TSJ^2 + DJ^2)^1/2) / 2 + PE
    Total System Jitter     (TSJ):    0.050ns
    Discrete Jitter          (DJ):    0.148ns
    Phase Error              (PE):    0.085ns
  Clock Net Delay (Destination): 1.337ns (routing 0.716ns, distribution 0.621ns)

    Location             Delay type                Incr(ns)  Path(ns)    Netlist Resource(s)
  -------------------------------------------------------------------    -------------------
    SLICE_X27Y30         FDCE                         0.000     0.000 r  design_1_i/EnemyController_0/inst/hited_reg/C
    SLICE_X27Y30         FDCE (Prop_CFF_SLICEL_C_Q)
                                                      0.039     0.039 r  design_1_i/EnemyController_0/inst/hited_reg/Q
                         net (fo=3, routed)           0.449     0.488    design_1_i/GameController_0/inst/hit
    SLICE_X48Y31         FDPE                                         r  design_1_i/GameController_0/inst/health_reg_reg[0]/CE
  -------------------------------------------------------------------    -------------------

                         (clock clk25_design_1_clk_wiz_0_0 rise edge)
                                                      0.000     0.000 r  
    D7                                                0.000     0.000 r  clk_100mhz_clk_p (IN)
                         net (fo=0)                   0.100     0.100    design_1_i/clk_wiz_0/inst/clkin1_ibufds/I
    HPIOBDIFFINBUF_X0Y60 DIFFINBUF (Prop_DIFFINBUF_HPIOBDIFFINBUF_DIFF_IN_P_O)
                                                      0.400     0.500 r  design_1_i/clk_wiz_0/inst/clkin1_ibufds/DIFFINBUF_INST/O
                         net (fo=1, routed)           0.050     0.550    design_1_i/clk_wiz_0/inst/clkin1_ibufds/OUT
    D7                   IBUFCTRL (Prop_IBUFCTRL_HPIOB_M_I_O)
                                                      0.000     0.550 r  design_1_i/clk_wiz_0/inst/clkin1_ibufds/IBUFCTRL_INST/O
                         net (fo=1, routed)           0.222     0.772    design_1_i/clk_wiz_0/inst/clk_in1_design_1_clk_wiz_0_0
    MMCM_X0Y2            MMCME4_ADV (Prop_MMCM_CLKIN1_CLKOUT0)
                                                     -0.295     0.477 r  design_1_i/clk_wiz_0/inst/mmcme4_adv_inst/CLKOUT0
                         net (fo=1, routed)           0.165     0.642    design_1_i/clk_wiz_0/inst/clk25_design_1_clk_wiz_0_0
    BUFGCE_X0Y68         BUFGCE (Prop_BUFCE_BUFGCE_I_O)
                                                      0.019     0.661 r  design_1_i/clk_wiz_0/inst/clkout1_buf/O
    X0Y0 (CLOCK_ROOT)    net (fo=99, routed)          1.337     1.998    design_1_i/GameController_0/inst/Clk
    SLICE_X48Y31         FDPE                                         r  design_1_i/GameController_0/inst/health_reg_reg[0]/C

Slack:                    inf
  Source:                 design_1_i/EnemyController_0/inst/hited_reg/C
                            (rising edge-triggered cell FDCE)
  Destination:            design_1_i/GameController_0/inst/health_reg_reg[1]/CE
                            (rising edge-triggered cell FDPE clocked by clk25_design_1_clk_wiz_0_0  {rise@0.000ns fall@20.000ns period=40.000ns})
  Path Group:             (none)
  Path Type:              Hold (Min at Fast Process Corner)
  Data Path Delay:        0.488ns  (logic 0.039ns (7.986%)  route 0.449ns (92.014%))
  Logic Levels:           1  (FDCE=1)
  Clock Uncertainty:      0.163ns  ((TSJ^2 + DJ^2)^1/2) / 2 + PE
    Total System Jitter     (TSJ):    0.050ns
    Discrete Jitter          (DJ):    0.148ns
    Phase Error              (PE):    0.085ns
  Clock Net Delay (Destination): 1.337ns (routing 0.716ns, distribution 0.621ns)

    Location             Delay type                Incr(ns)  Path(ns)    Netlist Resource(s)
  -------------------------------------------------------------------    -------------------
    SLICE_X27Y30         FDCE                         0.000     0.000 r  design_1_i/EnemyController_0/inst/hited_reg/C
    SLICE_X27Y30         FDCE (Prop_CFF_SLICEL_C_Q)
                                                      0.039     0.039 r  design_1_i/EnemyController_0/inst/hited_reg/Q
                         net (fo=3, routed)           0.449     0.488    design_1_i/GameController_0/inst/hit
    SLICE_X48Y31         FDPE                                         r  design_1_i/GameController_0/inst/health_reg_reg[1]/CE
  -------------------------------------------------------------------    -------------------

                         (clock clk25_design_1_clk_wiz_0_0 rise edge)
                                                      0.000     0.000 r  
    D7                                                0.000     0.000 r  clk_100mhz_clk_p (IN)
                         net (fo=0)                   0.100     0.100    design_1_i/clk_wiz_0/inst/clkin1_ibufds/I
    HPIOBDIFFINBUF_X0Y60 DIFFINBUF (Prop_DIFFINBUF_HPIOBDIFFINBUF_DIFF_IN_P_O)
                                                      0.400     0.500 r  design_1_i/clk_wiz_0/inst/clkin1_ibufds/DIFFINBUF_INST/O
                         net (fo=1, routed)           0.050     0.550    design_1_i/clk_wiz_0/inst/clkin1_ibufds/OUT
    D7                   IBUFCTRL (Prop_IBUFCTRL_HPIOB_M_I_O)
                                                      0.000     0.550 r  design_1_i/clk_wiz_0/inst/clkin1_ibufds/IBUFCTRL_INST/O
                         net (fo=1, routed)           0.222     0.772    design_1_i/clk_wiz_0/inst/clk_in1_design_1_clk_wiz_0_0
    MMCM_X0Y2            MMCME4_ADV (Prop_MMCM_CLKIN1_CLKOUT0)
                                                     -0.295     0.477 r  design_1_i/clk_wiz_0/inst/mmcme4_adv_inst/CLKOUT0
                         net (fo=1, routed)           0.165     0.642    design_1_i/clk_wiz_0/inst/clk25_design_1_clk_wiz_0_0
    BUFGCE_X0Y68         BUFGCE (Prop_BUFCE_BUFGCE_I_O)
                                                      0.019     0.661 r  design_1_i/clk_wiz_0/inst/clkout1_buf/O
    X0Y0 (CLOCK_ROOT)    net (fo=99, routed)          1.337     1.998    design_1_i/GameController_0/inst/Clk
    SLICE_X48Y31         FDPE                                         r  design_1_i/GameController_0/inst/health_reg_reg[1]/C

Slack:                    inf
  Source:                 design_1_i/EnemyController_0/inst/hited_reg/C
                            (rising edge-triggered cell FDCE)
  Destination:            design_1_i/GameController_0/inst/health_reg_reg[2]/CE
                            (rising edge-triggered cell FDCE clocked by clk25_design_1_clk_wiz_0_0  {rise@0.000ns fall@20.000ns period=40.000ns})
  Path Group:             (none)
  Path Type:              Hold (Min at Fast Process Corner)
  Data Path Delay:        0.488ns  (logic 0.039ns (7.986%)  route 0.449ns (92.014%))
  Logic Levels:           1  (FDCE=1)
  Clock Uncertainty:      0.163ns  ((TSJ^2 + DJ^2)^1/2) / 2 + PE
    Total System Jitter     (TSJ):    0.050ns
    Discrete Jitter          (DJ):    0.148ns
    Phase Error              (PE):    0.085ns
  Clock Net Delay (Destination): 1.337ns (routing 0.716ns, distribution 0.621ns)

    Location             Delay type                Incr(ns)  Path(ns)    Netlist Resource(s)
  -------------------------------------------------------------------    -------------------
    SLICE_X27Y30         FDCE                         0.000     0.000 r  design_1_i/EnemyController_0/inst/hited_reg/C
    SLICE_X27Y30         FDCE (Prop_CFF_SLICEL_C_Q)
                                                      0.039     0.039 r  design_1_i/EnemyController_0/inst/hited_reg/Q
                         net (fo=3, routed)           0.449     0.488    design_1_i/GameController_0/inst/hit
    SLICE_X48Y31         FDCE                                         r  design_1_i/GameController_0/inst/health_reg_reg[2]/CE
  -------------------------------------------------------------------    -------------------

                         (clock clk25_design_1_clk_wiz_0_0 rise edge)
                                                      0.000     0.000 r  
    D7                                                0.000     0.000 r  clk_100mhz_clk_p (IN)
                         net (fo=0)                   0.100     0.100    design_1_i/clk_wiz_0/inst/clkin1_ibufds/I
    HPIOBDIFFINBUF_X0Y60 DIFFINBUF (Prop_DIFFINBUF_HPIOBDIFFINBUF_DIFF_IN_P_O)
                                                      0.400     0.500 r  design_1_i/clk_wiz_0/inst/clkin1_ibufds/DIFFINBUF_INST/O
                         net (fo=1, routed)           0.050     0.550    design_1_i/clk_wiz_0/inst/clkin1_ibufds/OUT
    D7                   IBUFCTRL (Prop_IBUFCTRL_HPIOB_M_I_O)
                                                      0.000     0.550 r  design_1_i/clk_wiz_0/inst/clkin1_ibufds/IBUFCTRL_INST/O
                         net (fo=1, routed)           0.222     0.772    design_1_i/clk_wiz_0/inst/clk_in1_design_1_clk_wiz_0_0
    MMCM_X0Y2            MMCME4_ADV (Prop_MMCM_CLKIN1_CLKOUT0)
                                                     -0.295     0.477 r  design_1_i/clk_wiz_0/inst/mmcme4_adv_inst/CLKOUT0
                         net (fo=1, routed)           0.165     0.642    design_1_i/clk_wiz_0/inst/clk25_design_1_clk_wiz_0_0
    BUFGCE_X0Y68         BUFGCE (Prop_BUFCE_BUFGCE_I_O)
                                                      0.019     0.661 r  design_1_i/clk_wiz_0/inst/clkout1_buf/O
    X0Y0 (CLOCK_ROOT)    net (fo=99, routed)          1.337     1.998    design_1_i/GameController_0/inst/Clk
    SLICE_X48Y31         FDCE                                         r  design_1_i/GameController_0/inst/health_reg_reg[2]/C

Slack:                    inf
  Source:                 design_1_i/EnemyController_0/inst/enemies_reg[20][is_active]/C
                            (rising edge-triggered cell FDCE)
  Destination:            design_1_i/HDMI_TX_0/U0/i_wrap/TMDS_2/i_Enc/qD_reg[4]/D
                            (rising edge-triggered cell FDRE clocked by clk25_design_1_clk_wiz_0_0  {rise@0.000ns fall@20.000ns period=40.000ns})
  Path Group:             (none)
  Path Type:              Hold (Min at Fast Process Corner)
  Data Path Delay:        0.746ns  (logic 0.145ns (19.441%)  route 0.601ns (80.559%))
  Logic Levels:           4  (FDCE=1 LUT6=3)
  Clock Uncertainty:      0.163ns  ((TSJ^2 + DJ^2)^1/2) / 2 + PE
    Total System Jitter     (TSJ):    0.050ns
    Discrete Jitter          (DJ):    0.148ns
    Phase Error              (PE):    0.085ns
  Clock Net Delay (Destination): 1.283ns (routing 0.716ns, distribution 0.567ns)

    Location             Delay type                Incr(ns)  Path(ns)    Netlist Resource(s)
  -------------------------------------------------------------------    -------------------
    SLICE_X19Y52         FDCE                         0.000     0.000 r  design_1_i/EnemyController_0/inst/enemies_reg[20][is_active]/C
    SLICE_X19Y52         FDCE (Prop_HFF2_SLICEM_C_Q)
                                                      0.039     0.039 r  design_1_i/EnemyController_0/inst/enemies_reg[20][is_active]/Q
                         net (fo=159, routed)         0.102     0.141    design_1_i/ImgGen_0/inst/Enemies_in[230]
    SLICE_X19Y55         LUT6 (Prop_H6LUT_SLICEM_I4_O)
                                                      0.023     0.164 r  design_1_i/ImgGen_0/inst/R[7]_INST_0_i_11/O
                         net (fo=1, routed)           0.240     0.404    design_1_i/ImgGen_0/inst/R[7]_INST_0_i_11_n_0
    SLICE_X23Y28         LUT6 (Prop_H6LUT_SLICEL_I0_O)
                                                      0.023     0.427 r  design_1_i/ImgGen_0/inst/R[7]_INST_0_i_3/O
                         net (fo=6, routed)           0.244     0.671    design_1_i/ImgGen_0/inst/R[7]_INST_0_i_3_n_0
    SLICE_X30Y7          LUT6 (Prop_B6LUT_SLICEL_I5_O)
                                                      0.060     0.731 r  design_1_i/ImgGen_0/inst/R[4]_INST_0/O
                         net (fo=1, routed)           0.015     0.746    design_1_i/HDMI_TX_0/U0/i_wrap/R[4]
    SLICE_X30Y7          FDRE                                         r  design_1_i/HDMI_TX_0/U0/i_wrap/TMDS_2/i_Enc/qD_reg[4]/D
  -------------------------------------------------------------------    -------------------

                         (clock clk25_design_1_clk_wiz_0_0 rise edge)
                                                      0.000     0.000 r  
    D7                                                0.000     0.000 r  clk_100mhz_clk_p (IN)
                         net (fo=0)                   0.100     0.100    design_1_i/clk_wiz_0/inst/clkin1_ibufds/I
    HPIOBDIFFINBUF_X0Y60 DIFFINBUF (Prop_DIFFINBUF_HPIOBDIFFINBUF_DIFF_IN_P_O)
                                                      0.400     0.500 r  design_1_i/clk_wiz_0/inst/clkin1_ibufds/DIFFINBUF_INST/O
                         net (fo=1, routed)           0.050     0.550    design_1_i/clk_wiz_0/inst/clkin1_ibufds/OUT
    D7                   IBUFCTRL (Prop_IBUFCTRL_HPIOB_M_I_O)
                                                      0.000     0.550 r  design_1_i/clk_wiz_0/inst/clkin1_ibufds/IBUFCTRL_INST/O
                         net (fo=1, routed)           0.222     0.772    design_1_i/clk_wiz_0/inst/clk_in1_design_1_clk_wiz_0_0
    MMCM_X0Y2            MMCME4_ADV (Prop_MMCM_CLKIN1_CLKOUT0)
                                                     -0.295     0.477 r  design_1_i/clk_wiz_0/inst/mmcme4_adv_inst/CLKOUT0
                         net (fo=1, routed)           0.165     0.642    design_1_i/clk_wiz_0/inst/clk25_design_1_clk_wiz_0_0
    BUFGCE_X0Y68         BUFGCE (Prop_BUFCE_BUFGCE_I_O)
                                                      0.019     0.661 r  design_1_i/clk_wiz_0/inst/clkout1_buf/O
    X0Y0 (CLOCK_ROOT)    net (fo=99, routed)          1.283     1.944    design_1_i/HDMI_TX_0/U0/i_wrap/pxClk
    SLICE_X30Y7          FDRE                                         r  design_1_i/HDMI_TX_0/U0/i_wrap/TMDS_2/i_Enc/qD_reg[4]/C

Slack:                    inf
  Source:                 design_1_i/EnemyController_0/inst/enemies_reg[20][is_active]/C
                            (rising edge-triggered cell FDCE)
  Destination:            design_1_i/HDMI_TX_0/U0/i_wrap/TMDS_2/i_Enc/qD_reg[6]/D
                            (rising edge-triggered cell FDRE clocked by clk25_design_1_clk_wiz_0_0  {rise@0.000ns fall@20.000ns period=40.000ns})
  Path Group:             (none)
  Path Type:              Hold (Min at Fast Process Corner)
  Data Path Delay:        0.762ns  (logic 0.135ns (17.720%)  route 0.627ns (82.280%))
  Logic Levels:           4  (FDCE=1 LUT6=3)
  Clock Uncertainty:      0.163ns  ((TSJ^2 + DJ^2)^1/2) / 2 + PE
    Total System Jitter     (TSJ):    0.050ns
    Discrete Jitter          (DJ):    0.148ns
    Phase Error              (PE):    0.085ns
  Clock Net Delay (Destination): 1.288ns (routing 0.716ns, distribution 0.572ns)

    Location             Delay type                Incr(ns)  Path(ns)    Netlist Resource(s)
  -------------------------------------------------------------------    -------------------
    SLICE_X19Y52         FDCE                         0.000     0.000 r  design_1_i/EnemyController_0/inst/enemies_reg[20][is_active]/C
    SLICE_X19Y52         FDCE (Prop_HFF2_SLICEM_C_Q)
                                                      0.039     0.039 r  design_1_i/EnemyController_0/inst/enemies_reg[20][is_active]/Q
                         net (fo=159, routed)         0.102     0.141    design_1_i/ImgGen_0/inst/Enemies_in[230]
    SLICE_X19Y55         LUT6 (Prop_H6LUT_SLICEM_I4_O)
                                                      0.023     0.164 r  design_1_i/ImgGen_0/inst/R[7]_INST_0_i_11/O
                         net (fo=1, routed)           0.240     0.404    design_1_i/ImgGen_0/inst/R[7]_INST_0_i_11_n_0
    SLICE_X23Y28         LUT6 (Prop_H6LUT_SLICEL_I0_O)
                                                      0.023     0.427 r  design_1_i/ImgGen_0/inst/R[7]_INST_0_i_3/O
                         net (fo=6, routed)           0.261     0.688    design_1_i/ImgGen_0/inst/R[7]_INST_0_i_3_n_0
    SLICE_X29Y7          LUT6 (Prop_C6LUT_SLICEM_I5_O)
                                                      0.050     0.738 r  design_1_i/ImgGen_0/inst/R[6]_INST_0/O
                         net (fo=1, routed)           0.024     0.762    design_1_i/HDMI_TX_0/U0/i_wrap/R[6]
    SLICE_X29Y7          FDRE                                         r  design_1_i/HDMI_TX_0/U0/i_wrap/TMDS_2/i_Enc/qD_reg[6]/D
  -------------------------------------------------------------------    -------------------

                         (clock clk25_design_1_clk_wiz_0_0 rise edge)
                                                      0.000     0.000 r  
    D7                                                0.000     0.000 r  clk_100mhz_clk_p (IN)
                         net (fo=0)                   0.100     0.100    design_1_i/clk_wiz_0/inst/clkin1_ibufds/I
    HPIOBDIFFINBUF_X0Y60 DIFFINBUF (Prop_DIFFINBUF_HPIOBDIFFINBUF_DIFF_IN_P_O)
                                                      0.400     0.500 r  design_1_i/clk_wiz_0/inst/clkin1_ibufds/DIFFINBUF_INST/O
                         net (fo=1, routed)           0.050     0.550    design_1_i/clk_wiz_0/inst/clkin1_ibufds/OUT
    D7                   IBUFCTRL (Prop_IBUFCTRL_HPIOB_M_I_O)
                                                      0.000     0.550 r  design_1_i/clk_wiz_0/inst/clkin1_ibufds/IBUFCTRL_INST/O
                         net (fo=1, routed)           0.222     0.772    design_1_i/clk_wiz_0/inst/clk_in1_design_1_clk_wiz_0_0
    MMCM_X0Y2            MMCME4_ADV (Prop_MMCM_CLKIN1_CLKOUT0)
                                                     -0.295     0.477 r  design_1_i/clk_wiz_0/inst/mmcme4_adv_inst/CLKOUT0
                         net (fo=1, routed)           0.165     0.642    design_1_i/clk_wiz_0/inst/clk25_design_1_clk_wiz_0_0
    BUFGCE_X0Y68         BUFGCE (Prop_BUFCE_BUFGCE_I_O)
                                                      0.019     0.661 r  design_1_i/clk_wiz_0/inst/clkout1_buf/O
    X0Y0 (CLOCK_ROOT)    net (fo=99, routed)          1.288     1.949    design_1_i/HDMI_TX_0/U0/i_wrap/pxClk
    SLICE_X29Y7          FDRE                                         r  design_1_i/HDMI_TX_0/U0/i_wrap/TMDS_2/i_Enc/qD_reg[6]/C

Slack:                    inf
  Source:                 design_1_i/EnemyController_0/inst/enemies_reg[20][is_active]/C
                            (rising edge-triggered cell FDCE)
  Destination:            design_1_i/HDMI_TX_0/U0/i_wrap/TMDS_2/i_Enc/qD_reg[1]/D
                            (rising edge-triggered cell FDRE clocked by clk25_design_1_clk_wiz_0_0  {rise@0.000ns fall@20.000ns period=40.000ns})
  Path Group:             (none)
  Path Type:              Hold (Min at Fast Process Corner)
  Data Path Delay:        0.855ns  (logic 0.126ns (14.737%)  route 0.729ns (85.263%))
  Logic Levels:           4  (FDCE=1 LUT6=3)
  Clock Uncertainty:      0.163ns  ((TSJ^2 + DJ^2)^1/2) / 2 + PE
    Total System Jitter     (TSJ):    0.050ns
    Discrete Jitter          (DJ):    0.148ns
    Phase Error              (PE):    0.085ns
  Clock Net Delay (Destination): 1.281ns (routing 0.716ns, distribution 0.565ns)

    Location             Delay type                Incr(ns)  Path(ns)    Netlist Resource(s)
  -------------------------------------------------------------------    -------------------
    SLICE_X19Y52         FDCE                         0.000     0.000 r  design_1_i/EnemyController_0/inst/enemies_reg[20][is_active]/C
    SLICE_X19Y52         FDCE (Prop_HFF2_SLICEM_C_Q)
                                                      0.039     0.039 r  design_1_i/EnemyController_0/inst/enemies_reg[20][is_active]/Q
                         net (fo=159, routed)         0.102     0.141    design_1_i/ImgGen_0/inst/Enemies_in[230]
    SLICE_X19Y55         LUT6 (Prop_H6LUT_SLICEM_I4_O)
                                                      0.023     0.164 r  design_1_i/ImgGen_0/inst/R[7]_INST_0_i_11/O
                         net (fo=1, routed)           0.240     0.404    design_1_i/ImgGen_0/inst/R[7]_INST_0_i_11_n_0
    SLICE_X23Y28         LUT6 (Prop_H6LUT_SLICEL_I0_O)
                                                      0.023     0.427 r  design_1_i/ImgGen_0/inst/R[7]_INST_0_i_3/O
                         net (fo=6, routed)           0.371     0.798    design_1_i/ImgGen_0/inst/R[7]_INST_0_i_3_n_0
    SLICE_X32Y9          LUT6 (Prop_D6LUT_SLICEL_I5_O)
                                                      0.041     0.839 r  design_1_i/ImgGen_0/inst/R[1]_INST_0/O
                         net (fo=1, routed)           0.016     0.855    design_1_i/HDMI_TX_0/U0/i_wrap/R[1]
    SLICE_X32Y9          FDRE                                         r  design_1_i/HDMI_TX_0/U0/i_wrap/TMDS_2/i_Enc/qD_reg[1]/D
  -------------------------------------------------------------------    -------------------

                         (clock clk25_design_1_clk_wiz_0_0 rise edge)
                                                      0.000     0.000 r  
    D7                                                0.000     0.000 r  clk_100mhz_clk_p (IN)
                         net (fo=0)                   0.100     0.100    design_1_i/clk_wiz_0/inst/clkin1_ibufds/I
    HPIOBDIFFINBUF_X0Y60 DIFFINBUF (Prop_DIFFINBUF_HPIOBDIFFINBUF_DIFF_IN_P_O)
                                                      0.400     0.500 r  design_1_i/clk_wiz_0/inst/clkin1_ibufds/DIFFINBUF_INST/O
                         net (fo=1, routed)           0.050     0.550    design_1_i/clk_wiz_0/inst/clkin1_ibufds/OUT
    D7                   IBUFCTRL (Prop_IBUFCTRL_HPIOB_M_I_O)
                                                      0.000     0.550 r  design_1_i/clk_wiz_0/inst/clkin1_ibufds/IBUFCTRL_INST/O
                         net (fo=1, routed)           0.222     0.772    design_1_i/clk_wiz_0/inst/clk_in1_design_1_clk_wiz_0_0
    MMCM_X0Y2            MMCME4_ADV (Prop_MMCM_CLKIN1_CLKOUT0)
                                                     -0.295     0.477 r  design_1_i/clk_wiz_0/inst/mmcme4_adv_inst/CLKOUT0
                         net (fo=1, routed)           0.165     0.642    design_1_i/clk_wiz_0/inst/clk25_design_1_clk_wiz_0_0
    BUFGCE_X0Y68         BUFGCE (Prop_BUFCE_BUFGCE_I_O)
                                                      0.019     0.661 r  design_1_i/clk_wiz_0/inst/clkout1_buf/O
    X0Y0 (CLOCK_ROOT)    net (fo=99, routed)          1.281     1.942    design_1_i/HDMI_TX_0/U0/i_wrap/pxClk
    SLICE_X32Y9          FDRE                                         r  design_1_i/HDMI_TX_0/U0/i_wrap/TMDS_2/i_Enc/qD_reg[1]/C

Slack:                    inf
  Source:                 design_1_i/EnemyController_0/inst/enemies_reg[20][is_active]/C
                            (rising edge-triggered cell FDCE)
  Destination:            design_1_i/HDMI_TX_0/U0/i_wrap/TMDS_2/i_Enc/qD_reg[2]/D
                            (rising edge-triggered cell FDRE clocked by clk25_design_1_clk_wiz_0_0  {rise@0.000ns fall@20.000ns period=40.000ns})
  Path Group:             (none)
  Path Type:              Hold (Min at Fast Process Corner)
  Data Path Delay:        0.872ns  (logic 0.134ns (15.365%)  route 0.738ns (84.635%))
  Logic Levels:           5  (FDCE=1 LUT2=1 LUT6=3)
  Clock Uncertainty:      0.163ns  ((TSJ^2 + DJ^2)^1/2) / 2 + PE
    Total System Jitter     (TSJ):    0.050ns
    Discrete Jitter          (DJ):    0.148ns
    Phase Error              (PE):    0.085ns
  Clock Net Delay (Destination): 1.307ns (routing 0.716ns, distribution 0.591ns)

    Location             Delay type                Incr(ns)  Path(ns)    Netlist Resource(s)
  -------------------------------------------------------------------    -------------------
    SLICE_X19Y52         FDCE                         0.000     0.000 r  design_1_i/EnemyController_0/inst/enemies_reg[20][is_active]/C
    SLICE_X19Y52         FDCE (Prop_HFF2_SLICEM_C_Q)
                                                      0.039     0.039 r  design_1_i/EnemyController_0/inst/enemies_reg[20][is_active]/Q
                         net (fo=159, routed)         0.102     0.141    design_1_i/ImgGen_0/inst/Enemies_in[230]
    SLICE_X19Y55         LUT6 (Prop_H6LUT_SLICEM_I4_O)
                                                      0.023     0.164 r  design_1_i/ImgGen_0/inst/R[7]_INST_0_i_11/O
                         net (fo=1, routed)           0.240     0.404    design_1_i/ImgGen_0/inst/R[7]_INST_0_i_11_n_0
    SLICE_X23Y28         LUT6 (Prop_H6LUT_SLICEL_I0_O)
                                                      0.023     0.427 r  design_1_i/ImgGen_0/inst/R[7]_INST_0_i_3/O
                         net (fo=6, routed)           0.351     0.778    design_1_i/ImgGen_0/inst/R[7]_INST_0_i_3_n_0
    SLICE_X36Y9          LUT2 (Prop_A6LUT_SLICEL_I0_O)
                                                      0.035     0.813 r  design_1_i/ImgGen_0/inst/R[5]_INST_0_i_4/O
                         net (fo=2, routed)           0.028     0.841    design_1_i/ImgGen_0/inst/R[5]_INST_0_i_4_n_0
    SLICE_X36Y9          LUT6 (Prop_C6LUT_SLICEL_I5_O)
                                                      0.014     0.855 r  design_1_i/ImgGen_0/inst/R[2]_INST_0/O
                         net (fo=1, routed)           0.017     0.872    design_1_i/HDMI_TX_0/U0/i_wrap/R[2]
    SLICE_X36Y9          FDRE                                         r  design_1_i/HDMI_TX_0/U0/i_wrap/TMDS_2/i_Enc/qD_reg[2]/D
  -------------------------------------------------------------------    -------------------

                         (clock clk25_design_1_clk_wiz_0_0 rise edge)
                                                      0.000     0.000 r  
    D7                                                0.000     0.000 r  clk_100mhz_clk_p (IN)
                         net (fo=0)                   0.100     0.100    design_1_i/clk_wiz_0/inst/clkin1_ibufds/I
    HPIOBDIFFINBUF_X0Y60 DIFFINBUF (Prop_DIFFINBUF_HPIOBDIFFINBUF_DIFF_IN_P_O)
                                                      0.400     0.500 r  design_1_i/clk_wiz_0/inst/clkin1_ibufds/DIFFINBUF_INST/O
                         net (fo=1, routed)           0.050     0.550    design_1_i/clk_wiz_0/inst/clkin1_ibufds/OUT
    D7                   IBUFCTRL (Prop_IBUFCTRL_HPIOB_M_I_O)
                                                      0.000     0.550 r  design_1_i/clk_wiz_0/inst/clkin1_ibufds/IBUFCTRL_INST/O
                         net (fo=1, routed)           0.222     0.772    design_1_i/clk_wiz_0/inst/clk_in1_design_1_clk_wiz_0_0
    MMCM_X0Y2            MMCME4_ADV (Prop_MMCM_CLKIN1_CLKOUT0)
                                                     -0.295     0.477 r  design_1_i/clk_wiz_0/inst/mmcme4_adv_inst/CLKOUT0
                         net (fo=1, routed)           0.165     0.642    design_1_i/clk_wiz_0/inst/clk25_design_1_clk_wiz_0_0
    BUFGCE_X0Y68         BUFGCE (Prop_BUFCE_BUFGCE_I_O)
                                                      0.019     0.661 r  design_1_i/clk_wiz_0/inst/clkout1_buf/O
    X0Y0 (CLOCK_ROOT)    net (fo=99, routed)          1.307     1.968    design_1_i/HDMI_TX_0/U0/i_wrap/pxClk
    SLICE_X36Y9          FDRE                                         r  design_1_i/HDMI_TX_0/U0/i_wrap/TMDS_2/i_Enc/qD_reg[2]/C

Slack:                    inf
  Source:                 design_1_i/EnemyController_0/inst/enemies_reg[20][is_active]/C
                            (rising edge-triggered cell FDCE)
  Destination:            design_1_i/HDMI_TX_0/U0/i_wrap/TMDS_2/i_Enc/qD_reg[7]/D
                            (rising edge-triggered cell FDRE clocked by clk25_design_1_clk_wiz_0_0  {rise@0.000ns fall@20.000ns period=40.000ns})
  Path Group:             (none)
  Path Type:              Hold (Min at Fast Process Corner)
  Data Path Delay:        0.911ns  (logic 0.117ns (12.837%)  route 0.794ns (87.163%))
  Logic Levels:           4  (FDCE=1 LUT3=1 LUT6=2)
  Clock Uncertainty:      0.163ns  ((TSJ^2 + DJ^2)^1/2) / 2 + PE
    Total System Jitter     (TSJ):    0.050ns
    Discrete Jitter          (DJ):    0.148ns
    Phase Error              (PE):    0.085ns
  Clock Net Delay (Destination): 1.311ns (routing 0.716ns, distribution 0.595ns)

    Location             Delay type                Incr(ns)  Path(ns)    Netlist Resource(s)
  -------------------------------------------------------------------    -------------------
    SLICE_X19Y52         FDCE                         0.000     0.000 r  design_1_i/EnemyController_0/inst/enemies_reg[20][is_active]/C
    SLICE_X19Y52         FDCE (Prop_HFF2_SLICEM_C_Q)
                                                      0.039     0.039 r  design_1_i/EnemyController_0/inst/enemies_reg[20][is_active]/Q
                         net (fo=159, routed)         0.102     0.141    design_1_i/ImgGen_0/inst/Enemies_in[230]
    SLICE_X19Y55         LUT6 (Prop_H6LUT_SLICEM_I4_O)
                                                      0.023     0.164 r  design_1_i/ImgGen_0/inst/R[7]_INST_0_i_11/O
                         net (fo=1, routed)           0.240     0.404    design_1_i/ImgGen_0/inst/R[7]_INST_0_i_11_n_0
    SLICE_X23Y28         LUT6 (Prop_H6LUT_SLICEL_I0_O)
                                                      0.023     0.427 r  design_1_i/ImgGen_0/inst/R[7]_INST_0_i_3/O
                         net (fo=6, routed)           0.351     0.778    design_1_i/ImgGen_0/inst/R[7]_INST_0_i_3_n_0
    SLICE_X36Y9          LUT3 (Prop_A5LUT_SLICEL_I2_O)
                                                      0.032     0.810 r  design_1_i/ImgGen_0/inst/R[7]_INST_0/O
                         net (fo=1, routed)           0.101     0.911    design_1_i/HDMI_TX_0/U0/i_wrap/R[7]
    SLICE_X36Y9          FDRE                                         r  design_1_i/HDMI_TX_0/U0/i_wrap/TMDS_2/i_Enc/qD_reg[7]/D
  -------------------------------------------------------------------    -------------------

                         (clock clk25_design_1_clk_wiz_0_0 rise edge)
                                                      0.000     0.000 r  
    D7                                                0.000     0.000 r  clk_100mhz_clk_p (IN)
                         net (fo=0)                   0.100     0.100    design_1_i/clk_wiz_0/inst/clkin1_ibufds/I
    HPIOBDIFFINBUF_X0Y60 DIFFINBUF (Prop_DIFFINBUF_HPIOBDIFFINBUF_DIFF_IN_P_O)
                                                      0.400     0.500 r  design_1_i/clk_wiz_0/inst/clkin1_ibufds/DIFFINBUF_INST/O
                         net (fo=1, routed)           0.050     0.550    design_1_i/clk_wiz_0/inst/clkin1_ibufds/OUT
    D7                   IBUFCTRL (Prop_IBUFCTRL_HPIOB_M_I_O)
                                                      0.000     0.550 r  design_1_i/clk_wiz_0/inst/clkin1_ibufds/IBUFCTRL_INST/O
                         net (fo=1, routed)           0.222     0.772    design_1_i/clk_wiz_0/inst/clk_in1_design_1_clk_wiz_0_0
    MMCM_X0Y2            MMCME4_ADV (Prop_MMCM_CLKIN1_CLKOUT0)
                                                     -0.295     0.477 r  design_1_i/clk_wiz_0/inst/mmcme4_adv_inst/CLKOUT0
                         net (fo=1, routed)           0.165     0.642    design_1_i/clk_wiz_0/inst/clk25_design_1_clk_wiz_0_0
    BUFGCE_X0Y68         BUFGCE (Prop_BUFCE_BUFGCE_I_O)
                                                      0.019     0.661 r  design_1_i/clk_wiz_0/inst/clkout1_buf/O
    X0Y0 (CLOCK_ROOT)    net (fo=99, routed)          1.311     1.972    design_1_i/HDMI_TX_0/U0/i_wrap/pxClk
    SLICE_X36Y9          FDRE                                         r  design_1_i/HDMI_TX_0/U0/i_wrap/TMDS_2/i_Enc/qD_reg[7]/C

Slack:                    inf
  Source:                 design_1_i/EnemyController_0/inst/enemies_reg[20][is_active]/C
                            (rising edge-triggered cell FDCE)
  Destination:            design_1_i/HDMI_TX_0/U0/i_wrap/TMDS_2/i_Enc/qD_reg[5]/D
                            (rising edge-triggered cell FDRE clocked by clk25_design_1_clk_wiz_0_0  {rise@0.000ns fall@20.000ns period=40.000ns})
  Path Group:             (none)
  Path Type:              Hold (Min at Fast Process Corner)
  Data Path Delay:        0.939ns  (logic 0.134ns (14.278%)  route 0.805ns (85.722%))
  Logic Levels:           5  (FDCE=1 LUT2=1 LUT6=3)
  Clock Uncertainty:      0.163ns  ((TSJ^2 + DJ^2)^1/2) / 2 + PE
    Total System Jitter     (TSJ):    0.050ns
    Discrete Jitter          (DJ):    0.148ns
    Phase Error              (PE):    0.085ns
  Clock Net Delay (Destination): 1.291ns (routing 0.716ns, distribution 0.575ns)

    Location             Delay type                Incr(ns)  Path(ns)    Netlist Resource(s)
  -------------------------------------------------------------------    -------------------
    SLICE_X19Y52         FDCE                         0.000     0.000 r  design_1_i/EnemyController_0/inst/enemies_reg[20][is_active]/C
    SLICE_X19Y52         FDCE (Prop_HFF2_SLICEM_C_Q)
                                                      0.039     0.039 r  design_1_i/EnemyController_0/inst/enemies_reg[20][is_active]/Q
                         net (fo=159, routed)         0.102     0.141    design_1_i/ImgGen_0/inst/Enemies_in[230]
    SLICE_X19Y55         LUT6 (Prop_H6LUT_SLICEM_I4_O)
                                                      0.023     0.164 r  design_1_i/ImgGen_0/inst/R[7]_INST_0_i_11/O
                         net (fo=1, routed)           0.240     0.404    design_1_i/ImgGen_0/inst/R[7]_INST_0_i_11_n_0
    SLICE_X23Y28         LUT6 (Prop_H6LUT_SLICEL_I0_O)
                                                      0.023     0.427 r  design_1_i/ImgGen_0/inst/R[7]_INST_0_i_3/O
                         net (fo=6, routed)           0.351     0.778    design_1_i/ImgGen_0/inst/R[7]_INST_0_i_3_n_0
    SLICE_X36Y9          LUT2 (Prop_A6LUT_SLICEL_I0_O)
                                                      0.035     0.813 r  design_1_i/ImgGen_0/inst/R[5]_INST_0_i_4/O
                         net (fo=2, routed)           0.095     0.909    design_1_i/ImgGen_0/inst/R[5]_INST_0_i_4_n_0
    SLICE_X35Y10         LUT6 (Prop_D6LUT_SLICEL_I5_O)
                                                      0.014     0.923 r  design_1_i/ImgGen_0/inst/R[5]_INST_0/O
                         net (fo=1, routed)           0.016     0.939    design_1_i/HDMI_TX_0/U0/i_wrap/R[5]
    SLICE_X35Y10         FDRE                                         r  design_1_i/HDMI_TX_0/U0/i_wrap/TMDS_2/i_Enc/qD_reg[5]/D
  -------------------------------------------------------------------    -------------------

                         (clock clk25_design_1_clk_wiz_0_0 rise edge)
                                                      0.000     0.000 r  
    D7                                                0.000     0.000 r  clk_100mhz_clk_p (IN)
                         net (fo=0)                   0.100     0.100    design_1_i/clk_wiz_0/inst/clkin1_ibufds/I
    HPIOBDIFFINBUF_X0Y60 DIFFINBUF (Prop_DIFFINBUF_HPIOBDIFFINBUF_DIFF_IN_P_O)
                                                      0.400     0.500 r  design_1_i/clk_wiz_0/inst/clkin1_ibufds/DIFFINBUF_INST/O
                         net (fo=1, routed)           0.050     0.550    design_1_i/clk_wiz_0/inst/clkin1_ibufds/OUT
    D7                   IBUFCTRL (Prop_IBUFCTRL_HPIOB_M_I_O)
                                                      0.000     0.550 r  design_1_i/clk_wiz_0/inst/clkin1_ibufds/IBUFCTRL_INST/O
                         net (fo=1, routed)           0.222     0.772    design_1_i/clk_wiz_0/inst/clk_in1_design_1_clk_wiz_0_0
    MMCM_X0Y2            MMCME4_ADV (Prop_MMCM_CLKIN1_CLKOUT0)
                                                     -0.295     0.477 r  design_1_i/clk_wiz_0/inst/mmcme4_adv_inst/CLKOUT0
                         net (fo=1, routed)           0.165     0.642    design_1_i/clk_wiz_0/inst/clk25_design_1_clk_wiz_0_0
    BUFGCE_X0Y68         BUFGCE (Prop_BUFCE_BUFGCE_I_O)
                                                      0.019     0.661 r  design_1_i/clk_wiz_0/inst/clkout1_buf/O
    X0Y0 (CLOCK_ROOT)    net (fo=99, routed)          1.291     1.952    design_1_i/HDMI_TX_0/U0/i_wrap/pxClk
    SLICE_X35Y10         FDRE                                         r  design_1_i/HDMI_TX_0/U0/i_wrap/TMDS_2/i_Enc/qD_reg[5]/C

Slack:                    inf
  Source:                 design_1_i/EnemyController_0/inst/enemies_reg[20][is_active]/C
                            (rising edge-triggered cell FDCE)
  Destination:            design_1_i/HDMI_TX_0/U0/i_wrap/TMDS_2/i_Enc/qD_reg[0]/D
                            (rising edge-triggered cell FDRE clocked by clk25_design_1_clk_wiz_0_0  {rise@0.000ns fall@20.000ns period=40.000ns})
  Path Group:             (none)
  Path Type:              Hold (Min at Fast Process Corner)
  Data Path Delay:        1.127ns  (logic 0.107ns (9.498%)  route 1.020ns (90.502%))
  Logic Levels:           4  (FDCE=1 LUT6=3)
  Clock Uncertainty:      0.163ns  ((TSJ^2 + DJ^2)^1/2) / 2 + PE
    Total System Jitter     (TSJ):    0.050ns
    Discrete Jitter          (DJ):    0.148ns
    Phase Error              (PE):    0.085ns
  Clock Net Delay (Destination): 1.307ns (routing 0.716ns, distribution 0.591ns)

    Location             Delay type                Incr(ns)  Path(ns)    Netlist Resource(s)
  -------------------------------------------------------------------    -------------------
    SLICE_X19Y52         FDCE                         0.000     0.000 r  design_1_i/EnemyController_0/inst/enemies_reg[20][is_active]/C
    SLICE_X19Y52         FDCE (Prop_HFF2_SLICEM_C_Q)
                                                      0.039     0.039 r  design_1_i/EnemyController_0/inst/enemies_reg[20][is_active]/Q
                         net (fo=159, routed)         0.102     0.141    design_1_i/ImgGen_0/inst/Enemies_in[230]
    SLICE_X19Y55         LUT6 (Prop_H6LUT_SLICEM_I4_O)
                                                      0.023     0.164 r  design_1_i/ImgGen_0/inst/R[7]_INST_0_i_11/O
                         net (fo=1, routed)           0.240     0.404    design_1_i/ImgGen_0/inst/R[7]_INST_0_i_11_n_0
    SLICE_X23Y28         LUT6 (Prop_H6LUT_SLICEL_I0_O)
                                                      0.023     0.427 r  design_1_i/ImgGen_0/inst/R[7]_INST_0_i_3/O
                         net (fo=6, routed)           0.421     0.849    design_1_i/ImgGen_0/inst/R[7]_INST_0_i_3_n_0
    SLICE_X30Y10         LUT6 (Prop_G6LUT_SLICEL_I5_O)
                                                      0.022     0.871 r  design_1_i/ImgGen_0/inst/R[0]_INST_0/O
                         net (fo=2, routed)           0.256     1.127    design_1_i/HDMI_TX_0/U0/i_wrap/R[0]
    SLICE_X36Y6          FDRE                                         r  design_1_i/HDMI_TX_0/U0/i_wrap/TMDS_2/i_Enc/qD_reg[0]/D
  -------------------------------------------------------------------    -------------------

                         (clock clk25_design_1_clk_wiz_0_0 rise edge)
                                                      0.000     0.000 r  
    D7                                                0.000     0.000 r  clk_100mhz_clk_p (IN)
                         net (fo=0)                   0.100     0.100    design_1_i/clk_wiz_0/inst/clkin1_ibufds/I
    HPIOBDIFFINBUF_X0Y60 DIFFINBUF (Prop_DIFFINBUF_HPIOBDIFFINBUF_DIFF_IN_P_O)
                                                      0.400     0.500 r  design_1_i/clk_wiz_0/inst/clkin1_ibufds/DIFFINBUF_INST/O
                         net (fo=1, routed)           0.050     0.550    design_1_i/clk_wiz_0/inst/clkin1_ibufds/OUT
    D7                   IBUFCTRL (Prop_IBUFCTRL_HPIOB_M_I_O)
                                                      0.000     0.550 r  design_1_i/clk_wiz_0/inst/clkin1_ibufds/IBUFCTRL_INST/O
                         net (fo=1, routed)           0.222     0.772    design_1_i/clk_wiz_0/inst/clk_in1_design_1_clk_wiz_0_0
    MMCM_X0Y2            MMCME4_ADV (Prop_MMCM_CLKIN1_CLKOUT0)
                                                     -0.295     0.477 r  design_1_i/clk_wiz_0/inst/mmcme4_adv_inst/CLKOUT0
                         net (fo=1, routed)           0.165     0.642    design_1_i/clk_wiz_0/inst/clk25_design_1_clk_wiz_0_0
    BUFGCE_X0Y68         BUFGCE (Prop_BUFCE_BUFGCE_I_O)
                                                      0.019     0.661 r  design_1_i/clk_wiz_0/inst/clkout1_buf/O
    X0Y0 (CLOCK_ROOT)    net (fo=99, routed)          1.307     1.968    design_1_i/HDMI_TX_0/U0/i_wrap/pxClk
    SLICE_X36Y6          FDRE                                         r  design_1_i/HDMI_TX_0/U0/i_wrap/TMDS_2/i_Enc/qD_reg[0]/C





